category_slug,vendor,vendor_url,segment,consider_for,pricing_note,billing_terms,source_status,source_checked_on,pricing_source_url,documentation_url,vendor_confirmed
3pl-management-software,CartonCloud,https://cartoncloud.com/,smb,"3PLs that run both warehousing and their own delivery fleet, because warehouse and transport management are documented as one product rather than two integrated ones","No publicly readable rate card. The vendor's pricing page was password protected at the time of the check, returning a protected-page prompt rather than plan detail (checked Sep 2026)",Not recorded,source-checked,2026-09-20,,https://cartoncloud.com/warehouse-management-system/,no
3pl-management-software,Deposco,https://www.deposco.com/,enterprise,"3PLs whose commercial risk is client churn rather than warehouse throughput, because the client portal is built around proving service levels rather than displaying stock","Quote-based: no rate card, pricing page or entry tier is published, and the platform is quoted after a demo request (checked Sep 2026)",Not recorded,source-checked,2026-09-20,,https://www.deposco.com/solutions/3pl-client-portal/,no
3pl-management-software,Extensiv 3PL Warehouse Manager,https://www.extensiv.com/3pl-warehouse-manager,mid-market,"Third-party logistics operators whose billing problem is recurring storage: the product documents automated storage charge generation on monthly, semi-monthly or weekly billing periods","Quote-based: the vendor publishes no rate card and no pricing page for 3PL Warehouse Manager, and routes every enquiry through a demo request (checked Sep 2026)",Not recorded,source-checked,2026-09-20,,https://help.extensiv.com/understanding-recurring-storage-charges,no
3pl-management-software,Logiwa IO,https://www.logiwa.com/,mid-market,"Growing 3PLs that expect to give many staff and client users system access, because the commercial model is documented as volume-based rather than per seat","No rate card is published. The pricing page states that pricing is based on fulfilment volume and complexity rather than user count, with unlimited users included and no separate charge for core features or integrations (checked Sep 2026)",Subscription scaling with fulfilment volume and complexity; unlimited users stated as included,source-checked,2026-09-20,https://www.logiwa.com/pricing,,no
3pl-management-software,Mintsoft,https://www.mintsoft.co.uk/,smb,United Kingdom fulfilment houses that need client invoicing to land in a named accounting package rather than a spreadsheet export,"Quote-based: the path advertised as a pricing page serves the general product page, and the vendor routes enquiries to a demo or a downloadable brochure (checked Sep 2026)",Not recorded,source-checked,2026-09-20,,https://www.mintsoft.co.uk/warehouse-management-software/,no
3pl-management-software,Ramp Enterprise WMS,https://www.rampsystems.com/,mid-market,"3PLs whose client onboarding is gated by electronic data interchange work, since integration is sold as a companion product built for varied customer requirements","Quote-based: the vendor publishes no rate card, pricing page or entry tier, and directs enquiries to its team (checked Sep 2026)",Not recorded,source-checked,2026-09-20,,https://www.rampsystems.com/enterprise-wms/,no
3pl-management-software,Shipedge,https://www.shipedge.com/,mid-market,"Operators that want to read how the billing engine works before buying, because the vendor publishes an open documentation site covering charge categories, statements and disputes","Quote-based: the vendor publishes no rate card and no pricing page, and the previously advertised pricing path no longer resolves (checked Sep 2026)",Not recorded,source-checked,2026-09-20,,https://docs.shipedge.com/getting-started/overview/,no
3pl-management-software,ShipHero WMS for 3PLs,https://shiphero.com/,mid-market,"Fulfilment operators that want to size the software line of a business case before booking a demo, because the 3PL edition carries a published monthly starting rate","ShipHero's own warehouse operating system landing page publishes a starting rate of $2,145 USD a month for the WMS for 3PLs plan, against $1,995 a month for the Standard WMS for Brands plan; the Enterprise plan carries no figure (checked Sep 2026)","Monthly subscription, published as a starting rate per plan",source-checked,2026-09-20,https://get.shiphero.com/ecommerce-wms/,,no
3pl-management-software,SnapFulfil,https://snapfulfil.com/,mid-market,"Operators that want to see the exact list of billable events a system supports before evaluating it, since twelve 3PL charge types are published by name","Quote-based: no rate card or pricing page is published, and the vendor directs buyers to a free demonstration arranged by telephone or email (checked Sep 2026)",Not recorded,source-checked,2026-09-20,,https://snapfulfil.com/industry-sectors/third-party-logistics,no
3pl-warehouse-management-software,Cadre Technologies CadenceWMS,https://www.cadretech.com/,mid-market,"Third-party logistics operators across North America that need complete activity billing with value-added services and a client portal, as the Cadre 3PL WMS page documents","No figure is published. The WMS pricing page is a quote request form that names the commercial structure: core RF receiving, shipping, directed putaway, inventory, cycle counting and reporting, available on premise, cloud or subscription plans, with 3PL billing, kitting, pack station and box sizing, small parcel shipping and EDI or e-commerce integration as separate modules (checked Sep 2026)","On-premise, cloud or subscription plans with core functions licensed separately from optional modules",source-checked,2026-09-23,https://www.cadretech.com/wms-pricing,https://www.cadretech.com/solutions/3pl-wms-software,no
3pl-warehouse-management-software,Camelot 3PL Software Excalibur WMS,https://www.3plsoftware.com/,smb,"Third-party logistics, public warehouse, public refrigerated warehouse and packaging fulfilment operations that need multi-client billing and inventory, as the Camelot WMS solutions page documents","Express WMS starts at less than USD 500 a month with implementation included, billed as a monthly subscription with no large upfront investment, according to the Express WMS page. Excalibur WMS carries no published figure and routes to a contact form and discovery call (checked Sep 2026)","Express WMS: monthly subscription from under USD 500, implementation included. Excalibur WMS: not recorded",source-checked,2026-09-23,https://www.3plsoftware.com/solutions/camelot-3pl-software-express-wms,https://www.3plsoftware.com/solutions/wms,no
3pl-warehouse-management-software,CartonCloud,https://www.cartoncloud.com/,smb,"Scaling small and mid-market third-party logistics providers that run B2B pallet, e-commerce or combined warehouse and transport operations, as the CartonCloud 3PL platform page documents","Four usage-based tiers are published by name: Starter, Professional, Professional Plus and Enterprise. The bill has two independent parts, a package tier set by workflow complexity and a volume component that scales with throughput, and the vendor states pricing does not escalate per client licence. No amounts are published and the pricing page is password protected (checked Sep 2026)",Usage-based tiers billed on package tier plus throughput volume; quote issued after a discovery call,source-checked,2026-09-23,https://www.cartoncloud.com/resources/cartoncloud-reviews-pricing-and-alternatives-what-3pls-actually-want-to-know,https://www.cartoncloud.com/platform/3pl-software,no
3pl-warehouse-management-software,Datex Footprint WMS,https://www.datexcorp.com/,mid-market,"Growing third-party logistics providers and warehouse operators running multi-client, regulated operations whose workflows and billing rules change per contract, as the Footprint WMS page documents","No price is published. The pricing page is a contact and demo request form listing email, phone and address, with no rate card or tier list (checked Sep 2026)",Not recorded,source-checked,2026-09-23,https://www.datexcorp.com/pricing/,https://www.datexcorp.com/footprint-wms/,no
3pl-warehouse-management-software,Extensiv 3PL Warehouse Manager,https://www.extensiv.com/,mid-market,"Third-party logistics providers running omnichannel fulfilment for many brand clients who need billing, inventory and order flow in one cloud system, as the 3PL Warehouse Manager product page documents","No price is published. The product page routes to Request Demo and to a solution builder, and https://www.extensiv.com/pricing returns a 404 page (checked Sep 2026)",Not recorded,source-checked,2026-09-23,,https://www.extensiv.com/products/3pl-warehouse-manager,no
3pl-warehouse-management-software,InfoPlus,https://www.infopluscommerce.com/,mid-market,"Third-party logistics providers whose margin depends on capturing every billable activity and who handle food, frozen or other regulated stock, as the InfoPlus 3PL warehouse management page documents",No price is published. The pricing page carries no rate card and offers the first three months free against a scheduled conversation (checked Sep 2026),Not recorded,source-checked,2026-09-23,https://www.infopluscommerce.com/pricing,https://www.infopluscommerce.com/warehouse-management-system-for-3pls,no
3pl-warehouse-management-software,Made4net Synapse 3PLExpert,https://made4net.com/,mid-market,"Third-party logistics operators running several facilities that need granular client billing, value-added services and labour management in one system, as the Synapse 3PL warehouse management page documents","No price is published. The product page routes to Talk to an expert and Book a demo, and https://made4net.com/pricing returns a 404 page (checked Sep 2026)",Not recorded,source-checked,2026-09-23,,https://made4net.com/3pl-warehouse-management/,no
3pl-warehouse-management-software,Magaya Supply Chain,https://www.magaya.com/,mid-market,"Third-party logistics providers that combine warehousing with freight forwarding, consolidation, cross-docking and distribution and want one system across both, as the Magaya WMS page documents",No price is published. https://www.magaya.com/pricing returns a 404 page and the 3PL and WMS product pages route to Book a demo (checked Sep 2026),Not recorded,source-checked,2026-09-23,,https://www.magaya.com/magaya-wms/,no
3pl-warehouse-management-software,Royal 4 Systems WISE 3PL System,https://www.royal4.com/,mid-market,"Third-party logistics operators running multi-customer, multi-SKU warehouses, including freezer and dry goods in the same site, that need granular value-added services billing, as the WISE 3PL System page documents","No price is published. https://www.royal4.com/pricing/ resolves to a solutions overview with no rate card, and the 3PL page routes to Request a Consultation and an ROI calculator (checked Sep 2026)",Not recorded,source-checked,2026-09-23,https://www.royal4.com/pricing/,https://www.royal4.com/3pl-software/3pl-system/,no
3pl-warehouse-management-software,SnapFulfil,https://snapfulfil.com/,mid-market,"Third-party logistics providers with variable volumes that need a configurable cloud warehouse system and granular client charging, as the SnapFulfil third-party logistics page documents",No price is published and the site has no pricing page. The product page states capital expenditure and leasing options alongside the subscription and that extra users are paid for only when needed (checked Sep 2026),Subscription with stated capex and leasing alternatives; additional users charged only while in use,source-checked,2026-09-23,,https://snapfulfil.com/industry-sectors/third-party-logistics,no
account-reconciliation-software,AutoRek,https://www.autorek.com/,specialist,"Regulated financial institutions such as payment firms, insurers and investment firms that need reconciliation tied to safeguarding, CASS and other regulatory controls",Quote-based; no public price list (checked Sep 2026),Not recorded,source-checked,2026-09-20,,https://www.autorek.com/,no
account-reconciliation-software,BlackLine,https://www.blackline.com/,enterprise,"Mid-sized and large accounting teams that want standardised balance sheet reconciliation templates, high-volume transaction matching and the option to reconcile daily rather than only at month end",Quote-based; the reconciliation product pages route buyers to a demo request and show no price (checked Sep 2026),Not recorded,source-checked,2026-09-20,,https://www.blackline.com/solutions/financial-close-management/transaction-matching/,no
account-reconciliation-software,Duco,https://du.co/,specialist,"Banks, asset managers and other financial markets firms that need to reconcile structured and unstructured trade, position, cash and regulatory reporting data without code",Quote-based SaaS; no public price list (checked Sep 2026),Not recorded,source-checked,2026-09-20,,https://du.co/product/reconciliation/,no
account-reconciliation-software,FloQast,https://floqast.com/,mid-market,"Accounting teams that want reconciliation, close checklist and AI transaction matching under package pricing that the vendor says carries no per-user fees",Quote-based packages; the pricing page states no per-user fees and lists Close Optimization and Close Automation packages without prices (checked Sep 2026),Not recorded,source-checked,2026-09-20,https://floqast.com/pricing/,,no
account-reconciliation-software,HighRadius Account Reconciliation,https://www.highradius.com/,enterprise,"Mid-sized and large companies, often already using HighRadius for order-to-cash, that want AI agents to handle transaction matching, prepaid schedules and intercompany AR and AP matching",Quote-based annual subscription; the pricing page describes SaaS subscription pricing without figures (checked Sep 2026),Annual subscription (per pricing page); amounts not published,source-checked,2026-09-20,https://www.highradius.com/pricing/,,no
account-reconciliation-software,Numeric,https://www.numeric.io/,smb,"Growing and venture-backed accounting teams on QuickBooks, Xero or NetSuite that want close management, auto-reconciliation and flux analysis with a published entry price",Essentials from $30 per user a month; Growth and Enterprise tiers are listed without prices (checked Sep 2026),Per user per month (Essentials); other tiers not published,source-checked,2026-09-20,https://www.numeric.io/pricing,,no
account-reconciliation-software,Oracle Cloud EPM Account Reconciliation,https://www.oracle.com/performance-management/account-reconciliation/,enterprise,"Organisations already using or evaluating Oracle Cloud EPM that want reconciliation compliance, and optionally transaction matching, with a published per-user list price",Oracle price list: EPM Standard Cloud Service $250 per hosted named user a month (minimum 10); EPM Enterprise Cloud Service $500 per hosted named user a month (minimum 25); standard term three years (checked Sep 2026),Monthly subscription price; standard term three years,source-checked,2026-09-20,https://www.oracle.com/a/ocom/docs/corporate/pricing/oracle-fusion-cloud-global-price-list.pdf,https://docs.oracle.com/en/cloud/saas/enterprise-performance-management-common/cgsad/epm_cloud_subscription_mapping_for_arcs.html,no
account-reconciliation-software,ReconArt,https://www.reconart.com/,specialist,"Banks, payment firms, insurers and high-volume retailers that need transaction matching and balance sheet certification on one platform, with on-premise, private cloud or SaaS deployment","Quote-based; the vendor states fixed licensing where volume does not change the cost, but publishes no figures (checked Sep 2026)",Not recorded,source-checked,2026-09-20,,https://www.reconart.com/enterprise-edition/,no
account-reconciliation-software,SolveXia,https://www.solvexia.com/,mid-market,"Finance teams with many data sources, such as payment gateways, point of sale and banks, that want no-code reconciliation alongside other finance data automation",Quote-based; the pricing page is a demo request form with no figures (checked Sep 2026),Not recorded,source-checked,2026-09-20,https://www.solvexia.com/pricing,,no
account-reconciliation-software,Trintech (Cadency and Adra),https://www.trintech.com/,enterprise,Organisations that want one reconciliation vendor with two product lines: Cadency for large enterprises and Adra for mid-sized teams that want a quicker implementation,Quote-based; the Cadency and Adra product pages show no price (checked Sep 2026),Not recorded,source-checked,2026-09-20,,https://www.trintech.com/adra/,no
accounting-software,Acumatica,https://www.acumatica.com/,mid-market,Mid-market firms with many occasional system users,Quote-based (checked Sep 2026),"Not published; cost set by applications used, business usage/resources, and deployment license",source-checked,2026-09-08,https://www.acumatica.com/pricing/,,no
accounting-software,Akaunting,https://akaunting.com/,open-source,Small firms wanting self-hosted books and data control,Free self-hosted; cloud from $8/mo billed annually (checked Sep 2026),Monthly also available at $12/mo; annual billing is 4 months free (list annual price $8/mo),source-checked,2026-09-08,https://akaunting.com/pricing,,no
accounting-software,ERPNext,https://frappe.io/erpnext,open-source,Technical teams wanting open-source ERP accounting,Free and open source self-hosted; hosted from $5/mo (checked Sep 2026),"Monthly starting price on Frappe Cloud Sites plan; rises with resources consumed, not per-user",source-checked,2026-09-08,https://frappe.io/erpnext/pricing,,no
accounting-software,FreshBooks,https://www.freshbooks.com/,smb,Freelancers and service firms billing by time,From $23/mo (checked Sep 2026),"Monthly, 90% off first 3 months currently promoted; annual billing takes a further 10% off",source-checked,2026-09-08,https://www.freshbooks.com/pricing,,no
accounting-software,Microsoft Dynamics 365 Finance,https://www.microsoft.com/en-us/dynamics-365/products/finance,enterprise,Enterprises standardising on the Microsoft stack,From $210/user/mo billed annually (checked Sep 2026),"Billed annually; Premium tier at $300/user/mo includes 1,000 Copilot Credits/user/mo",source-checked,2026-09-08,https://www.microsoft.com/en-us/dynamics-365/products/finance/pricing,,no
accounting-software,QuickBooks Online,https://quickbooks.intuit.com/,smb,US small businesses that want accountant familiarity,From $38/mo (checked Sep 2026),"Monthly billing, no annual contract, cancel anytime; 50% off first 3 months currently promoted",source-checked,2026-09-08,https://quickbooks.intuit.com/pricing/,,no
accounting-software,Wave,https://www.waveapps.com/,smb,Micro-businesses and side ventures on no budget,Free tier; paid from $19/mo (checked Sep 2026),Monthly; Pro plan currently promoted at $9.50/mo for first 3 months; annual Pro billing available at $190/yr,source-checked,2026-09-08,https://www.waveapps.com/pricing,,no
accounting-software,Workday Financial Management,https://www.workday.com/,enterprise,Large services organisations unifying finance and HR,Quote-based (checked Sep 2026),Not disclosed; page directs prospective buyers to contact sales,source-checked,2026-09-08,,https://www.workday.com/en-us/products/financial-management/overview.html,no
accounting-software,Xero,https://www.xero.com/us/,smb,Growing businesses wanting unlimited-user pricing,From $25/mo (checked Sep 2026),"Monthly, auto-renews until cancelled; 90% off first 6 months promoted for signups before Sep 30, 2026",source-checked,2026-09-08,https://www.xero.com/us/pricing/,,no
accounting-software,Zoho Books,https://www.zoho.com/us/books/,smb,Cost-conscious businesses already using Zoho apps,Free tier; paid from $20/mo (checked Sep 2026),Monthly listed; annual billing discounts each tier (e.g. Standard $15/mo annually vs $20/mo monthly),source-checked,2026-09-08,https://www.zoho.com/us/books/pricing/,,no
accounts-receivable-automation-software,Billtrust,https://www.billtrust.com/,enterprise,"Suppliers that lose days to delivering invoices into customer accounts payable portals, since Billtrust states it delivers across email, print, mail and more than 260 such portals without logins","Quote-based. Billtrust publishes no price list and the /pricing path returns a 404; the platform page routes to a demo request. Because Billtrust also acts as a payment facilitator, the card and ACH economics are a separate commercial line from the software subscription (checked Sep 2026)",Not recorded,source-checked,2026-09-23,,https://www.billtrust.com/products/accounts-receivable-collections-software,no
accounts-receivable-automation-software,Emagia,https://www.emagia.com/,enterprise,"Receivables teams whose overdue ledger is larger than the number of accounts their collectors can phone, since Emagia's Gia Collect automates the outbound call itself rather than the reminder email","Quote-based. Emagia publishes no price list; the /pricing path resolves to a glossary article about pricing deduction research, not a price page, and product routes lead to a demo request. Because the collections agent places calls, telephony and usage terms should be quoted explicitly (checked Sep 2026)",Not recorded,source-checked,2026-09-23,,https://www.emagia.com/,no
accounts-receivable-automation-software,Esker,https://www.esker.com/,enterprise,"Finance teams invoicing across several countries, since Esker builds compliant invoice delivery into the receivables suite rather than treating local mandates as a separate project","Quote-based. Esker publishes no price on the accounts receivable suite pages and routes buyers to a demo or contact form. Cost is likely to depend on which of the six modules are in scope, invoice volume and the number of countries covered, so the quote should name all three (checked Sep 2026)",Not recorded,source-checked,2026-09-23,,https://www.esker.com/solutions/order-to-cash/accounts-receivable/,no
accounts-receivable-automation-software,Kolleno,https://www.kolleno.com/,mid-market,"Finance teams that want to see a published figure and a stated turnover band before booking a demo, since Kolleno lists two priced tiers and two custom tiers against revenue thresholds","Business Pay is listed at 650 US dollars per user per month, or 545 on annual billing, for companies above 1 million dollars turnover. Business Plus is 1,245, or 995 annually, above 10 million. Enterprise and Enterprise Plus are custom, aimed above 100 million and at 1 billion. Each figure carries an asterisk the page does not explain (checked Sep 2026)","Per user per month, with a discounted annual option on the two published tiers and custom pricing above them",source-checked,2026-09-23,https://www.kolleno.com/pricing,,no
accounts-receivable-automation-software,Paidnice,https://paidnice.com/,smb,"Small and mid-sized businesses running Xero or QuickBooks that want a consistent chasing, statement and late fee policy without replacing the accounting system","Essentials is 69 US dollars a month for 150 invoices and 600 emails with up to two team members. Pro is 99 a month for 300 invoices and 1,200 emails with unlimited users. Custom starts at 999 a month for high volumes, custom ERP integrations and an invoice API. Each extra entity adds 29 dollars a month, SMS reminders cost about 0.10 dollars each by region, and plans bill monthly after a free trial, excluding tax (checked Sep 2026)","Billed monthly with a free trial and cancellation at any time; metered on invoices and emails a month, with per-entity and per-SMS add-ons",source-checked,2026-09-23,https://paidnice.com/pricing,,no
accounts-receivable-automation-software,Paystand,https://www.paystand.com/,mid-market,"Businesses whose receivables cost is dominated by payment processing rather than staff time, since Paystand sells a flat monthly subscription and states that transfers across its own network carry no transaction fee","Flat monthly subscription. Paystand states that its model is subscription-based rather than transaction-based, that bank-to-bank transfers across the Paystand network carry zero transaction fees, and that legacy methods including cards, digital check, ACH and EFT are accepted at pre-negotiated wholesale rates. No monthly figure, band or minimum is published (checked Sep 2026)","Flat monthly rate for the platform, with zero transaction fees stated for network transfers and wholesale rates for card and ACH acceptance",source-checked,2026-09-23,https://www.paystand.com/pricing,,no
accounts-receivable-automation-software,Satago,https://www.satago.com/,smb,"Smaller UK businesses that want customer credit risk, automated chasing and access to invoice finance from one platform connected to their accounting software","Basic is 45 pounds a month or 450 annually, with 25 credit reports and 100 email reminders per rolling 30 days. Premium is 80 a month or 800 annually, with 100 credit reports, unlimited email reminders, 100 SMS reminders and card and buy-now-pay-later acceptance. Platinum is 200 a month or 2,000 annually, with unlimited credit reports subject to fair usage and 1,000 SMS reminders. Accountant plans run from 50 to 200 pounds a month by client count (checked Sep 2026)","Per month or annually per plan, with credit report, email and SMS allowances counted per rolling 30 days; invoice finance is charged separately",source-checked,2026-09-23,https://www.satago.com/pricing/,,no
accounts-receivable-automation-software,Serrala,https://www.serrala.com/,enterprise,"Organisations running SAP that need collections and dispute automation to sit inside their existing landscape, since Serrala offers an SAP-embedded deployment alongside the cloud product","Quote-based. Serrala publishes no price list and the /pricing path returns a 404. The commercial routes on the collections pages lead to a demo request. Because the platform spans receivables, payables and payments, the quote should state which modules are in scope (checked Sep 2026)",Not recorded,source-checked,2026-09-23,,https://www.serrala.com/ar-automation/cash-application,no
accounts-receivable-automation-software,Sidetrade,https://www.sidetrade.com/,enterprise,"Organisations that already run credit, collections and cash application as separate processes and want them executed from one order-to-cash data model, which is how Sidetrade describes its modular app suite","Quote-based. Sidetrade publishes no price list, band or meter anywhere on its site, and every commercial path on the product pages leads to a demo request or a datasheet download (checked Sep 2026)",Not recorded,source-checked,2026-09-23,,https://www.sidetrade.com/o2c-apps/,no
accounts-receivable-automation-software,Versapay,https://www.versapay.com/,mid-market,"Mid-sized business-to-business companies whose customers expect to view, pay and query invoices online, since Versapay builds collections and cash application around that customer portal","Quote-based. Versapay publishes no price list and the /pricing path returns a 404. The demo page offers a 15-minute call and self-guided interactive tours. Payments are processed through Versapay, so card and ACH acceptance fees need to be quoted alongside the subscription (checked Sep 2026)",Not recorded,source-checked,2026-09-23,,https://www.versapay.com/request-a-demo,no
accounts-receivable-software,Billtrust,https://www.billtrust.com/,enterprise,"B2B suppliers with high invoice volumes that want invoicing, payments, credit, collections and cash application on one platform tied to a large buyer payment network",No public price list; demo and quote on request (checked Sep 2026),Not recorded,source-checked,2026-09-19,,https://www.billtrust.com/,no
accounts-receivable-software,Chaser,https://www.chaserhq.com/,smb,Small and mid-sized businesses and accounting firms that want automated invoice chasing and receivables forecasting on a published monthly plan,"UK: Compact £199, Core £599, Complete £899 per month billed monthly; US: US$259, US$779, US$1,169 per month; 10% off on yearly billing; Custom plan above £100M revenue (checked Sep 2026)",Monthly or yearly (10% saving on yearly),source-checked,2026-09-19,https://www.chaserhq.com/pricing,,no
accounts-receivable-software,Esker,https://www.esker.com/,enterprise,"Global and multi-country organisations that want an invoice-to-cash suite covering credit, compliant invoice delivery, payments, cash application, deductions and collections",No public price list; quote on request (checked Sep 2026),Not recorded,source-checked,2026-09-19,,https://www.esker.com/solutions/order-to-cash/accounts-receivable/,no
accounts-receivable-software,Gaviti,https://www.gaviti.com/,mid-market,"Mid-sized B2B companies that want credit, collections, disputes, cash application and a customer payment portal without per-user fees and without changing ERP","Custom quote based on usage and invoice volume, not per user; unlimited users, workflows and permission profiles included (checked Sep 2026)",Not recorded,source-checked,2026-09-19,https://www.gaviti.com/pricing/,,no
accounts-receivable-software,HighRadius,https://www.highradius.com/,enterprise,"Enterprise and mid-market finance teams on SAP, Oracle, NetSuite, Dynamics or Workday that want collections, cash application, deductions, credit, payments and AR forecasting in one agent-driven suite","No public price list; annual subscription with modules priced to the features used, by quote (checked Sep 2026)",Annual subscription,source-checked,2026-09-19,https://www.highradius.com/pricing/,https://www.highradius.com/product/accounts-receivable-automation/,no
accounts-receivable-software,Invoiced,https://www.invoiced.com/,mid-market,"Mid- to large-sized B2B businesses that want AR automation with global payments built in, including direct debit schemes such as ACH, SEPA and Bacs",No public price list; the pricing URL leads to the product overview with a request for contact (checked Sep 2026),Not recorded,source-checked,2026-09-19,https://www.invoiced.com/pricing,https://www.invoiced.com/,no
accounts-receivable-software,Quadient AR,https://www.quadient.com/en/ar-automation,mid-market,"Companies that send a mix of print and digital invoices and reminders and want collections, disputes, payments and cash application in one AR product",No public price list; free demo on request (checked Sep 2026),Not recorded,source-checked,2026-09-19,,https://www.quadient.com/en/ar-automation,no
accounts-receivable-software,Tesorio,https://www.tesorio.com/,mid-market,"B2B software and services companies that want AI agents for collections, cash application, AR forecasting and supplier portal invoice submission",No public price list; the pricing URL leads to a request to speak with the team (checked Sep 2026),Not recorded,source-checked,2026-09-19,https://www.tesorio.com/pricing,,no
accounts-receivable-software,Upflow,https://www.upflow.io/,mid-market,"B2B companies with US$10 million to over US$100 million in annual invoiced revenue that want collections, customer payment portals and cash application priced by revenue band with unlimited seats","Quote-based across five plans set by annual invoiced revenue: Starter up to US$10M, Grow up to US$25M, Scale up to US$50M, Accelerate up to US$100M, Enterprise over US$100M; unlimited user seats on every plan (checked Sep 2026)",Not recorded,source-checked,2026-09-19,https://www.upflow.io/pricing,,no
accounts-receivable-software,Versapay,https://www.versapay.com/,mid-market,"Mid-sized B2B companies that want a customer-facing invoice and payment portal combined with collections management, cash application and integrated payment processing","No public price list; demo and quote on request, with a self-guided interactive tour available (checked Sep 2026)",Not recorded,source-checked,2026-09-19,,https://www.versapay.com/request-a-demo,no
ai-call-center-software,8x8 Contact Center,https://www.8x8.com/products/contact-center,mid-market,"Organizations that want contact center, business phone and communications APIs from one provider, with AI self-service and agent assistance built into the agent workspace",Quote-based; the plans and pricing page lists capabilities but no contact center prices (checked Sep 2026),Not recorded,source-checked,2026-09-19,https://www.8x8.com/products/plans-and-pricing,,no
ai-call-center-software,Amazon Connect,https://aws.amazon.com/connect/,enterprise,"Organizations already on AWS that want a pay-per-use contact center with agentic self-service, agent assist and forecasting, without seat licenses","Amazon Connect Customer: voice US$0.038 per minute plus standard telephony rates, chat US$0.010 per message, email US$0.080 per email, SMS and third-party messaging US$0.014 per message; rates vary by region (checked Sep 2026)",Pay per use; no minimums or long-term contracts,source-checked,2026-09-19,https://aws.amazon.com/connect/pricing/,,no
ai-call-center-software,Five9,https://www.five9.com/,enterprise,"Contact centers of 50 seats or more that want blended inbound and outbound voice and digital channels with AI summaries, transcription and agent assist bundled per seat","Digital US$119 and Core US$159 per seat per month; Plus, Pro and Enterprise by quote; prices per concurrent user, usage-based pricing may apply, minimum 50 seats (checked Sep 2026)",Monthly per concurrent seat; minimum 50 seats,source-checked,2026-09-19,https://www.five9.com/pricing,,no
ai-call-center-software,Genesys Cloud CX,https://www.genesys.com/genesys-cloud,enterprise,"Mid-sized and large contact centers that want voice, digital channels, workforce engagement and AI copilots on one platform, with four published per-user tiers","Genesys Cloud CX 1 US$75, CX 2 US$115, CX 3 US$155 and CX 4 US$240 per user per month; certain AI features consume AI Experience tokens, with 250 named or 350 concurrent tokens per organization per month included (checked Sep 2026)",Per user per month; AI Experience tokens by quantity,source-checked,2026-09-19,https://www.genesys.com/pricing,,no
ai-call-center-software,NICE CXone Mpower,https://www.nice.com/,enterprise,"Contact centers that want an all-in-one CCaaS platform with usage-based tiers, monthly billing in arrears and industry packages for banking, insurance, healthcare and government","Omnichannel Suite US$110, Essential Suite US$135, Core Suite US$169 and Complete Suite US$209 per agent per month; Ultimate Suite US$249 per agent per month plus US$0.25 per session (checked Sep 2026)","Monthly billing in arrears, no prepay",source-checked,2026-09-19,https://www.nice.com/pricing,,no
ai-call-center-software,RingCentral RingCX,https://www.ringcentral.com/ringcx.html,mid-market,"Small and mid-sized contact centers, especially existing RingCentral RingEX customers, that want voice and 20+ digital channels with AI quality management and agent assist at published prices","Standard US$65 (US$75 monthly), Professional US$95 (US$110 monthly) and Elite US$145 (US$165 monthly) per user per month billed annually; Enterprise Contact Center by quote (checked Sep 2026)",Annual or monthly per user; Enterprise by quote,source-checked,2026-09-19,https://www.ringcentral.com/pricing/contact-center.html,,no
ai-call-center-software,Talkdesk,https://www.talkdesk.com/,mid-market,"Contact centers that want per-user plans for voice or digital engagement, with AI agents, a real-time agent copilot and industry-specific editions","Digital Essentials US$85, Voice Essentials US$105, Elite US$165 and Industry Experience Clouds US$225 per user per month; Talkdesk Express for US and Canadian businesses under 50 employees with no contract (checked Sep 2026)",Per user per month; Express has no commitment or contract,source-checked,2026-09-19,https://www.talkdesk.com/pricing/,,no
ai-call-center-software,Zoom Contact Center,https://www.zoom.com/en/products/contact-center/,mid-market,"Organizations already using Zoom that want an omnichannel contact center with video, AI conversation summaries and optional virtual agent and AI Expert Assist add-ons","Three plans, Essentials, Premium and Elite; per-agent prices were not rendered in the fetched pricing page, so pricing is treated as quote-based; channel usage rates apply (checked Sep 2026)",Not recorded,source-checked,2026-09-19,https://zoom.us/pricing/zoom-contact-center,,no
ai-chatbots,Ada,https://www.ada.cx/,enterprise,"Regulated enterprises automating voice, chat and email together",Quote-based (checked Sep 2026),Not recorded,source-checked,2026-09-11,https://www.ada.cx/pricing,https://www.ada.cx/,no
ai-chatbots,Chatbase,https://www.chatbase.co/,specialist,Building a custom support or sales agent without engineering,Free tier; paid from $40/mo (checked Sep 2026),Not recorded,source-checked,2026-09-11,https://www.chatbase.co/pricing,https://www.chatbase.co/,no
ai-chatbots,Crisp,https://crisp.chat/en/,smb,Small teams wanting flat pricing regardless of conversation volume,Free tier; paid from $45/mo per workspace (checked Sep 2026),Not recorded,source-checked,2026-09-11,https://crisp.chat/en/pricing/,https://crisp.chat/en/,no
ai-chatbots,Freshdesk,https://www.freshworks.com/freshdesk/,mid-market,Mid-market support teams needing predictable per-agent pricing,From $19/user/mo billed annually (checked Sep 2026),billed annually,source-checked,2026-09-11,https://www.freshworks.com/freshdesk/pricing/,https://www.freshworks.com/freshdesk/,no
ai-chatbots,HubSpot Service Hub,https://www.hubspot.com/products/service,mid-market,Teams already running HubSpot CRM for marketing and sales,Free tier; paid from $7/user/mo billed annually (checked Sep 2026),billed annually,source-checked,2026-09-11,https://www.hubspot.com/pricing/service,https://www.hubspot.com/products/service,no
ai-chatbots,Intercom Fin,https://www.intercom.com/,enterprise,Support teams wanting AI and helpdesk in one system,$0.99 per Fin resolution; platform seats from $29/mo (checked Sep 2026),Not recorded,source-checked,2026-09-11,https://www.intercom.com/pricing,https://www.intercom.com/,no
ai-chatbots,Tidio,https://www.tidio.com/,smb,Ecommerce and small teams starting with affordable AI support,Free tier; paid from $24.17/mo (checked Sep 2026),Not recorded,source-checked,2026-09-11,https://www.tidio.com/pricing/,https://www.tidio.com/,no
ai-chatbots,Zendesk AI Agents,https://www.zendesk.com/,enterprise,Established service organisations already standardised on Zendesk,From $55/user/mo billed annually (checked Sep 2026),billed annually,source-checked,2026-09-11,https://www.zendesk.com/pricing/,https://www.zendesk.com/,no
ai-chatbots,Zowie,https://www.getzowie.com/,specialist,Regulated brands needing deterministic control over agent actions,Quote-based (checked Sep 2026),Not recorded,source-checked,2026-09-11,,https://www.getzowie.com/,no
ai-contact-center-platforms,Balto,https://www.balto.ai/,mid-market,"Contact centres that want real-time guidance, automated quality scoring and compliance monitoring bundled in one licence rather than bought as modules",No rate card published; the vendor states the capability set is bundled in one simple licence and routes buyers to a demo request (checked Sep 2026),Single bundled licence per the vendor's description; no figure published,source-checked,2026-09-20,,https://www.balto.ai/contact-center-ai-software/,no
ai-contact-center-platforms,Cresta,https://cresta.com/,enterprise,"Large contact centres adding real-time guidance and automation over an existing platform, where published named-customer accounts matter to the business case","No rate card published; the platform is quoted after a demo request, and the vendor presents named customer case studies in place of pricing (checked Sep 2026)",Not recorded,source-checked,2026-09-20,,https://cresta.com/product/agent-assist/,no
ai-contact-center-platforms,Dialpad,https://www.dialpad.com/,mid-market,"Teams that want AI automation charged by the work it completes rather than by the seat, and that can start from one or two high-volume workflows","Dialpad prices its AI Agent product by conversation rather than by seat. The buyer purchases a pool of AI Agent Credits, and the vendor states that credits are consumed only when the AI retrieves information or executes a real action such as scheduling, routing or an order lookup, and that no charge applies when no work is done. No credit rate is published (checked Sep 2026)",Prepurchased AI Agent Credit pool drawn down per billable conversation; the credit rate is not published,source-checked,2026-09-20,https://www.dialpad.com/pricing/,,no
ai-contact-center-platforms,Five9,https://www.five9.com/,enterprise,Contact centres that want a published per-seat entry price and want to choose how much AI sits in the bundle rather than accept a fixed one,"Five9 publishes two of its five bundles on the pricing page: Digital at $119 monthly per seat and Core at $159 monthly per seat, both in USD. The Plus, Pro and Enterprise bundles are listed as Contact Sales for flexible pricing (checked Sep 2026)",Monthly per seat in USD for the two published bundles; the three upper bundles are quoted,source-checked,2026-09-20,https://www.five9.com/pricing,,no
ai-contact-center-platforms,Gnani AI,https://www.gnani.ai/,enterprise,"Enterprises running high-volume telephony in Indic and other non-English languages, where model accuracy on noisy real-world call audio decides the deployment","No rate card published; the pricing page is a demo booking form, and the vendor routes enterprise buyers to a sales conversation (checked Sep 2026)",Not recorded,source-checked,2026-09-20,https://www.gnani.ai/pricing/,,no
ai-contact-center-platforms,Level AI,https://thelevel.ai/,mid-market,Quality and CX operations teams that want scoring of every interaction and virtual agents on one platform rather than from two vendors,No rate card published; the product is quoted after a demo request (checked Sep 2026),Not recorded,source-checked,2026-09-20,,https://thelevel.ai/,no
ai-contact-center-platforms,NiCE CXone Mpower,https://www.nice.com/products/cxone,enterprise,Buyers who need to model cost across several tiers before a sales conversation and want billing terms stated in writing,"NiCE publishes a five-tier rate card per agent per month: Omnichannel Suite $110, Essential Suite $135, Core Suite $169, Complete Suite $209 and Ultimate Suite $249 with an additional $0.25 per session element. The vendor states monthly billing in arrears, no prepay and no surprise charges, on a usage-based tiered model (checked Sep 2026)","Per agent per month, billed monthly in arrears with no prepay; the Ultimate Suite adds a stated per-session charge",source-checked,2026-09-20,https://www.nice.com/pricing,,no
ai-contact-center-platforms,Observe.AI,https://www.observe.ai/,enterprise,"Contact centres that want to test and gate AI agents before release, and that treat simulation and regression testing as a procurement requirement",No rate card published; the vendor routes buyers to a sales conversation or a demo and presents options by problem rather than by price (checked Sep 2026),Not recorded,source-checked,2026-09-20,,https://www.observe.ai/platform/agent-platform,no
ai-contact-center-platforms,Talkdesk,https://www.talkdesk.com/,enterprise,Teams that want the AI functions priced and adopted as separate named products rather than absorbed into a platform tier,"Talkdesk publishes $85 USD per user per month for Digital Essentials. Voice Essentials, Elite and the Industry Experience Clouds are listed per user per month without a figure. A Talkdesk Express offer for United States and Canada businesses under 50 employees includes 25 licences and $100 in free credit with no commitment or contract (checked Sep 2026)",Per user per month; Talkdesk Express is stated to carry no commitment or contract,source-checked,2026-09-20,https://www.talkdesk.com/pricing/,,no
ai-contact-center-platforms,Twilio Flex,https://www.twilio.com/en-us/flex,specialist,"Engineering-led teams embedding contact centre capability into applications they already run, rather than migrating onto a packaged platform","Twilio publishes three models for Flex, stated as current as of August 2026: $35 per monthly active user on an existing Twilio account plus metered usage, a named-user per-month model for predictable spend, and an active-user-hour model. Agent Copilot is charged separately at $0.035 per minute for voice and $0.005 per message for digital, marked as public beta pricing subject to change. New Flex accounts get 5,000 free active user hours (checked Sep 2026)","Choice of per monthly active user plus metered usage, per named user per month, or per active user hour; Agent Copilot metered per minute and per message on top",source-checked,2026-09-20,https://www.twilio.com/en-us/flex/pricing,,no
ai-customer-service-software,Decagon,https://decagon.ai/,enterprise,"Enterprise customer experience teams that want one AI agent across chat, voice and email, with workflows written in natural language, as Decagon describes",Decagon does not publish prices. Buyers request a demo and receive a quote (recorded Sep 2026),Not recorded,source-review-needed,,,,no
ai-customer-service-software,eesel AI,https://www.eesel.ai/,specialist,"Support teams that want an AI agent on their current help desk with no seat or platform fee, as eesel AI documents on its pricing page","eesel AI charges per task. A support ticket or chat session is one regular task at $0.40, however many messages it contains. Dashboard questions are free and blog drafts cost $4.00. There is no platform fee, monthly minimum or commitment. New accounts receive $50 of free usage, and a monthly usage limit, $250 by default, pauses agents when reached (checked Sep 2026)","Monthly in arrears by usage, with a buyer-set spending limit",source-checked,2026-09-22,https://www.eesel.ai/pricing,,no
ai-customer-service-software,Forethought,https://forethought.ai/,specialist,"Support organizations that keep their current help desk and want AI agents trained on past tickets and help center content, as Forethought describes","Forethought publishes three tiers, Team, Professional and Enterprise, without list prices, and titles the page outcome-based pricing. Team includes AI agents for chat and mobile, Autoflows, custom actions and ticket triage models. Professional adds AI agents for email, voice and Slack and multi-brand management. Enterprise adds the Solve API, knowledge gap detection and an analytics API (checked Sep 2026)",Not recorded,source-checked,2026-09-22,https://forethought.ai/pricing,,no
ai-customer-service-software,Front,https://front.com/,mid-market,"Customer operations teams that work across email, chat and SMS and want AI on top of a collaborative inbox, as Front documents on its plans page","Front lists Starter at $25 per seat per month for up to 10 seats, Professional at $65 for up to 50 seats and Enterprise at $105. AI features are add-ons: the pricing page lists a usage charge of $0.05 per conversation and seat add-ons at $10 and $20 per seat per month, included in Enterprise. Contracts over $25,000 require an onboarding package. A 14-day free trial covers Professional features (checked Sep 2026)",Per seat per month; AI add-ons per conversation or per seat,source-checked,2026-09-22,https://front.com/pricing,https://www.frontapp.com/startups,no
ai-customer-service-software,Gorgias,https://www.gorgias.com/,smb,"Ecommerce brands, especially on Shopify, that want support and an AI agent priced by ticket volume, as Gorgias documents in its plan guide","Gorgias prices by billable tickets, not per agent. Its plan guide lists Starter at $10 a month for 50 tickets, Basic at $60 for 300, Pro at $360 for 2,000 and Advanced at $900 for 5,000, with Enterprise quoted. Annual billing is discounted. The AI Agent is available on every plan and is charged only when it resolves a conversation. Voice and SMS are paid add-ons priced by volume (checked Sep 2026)","Monthly or annual, by ticket volume; AI Agent per resolved conversation",source-checked,2026-09-22,https://www.gorgias.com/pricing,https://www.gorgias.com/blog/gorgias-plan,no
ai-customer-service-software,Help Scout,https://www.helpscout.com/,smb,"Growing support teams that want a shared inbox, knowledge base and a pay-per-resolution AI agent, as Help Scout documents on its pricing page","The pricing page displays Standard at $25, Plus at $45 and Pro at $75 per user per month and offers a 16% discount for annual billing; buyers should confirm which billing cycle a quote uses. A Free plan covers 5 users, 1 inbox and 1 Docs site. AI Answers, the customer-facing AI agent, costs $0.75 per resolution billed monthly, with a three-month free trial and pre-paid discounts (checked Sep 2026)","Per user per month, monthly or annual; AI Answers per resolution, billed monthly",source-checked,2026-09-22,https://www.helpscout.com/pricing/,https://docs.helpscout.com/article/596-billing-and-plans-guide,no
ai-customer-service-software,Hiver,https://hiverhq.com/,mid-market,"Support and operations teams that manage shared inboxes and want AI agents and a copilot from the entry plan, as Hiver documents for Hiver Omni","Hiver Omni Growth costs $25 per user per month billed annually or $35 monthly. Pro costs $55 or $65 and adds a customer portal, SLAs, CSAT surveys and API access. Elite costs $85 or $95 and adds AI QA, AI Insights and skill-based routing. Voice is an add-on on every plan (checked Sep 2026)","Per user per month, annual or monthly",source-checked,2026-09-22,https://hiverhq.com/pricing,,no
ai-customer-service-software,Kustomer,https://www.kustomer.com/,mid-market,"Consumer brands that want support organized around a customer record and timeline, with AI agents for customers and representatives, as Kustomer describes",Kustomer's pricing page did not show readable plan prices when checked. Buyers request an estimate from sales (recorded Sep 2026),Not recorded,source-review-needed,,,,no
ai-customer-service-software,Salesforce Agentforce for Service,https://www.salesforce.com/agentforce/,enterprise,"Enterprises that run customer service on Salesforce and want customer-facing and employee-facing AI agents on the same data, as Salesforce documents for Service Cloud and Agentforce","Service Cloud Core lists at $195 and Advanced at $395 per user per month, billed annually. Max, which adds contact center, workforce and quality management and unmetered access to agents, lists at £440 or €550 per user per month on the page viewed. Agentforce add-ons for Service cost $125 per user per month for unmetered employee use. Customer-facing agents are bought through Flex Credits, charged per action, or through Conversations, charged per conversation on a pre-purchase basis. Salesforce Foundations gives a free start with Agentforce Builder (checked Sep 2026)","Per user per month, billed annually; Agentforce usage by Flex Credits or per conversation, pre-purchase, pre-commit or pay-as-you-go",source-checked,2026-09-22,https://www.salesforce.com/agentforce/pricing/,https://www.salesforce.com/service/pricing/,no
ai-customer-service-software,Zoho Desk,https://www.zoho.com/desk/,smb,"Cost-sensitive support teams that want ticketing, live chat and AI agents with a choice of Zoho's model or their own API key, as Zoho documents for Zoho Desk","On the India price list viewed, Standard costs ₹800 and Professional ₹1,400 per user per month, billed annually. The Express plan includes AI agents built on Zoho's own model or a buyer's key, with up to 30 million free tokens a month. Generative AI features such as sentiment analysis, ticket summaries and reply suggestions use a buyer's OpenAI or DeepSeek key. Prices vary by region (checked Sep 2026)","Per user per month, billed annually",source-checked,2026-09-22,https://www.zoho.com/desk/pricing.html,,no
ai-meeting-assistant-tools,Avoma,https://www.avoma.com/,specialist,"Sales and customer-facing teams that want a meeting assistant with CRM field updates plus scheduling, lead routing and call scoring from one vendor, as Avoma documents","Priced per recorder seat; viewers are free. Startup costs $19 per month billed annually or $29 monthly, up to 25 paid seats. Organization costs $29 billed annually or $39 monthly, up to 100 seats. Enterprise costs $39 per month billed annually with a 10-seat minimum. Conversation Intelligence and Revenue Intelligence add-ons cost $29 a seat billed annually or $35 monthly (checked Sep 2026)","Per recorder seat per month, billed monthly or annually; Enterprise annual only",source-checked,2026-09-25,https://www.avoma.com/pricing,,no
ai-meeting-assistant-tools,Fathom,https://www.fathom.ai/,smb,"Individuals who want unlimited free recordings and summaries, and sales and customer teams that want CRM field sync, deal views and coaching metrics, as Fathom documents","Free plan with unlimited recordings and transcription. Premium, for individuals, costs $16 per month billed annually or $20 monthly. Team costs $15 per user per month billed annually or $19 monthly, and Business $25 or $34, both with a two-user minimum. Enterprise is priced by sales. Annual billing saves 25 per cent or more (checked Sep 2026)","Per user per month, billed monthly or annually; two-user minimum on Team and Business",source-checked,2026-09-25,https://www.fathom.ai/pricing,,no
ai-meeting-assistant-tools,Fellow,https://fellow.ai/,mid-market,"Organisations that need central control of who records and who can see recordings, including private equity, hedge funds and banks subject to recordkeeping rules, with collaborative agendas, as Fellow documents","Free at $0 with 5 lifetime AI notes and recordings per user. Team costs $7 per user per month billed annually or $11 monthly, with 10 AI notes per user a month. Business costs $15 per user per month billed annually or $23 monthly, with unlimited notes. Enterprise costs $25 per user per month billed annually, starts at 10 users and is sold through sales (checked Sep 2026)","Per user per month, billed monthly or annually",source-checked,2026-09-25,https://fellow.ai/pricing,,no
ai-meeting-assistant-tools,Fireflies.ai,https://fireflies.ai/,mid-market,"Teams that want every meeting, dialer call and uploaded file transcribed and searchable, with conversation analytics and CRM, project and ATS integrations, as Fireflies documents","Free plan at $0. Pro costs $10 per seat per month billed annually or $18 billed monthly. Business costs $19 per seat per month billed annually or $29 billed monthly. Enterprise costs $39 per seat per month, billed annually only. Volume discounts are offered above 50 members (checked Sep 2026)","Per seat per month, billed monthly or annually; Enterprise annual only",source-checked,2026-09-25,https://fireflies.ai/pricing,,no
ai-meeting-assistant-tools,Granola,https://www.granola.ai/,smb,"Professionals and teams with many external meetings who want notes captured from device audio without a bot joining the call, and pre-meeting briefs, as Granola documents","Basic is free with limited meeting history. Business costs $14 per user per month with unlimited notes and history, integrations, MCP and API access. Enterprise costs $35 per user per month and adds SSO, admin controls and org-wide opt-out of model training. The page does not state monthly or annual billing (checked Sep 2026)",Per user per month; billing cadence not stated,source-checked,2026-09-25,https://www.granola.ai/pricing,,no
ai-meeting-assistant-tools,MeetGeek,https://meetgeek.ai/,smb,"Teams that want a notetaker for online, hybrid and in-person meetings plus automated workflows that update CRMs, create tasks and send follow-ups, with EU or US data hosting, as MeetGeek documents","Basic is free with 3 hours of transcription a month. Pro costs $9.99 per user per month billed annually or $15.99 monthly, with 20 hours of transcription and extra hours at $0.50. Business costs $17 per user per month billed annually or $27 monthly, with unlimited transcription. Enterprise is custom priced (checked Sep 2026)","Per user per month, billed monthly or annually",source-checked,2026-09-25,https://meetgeek.ai/pricing,,no
ai-meeting-assistant-tools,Notta,https://www.notta.ai/en,smb,"Individuals and teams that transcribe online meetings, in-person conversations and uploaded files in many languages and want deliverables such as slides from them, as Notta documents","Free at $0 with 120 transcription minutes a month and 3 minutes per conversation. Pro costs $8.17 per month billed annually ($97.99 a year) with 1,800 minutes a month. Business costs $16.67 per seat per month billed annually ($199.99 a year) with unlimited transcription. Enterprise is custom. Annual prices are shown at 40 per cent off, and translation add-ons are extra (checked Sep 2026)","Per month billed annually, or monthly at a higher rate",source-checked,2026-09-25,https://www.notta.ai/en/pricing,,no
ai-meeting-assistant-tools,Otter.ai,https://otter.ai/,mid-market,"Individuals and teams in sales, education, media and recruiting that want live transcripts, summaries and a searchable meeting archive, captured by bot, desktop app or mobile, as Otter documents","Basic is free with 300 monthly transcription minutes. Pro costs $8.33 per user per month billed annually or $16.99 billed monthly. Business costs $19.99 per user per month billed annually or $30 billed monthly. Lower first-time subscriber offers are shown on the page. Enterprise is sold through a demo, and SSO and SCIM require a 100-user minimum (checked Sep 2026)","Per user per month, billed monthly or annually",source-checked,2026-09-25,https://otter.ai/pricing,,no
ai-meeting-assistant-tools,Read AI,https://www.read.ai/,mid-market,"Individuals and teams that want meeting recaps, email and message summaries, and search across all three, with a meeting coach and apps on every major platform, as Read AI documents",Free plan with 5 meeting transcripts a month. Pro costs $15 per user per month billed annually or $19.75 monthly. Enterprise costs $22.50 billed annually or $29.75 monthly. Enterprise+ costs $29.75 billed annually or $39.75 monthly and requires at least five licences. Annual billing saves 25 per cent (checked Sep 2026),"Per user per month, billed monthly or annually; Enterprise+ requires 5+ licences",source-checked,2026-09-25,https://www.read.ai/pricing,,no
ai-meeting-assistant-tools,tl;dv,https://tldv.io/,smb,"Sales, customer success, marketing and product teams that want customised AI notes, automatic CRM updates and reports that aggregate insights across many calls, as tl;dv documents",Free plan at €0 per seat. Pro costs €29 per seat billed monthly or €18 per seat per month billed annually (€216 a year). Business costs €39 per seat billed monthly or €29 per seat per month billed annually (€348 a year). Prices are listed in euros (checked Sep 2026),"Per seat per month, billed monthly or annually; prices in EUR",source-checked,2026-09-25,https://tldv.io/app/pricing/,,no
ai-model-deployment-platforms,Amazon SageMaker AI,https://aws.amazon.com/sagemaker/ai/deploy/,enterprise,"Teams already on AWS that need real-time, serverless, asynchronous or batch inference for custom and foundation models, as AWS documents for SageMaker Inference","On-demand pricing has no minimum fee or upfront commitment and is charged by instance type and duration. SageMaker Savings Plans lower the rate in exchange for a usage commitment. The free tier covers 125 hours of m4.xlarge or m5.xlarge real-time inference and 150,000 seconds of serverless inference per month for the first two months (checked Sep 2026)","On demand by instance and duration, or Savings Plans with a usage commitment",source-checked,2026-09-22,https://aws.amazon.com/sagemaker/ai/pricing/,,no
ai-model-deployment-platforms,Baseten,https://www.baseten.co/,specialist,"Engineering teams that deploy custom, fine-tuned and open-source models to production and need autoscaling with fast cold starts, as Baseten documents","Dedicated deployments are billed per minute of compute. Published rates include $0.06667 a minute for an A100 (80 GB), $0.10833 for an H100 and $0.16633 for a B200. Baseten states customers do not pay for idle time. Model APIs are priced per million tokens. Basic, Pro and Enterprise plans differ in compute access, rate limits and support; new accounts receive credits (checked Sep 2026)",Per minute of compute used; compute discounts negotiable on Pro and Enterprise,source-checked,2026-09-22,https://www.baseten.co/pricing/,,no
ai-model-deployment-platforms,Databricks Model Serving,https://www.databricks.com/product/model-serving,enterprise,"Data teams already on Databricks that need to serve classical ML models, fine-tuned open models and AI agents with lineage and monitoring, as Databricks documents","Billed in Databricks Units (DBUs) per hour. GPU serving rates are 10.48 DBUs for a T4, 20 for one A10G, 44.86 for one L40S, 100 for one H100 and 800 for eight H100s. The dollar price per DBU depends on the cloud, region and account tier (checked Sep 2026)",DBUs per hour; dollar rate per DBU varies by cloud and tier,source-checked,2026-09-22,https://www.databricks.com/product/pricing/model-serving,,no
ai-model-deployment-platforms,Fireworks AI,https://fireworks.ai/,specialist,"Teams that serve open or fine-tuned models and want to move from per-token serverless inference to dedicated GPU deployments, as Fireworks AI documents","On-demand deployments are billed per GPU second with no charge for start-up time. From 1 September 2026 an H100 or H200 costs $8.00 an hour, a B200 $13.00 and a B300 $15.00. Serverless inference is priced per token with postpaid billing and $1 in free credits. Supervised fine-tuning starts at $0.50 per million training tokens for models up to 16B parameters (checked Sep 2026)",Per GPU second for on-demand deployments; per token for serverless; postpaid,source-checked,2026-09-22,https://fireworks.ai/pricing,https://docs.fireworks.ai/faq/deployment/ondemand/billing-scaling,no
ai-model-deployment-platforms,Gemini Enterprise Agent Platform (formerly Vertex AI),https://cloud.google.com/vertex-ai,enterprise,"Teams on Google Cloud that deploy custom-trained models and Model Garden models, including Gemini and open models, as Google documents for Agent Platform","Usage-based. Training and prediction are charged in 30-second increments with no minimum usage duration. A model deployed to an endpoint is charged for as long as it stays deployed, even when no prediction is made. AutoML image classification deployment and online prediction lists at $1.375 an hour. New customers receive up to $300 in Google Cloud credits (checked Sep 2026)","Usage-based, charged in 30-second increments",source-checked,2026-09-22,https://cloud.google.com/vertex-ai/pricing,https://docs.cloud.google.com/vertex-ai/docs/predictions/overview,no
ai-model-deployment-platforms,Hugging Face Inference Endpoints,https://huggingface.co/inference-endpoints/dedicated,mid-market,"Teams that build on open models from the Hugging Face Hub and want managed, autoscaling endpoints without running Kubernetes, as Hugging Face documents","Self-serve is pay as you go, billed per minute and invoiced monthly. The pricing page lists dedicated inference from $0.033 an hour for the smallest CPU instance on AWS. Catalog examples show a 1x Nvidia T4 deployment at $0.50 an hour and a 4x A100 deployment at $10 an hour. Enterprise adds volume pricing, uptime guarantees and annual contracts by quote (checked Sep 2026)","Per minute, billed monthly; Enterprise on custom annual contracts",source-checked,2026-09-22,https://huggingface.co/pricing,,no
ai-model-deployment-platforms,Modal,https://modal.com/,specialist,"Developers and ML teams that want serverless deployment of models, batch jobs and web endpoints written in Python, as Modal documents","Compute is billed per second: an Nvidia H100 costs $0.001097 a second, an A100 80 GB $0.000694 and an L4 $0.000222, with CPU and memory billed separately. Starter includes $30 of monthly credits and 3 seats. Team costs $250 a month with $100 of credits and unlimited seats. Enterprise has volume discounts. Non-preemptible execution costs 3x base prices (checked Sep 2026)",Per second of compute; Team plan $250 a month; committed spend through AWS and GCP marketplaces,source-checked,2026-09-22,https://modal.com/pricing,,no
ai-model-deployment-platforms,Replicate,https://replicate.com/,specialist,"Developers who want to call public image, video, audio and language models by API or deploy a custom model with Cog, as Replicate documents","Public models are billed by run time on the hardware used or by input and output, with a cost estimate on each model page. Hardware rates include $0.000975 a second for an L40S ($3.51 an hour), $0.001400 for an A100 80 GB ($5.04 an hour) and $0.001525 for an H100 ($5.49 an hour). Private models and deployments are charged for all time instances are online, including setup and idle time, except fast-booting fine-tunes (checked Sep 2026)","Per second of hardware time, or per input and output for some public models",source-checked,2026-09-22,https://replicate.com/pricing,https://replicate.com/docs/topics/billing,no
ai-model-deployment-platforms,Simplismart,https://www.simplismart.ai/,specialist,"Teams running latency-sensitive or high-throughput workloads such as voice agents and document processing that want inference in their own cloud or data centre, as Simplismart documents","Shared model APIs cover 150+ models with usage-based pricing per token, per image or per unit of audio. Dedicated GPUs are priced per GPU hour, with published rates between $1.20 and $5.20 depending on the GPU. Large reservations are priced below on-demand rates. BYOC and on-premises deployments are priced after a consultation (checked Sep 2026)",Usage-based APIs; dedicated GPUs per GPU hour; BYOC and on-prem by quote,source-checked,2026-09-22,https://www.simplismart.ai/pricing,,no
ai-model-deployment-platforms,Together AI,https://www.together.ai/,specialist,"Teams that build on open models and want serverless per-token inference first, then dedicated endpoints and GPU clusters as traffic grows, as Together AI documents","Serverless inference is priced per million tokens and varies by model, for example gpt-oss-120B at $0.15 input and $0.60 output and DeepSeek V4 Flash at $0.14 input and $0.28 output. A batch API has separate prices. Provisioned throughput, dedicated inference and GPU clusters are sold through the sales team (checked Sep 2026)",Per million tokens for serverless; dedicated capacity by quote,source-checked,2026-09-22,https://www.together.ai/pricing,,no
ai-recruiting-platforms,Eightfold AI,https://eightfold.ai/,enterprise,"Large enterprises that want skills-based matching, talent rediscovery and AI interviewing in one talent acquisition suite",Quote-based; no public pricing page (checked Sep 2026),Not recorded,source-checked,2026-09-20,,https://eightfold.ai/products/talent-acquisition/,no
ai-recruiting-platforms,Fetcher,https://fetcher.ai/,smb,"Lean recruiting teams at small and mid-sized companies that want automated sourcing, optionally with Fetcher's own sourcers","Self-serve $115, Growth $379, Amplify $649 a month; Enterprise by quote (checked Sep 2026)",Monthly or annual; the page states 30% saving with annual payment,source-checked,2026-09-20,https://fetcher.ai/pricing,,no
ai-recruiting-platforms,Findem,https://www.findem.ai/,enterprise,"Talent acquisition, executive search and VC or private equity talent teams that want sourcing built on career and network data",Quote-based; no figures on the pricing page (checked Sep 2026),Not recorded,source-checked,2026-09-20,https://www.findem.ai/pricing,,no
ai-recruiting-platforms,Gem,https://www.gem.com/,mid-market,"Recruiting teams at growing companies that want AI sourcing, CRM and scheduling on top of an ATS or with a built-in ATS","Custom, based on company FTE count; under 30 employees: six months free, then 50% off (checked Sep 2026)",Not recorded,source-checked,2026-09-20,https://www.gem.com/pricing,,no
ai-recruiting-platforms,hireEZ,https://hireez.com/,mid-market,"Enterprise talent teams that want sourcing, outreach, AI phone screening and scheduling automated on top of an existing ATS",Solo recruiters from $494 a month with a 7-day free trial; enterprise by quote (checked Sep 2026),Per month (solo plan); enterprise terms not published,source-checked,2026-09-20,https://hireez.com/pricing/,,no
ai-recruiting-platforms,HireVue,https://www.hirevue.com/,enterprise,"Large employers running structured screening at scale that want AI interviews, assessments and video interviewing on one platform",Quote-based; Essential and Premium packages listed without figures (checked Sep 2026),Not recorded,source-checked,2026-09-20,https://www.hirevue.com/pricing,,no
ai-recruiting-platforms,Juicebox (PeopleGPT),https://juicebox.ai/,smb,"Individual recruiters, agencies and startups that want natural-language candidate search with published per-seat prices",Free tier; Starter $99–$119 and Growth $179–$199 per seat a month; Agents $199 each a month; Business custom (checked Sep 2026),Monthly or yearly; the page states 15% off on yearly billing; Business plan annual only,source-checked,2026-09-20,https://juicebox.ai/pricing,,no
ai-recruiting-platforms,Metaview,https://www.metaview.ai/,mid-market,"Recruiting teams and hiring managers that want interview notes, application review and sourcing agents sharing one set of role criteria","Sourcing: free for 100 profiles, $100 a month for 200, Max $300 a month unlimited; Enterprise custom (checked Sep 2026)",Monthly (published sourcing tiers); Enterprise not published,source-checked,2026-09-20,https://www.metaview.ai/pricing,,no
ai-recruiting-platforms,Paradox (Workday),https://www.paradox.ai/,enterprise,"Employers hiring frontline and high-volume staff, such as restaurants and retail, that want applications, screening and scheduling handled by chat or text",Quote-based; the site shows no price (checked Sep 2026),Not recorded,source-checked,2026-09-20,,https://newsroom.workday.com/2025-10-01-Workday-Completes-Acquisition-of-Paradox,no
ai-recruiting-platforms,SeekOut,https://www.seekout.com/,mid-market,"Sourcers and recruiting teams, from solo recruiters to enterprise teams, that need AI search across a large external candidate database","Recruit Core $149 a month paid annually ($1,788 a year) or $179 billed monthly; team plans custom (checked Sep 2026)",Annual upfront or monthly (Recruit Core); custom plans billed annually,source-checked,2026-09-20,https://www.seekout.com/pricing,,no
ai-sales-assistant-software,11x,https://www.11x.ai/,mid-market,Revenue teams that want named AI digital workers to run outbound sequences and answer inbound leads by phone rather than adding headcount,"Quote-based; the site publishes no prices and routes to a live demo, and the pricing address returns a 404 (checked Sep 2026)",Not recorded,source-checked,2026-09-20,,https://www.11x.ai/solutions/enterprise,no
ai-sales-assistant-software,Artisan,https://www.artisan.co/,mid-market,"Teams adopting an outbound AI BDR with a managed rollout, sized by the number of leads contacted each month rather than by seat","Quote-based; Team plan around 2,500 leads contacted a month and Scale around 6,000, both scoped on the plan, Enterprise custom; AI dialer is a per-seat add-on (checked Sep 2026)",Not recorded,source-checked,2026-09-20,https://www.artisan.co/pricing,,no
ai-sales-assistant-software,Gong,https://www.gong.io/,enterprise,"Revenue organisations that want an assistant grounded in recorded customer interactions, covering engagement, coaching and forecasting","Quote-based; licences are priced per user with a platform fee based on the number of users supported, and integrations are free (checked Sep 2026)",Per-user licences plus a platform fee; term not published,source-checked,2026-09-20,https://www.gong.io/pricing,,no
ai-sales-assistant-software,Nooks,https://www.nooks.ai/,mid-market,"Outbound teams whose motion is call-led, wanting a parallel dialer, live call assistance and AI coaching in one assistant",Quote-based; the pricing page is a contact form for a custom quote with no tiers or figures shown (checked Sep 2026),Not recorded,source-checked,2026-09-20,https://www.nooks.ai/pricing,,no
ai-sales-assistant-software,Outreach,https://www.outreach.io/,enterprise,"Revenue teams that want seat licences and metered AI usage separated, so agent adoption can scale without buying more seats","Quote-based; seat-based plus consumption pricing on AI credits, with 10,000 credits on Amplify Essentials, 25,000 on Core, 50,000 on Plus and 100,000 on Pro (checked Sep 2026)",Seat-based licences combined with consumption-based AI credits; term not published,source-checked,2026-09-20,https://www.outreach.io/pricing,,no
ai-sales-assistant-software,Regie.ai,https://regie.ai/,smb,Individual sellers and founder-led sales teams that want an AI prospecting assistant with a published entry price and a free tier,"Free plan with 250 one-time credits; Pro $49 a month with 5,000 credits a month, 17% off on annual billing; Enterprise custom (checked Sep 2026)",Monthly or annual (annual saves 17%); Enterprise priced to volume,source-checked,2026-09-20,https://regie.ai/pricing,,no
ai-sales-assistant-software,Reply.io,https://reply.io/,smb,Small outbound teams and agencies that want published per-seat prices and an optional fully automated AI SDR at a fixed monthly fee,"Email Volume from $49 per user a month billed annually at 1,000 active contacts; Multichannel from $89 per user a month; Jason AI SDR from $500 a month; LinkedIn automation $69 and calls and SMS $29 a month per account (checked Sep 2026)",Monthly or annual billing; annual saves up to 17% on volume plans and up to 50% on the AI SDR plan per the pricing page,source-checked,2026-09-20,https://reply.io/pricing/,,no
ai-sales-assistant-software,Salesloft,https://www.salesloft.com/,enterprise,"Established revenue teams standardising cadences, conversation intelligence and deal management on one vendor after multiple product acquisitions",Quote-based; the pricing address redirects to a demo request page and no plan prices are published (checked Sep 2026),Not recorded,source-checked,2026-09-20,https://www.salesloft.com/pricing,,no
ai-sales-assistant-software,Unify,https://www.unifygtm.com/,smb,Individual reps and small teams that want a self-serve AI prospecting assistant with a free tier and credit allowances per seat,"Free $0 with limited credits; Base $20 per seat a month with 800 credits; Pro $60 per seat a month with 2,400 credits and a 14-day trial; Business custom annual; managed mailboxes $25 each a month (checked Sep 2026)",Base and Pro billed monthly; Business billed annually with a workspace credit pool,source-checked,2026-09-20,https://www.unifygtm.com/pricing,,no
ai-sales-assistant-software,Warmly,https://www.warmly.ai/,mid-market,"Marketing and sales teams working inbound demand, converting identified website visitors through an AI chat and follow-up agent","AI Web-Deanonymization from $10,000 a year or $4,875 a quarter; Inbound Chat from $20,000 a year or $6,500 a quarter; AI Inbound Autopilot from $30,000 a year or $9,750 a quarter, each from 10,000 credits a month (checked Sep 2026)",Annual billing saves 30% against quarterly billing,source-checked,2026-09-20,https://www.warmly.ai/pricing,,no
ai-search-optimization-platforms,Ahrefs Brand Radar,https://ahrefs.com/brand-radar,mid-market,Existing Ahrefs subscribers benchmarking category-wide AI visibility,"From $50/mo, requires an Ahrefs Lite or higher plan (checked Sep 2026)",Not recorded,source-checked,2026-09-11,https://ahrefs.com/pricing,https://ahrefs.com/brand-radar,no
ai-search-optimization-platforms,AthenaHQ,https://www.athenahq.ai/,mid-market,Teams wanting wide model coverage with a free starting tier,Free tier; paid from $295/mo (checked Sep 2026),Not recorded,source-checked,2026-09-11,https://www.athenahq.ai/pricing,https://www.athenahq.ai/,no
ai-search-optimization-platforms,Chosenly,https://chosenly.com/,specialist,"B2B brands wanting managed GEO execution, not just dashboards",From $150/mo billed annually (checked Sep 2026),billed annually,source-checked,2026-09-11,https://chosenly.com/pricing,https://chosenly.com/,no
ai-search-optimization-platforms,Nightwatch,https://nightwatch.io/,mid-market,Teams reading AI citation data alongside classic keyword rank tracking in one subscription,"From EUR 79/mo billed yearly, or EUR 99/mo monthly (checked Sep 2026)",billed yearly,source-checked,2026-09-18,https://nightwatch.io/pricing,https://nightwatch.io/ai-tracking/,no
ai-search-optimization-platforms,Otterly.ai,https://www.otterly.ai/,smb,Solo marketers and small teams starting AI visibility tracking,From $29/mo (checked Sep 2026),Not recorded,source-checked,2026-09-11,https://www.otterly.ai/pricing,https://www.otterly.ai/,no
ai-search-optimization-platforms,Peec AI,https://peec.ai/,mid-market,Marketing teams and agencies needing prompt-level AI visibility reporting with unlimited seats,From $95/mo billed monthly (checked Sep 2026),billed monthly,source-checked,2026-09-18,https://peec.ai/pricing,https://peec.ai/,no
ai-search-optimization-platforms,Profound,https://www.tryprofound.com/,enterprise,Enterprise marketing teams running AI visibility as a programme,From $99/mo billed annually (checked Sep 2026),billed annually,source-checked,2026-09-11,https://www.tryprofound.com/pricing,https://www.tryprofound.com/,no
ai-search-optimization-platforms,Rankscale,https://rankscale.ai/,smb,Budget-conscious teams needing credit-metered engine monitoring,From $20/mo (checked Sep 2026),Not recorded,source-checked,2026-09-11,https://rankscale.ai/pricing,https://rankscale.ai/,no
ai-search-optimization-platforms,Scrunch AI,https://scrunch.com/,enterprise,Enterprises needing agent-ready page delivery alongside tracking,From $250/mo (checked Sep 2026),Not recorded,source-checked,2026-09-11,https://scrunch.com/pricing,https://scrunch.com/,no
ai-search-optimization-platforms,SE Ranking,https://seranking.com/,mid-market,Agencies bundling AI tracking into client SEO retainers,From $129/mo (checked Sep 2026),Not recorded,source-checked,2026-09-11,https://seranking.com/subscription.html,https://seranking.com/,no
ai-search-optimization-platforms,Semrush,https://www.semrush.com/,enterprise,SEO teams adding AI visibility to an existing search stack,Free tier; paid from $117.33/mo billed annually (checked Sep 2026),billed annually,source-checked,2026-09-11,https://www.semrush.com/prices/,https://www.semrush.com/,no
ai-search-optimization-platforms,Writesonic,https://writesonic.com/,mid-market,Lean teams wanting tracking and content execution together,From $79/mo billed annually (checked Sep 2026),billed annually,source-checked,2026-09-11,https://writesonic.com/pricing,https://writesonic.com/,no
ai-seo-agencies,Avenue Z,https://avenuez.com/,mid-market,"Brands in regulated, investor-facing or commerce categories that want earned media and AI answer visibility bought from a single supplier",No fee published on the AEO or capability pages; engagements quoted (checked Sep 2026),Not recorded,source-checked,2026-09-20,,https://avenuez.com/aeo-optimization/,no
ai-seo-agencies,Go Fish Digital,https://www.gofishdigital.com/,mid-market,"Brands that want generative engine work delivered by an integrated agency alongside paid media, brand and creative rather than by a search-only supplier",No fee published on the GEO or home pages; engagements quoted (checked Sep 2026),Not recorded,source-checked,2026-09-20,,https://www.gofishdigital.com/services/generative-engine-optimization/,no
ai-seo-agencies,Graphite,https://graphite.io/,mid-market,"Product-led software companies that want prompt research, citation-ready content and offsite citation work run by a team that publishes the research behind its method",No fee published on the AEO or home pages; engagements begin with a contact form (checked Sep 2026),Not recorded,source-checked,2026-09-20,,https://graphite.io/aeo,no
ai-seo-agencies,Intero Digital,https://www.interodigital.com/,mid-market,Multi-channel marketing teams that want generative engine work run as one workstream inside a single full-service agency relationship,No fee published on the GEO or SEO service pages; engagements quoted (checked Sep 2026),Not recorded,source-checked,2026-09-20,,https://www.interodigital.com/services/generative-engine-optimization/,no
ai-seo-agencies,iPullRank,https://ipullrank.com/,enterprise,"Enterprise and mid-market marketing teams that want AI search handled as an engineering discipline, with passage-level content work and attribution built in from the start","No fee published; scope is set by three organisation stages named Emerging, Growth and Elite, with content optimisations described as priced per optimisation (checked Sep 2026)",Not recorded,source-checked,2026-09-20,https://ipullrank.com/services/geo,https://ipullrank.com/ai-search/capabilities,no
ai-seo-agencies,Minuttia,https://minuttia.com/,specialist,Business software companies that want a fixed-price AI Overviews diagnostic before committing to an ongoing content and AI search programme,"AI Overviews Audit published as one-off payments of US$1,075 for 100 to 250 pages, US$2,475 for 251 to 500 pages and US$5,475 for 501 to 1,000 pages; ongoing programmes quoted (checked Sep 2026)","One-off payment per audit plan, stated as having no contract; retainer cadence for ongoing work is not published",source-checked,2026-09-20,https://minuttia.com/ai-overviews/audit/,https://minuttia.com/geo-agency/,no
ai-seo-agencies,NoGood,https://nogood.io/,mid-market,"Venture-backed startups and large consumer brands that want answer engine work run inside one growth programme alongside paid media, social and creative",No fee published on the AEO or home pages; engagements quoted after a contact form (checked Sep 2026),Not recorded,source-checked,2026-09-20,,https://nogood.io/answer-engine-optimization-aeo/,no
ai-seo-agencies,Omnius,https://www.omnius.so/,specialist,European business software and fintech companies that want generative engine work scoped as a named task list layered onto an existing SEO programme,No fee published on the GEO or service pages; engagements begin with a contact form (checked Sep 2026),Not recorded,source-checked,2026-09-20,,https://www.omnius.so/geo-agency,no
ai-seo-agencies,SimpleTiger,https://www.simpletiger.com/,specialist,Business software companies that want a defined three-month generative engine optimisation project at a published price before deciding on a longer programme,"GEO Jumpstart published at US$4,000 per month for three months, US$12,000 in total; ongoing SEO and GEO packages are named by tier without figures attached (checked Sep 2026)",Monthly across a limited three-month engagement described as carrying no long-term commitment; ongoing package cadence not published,source-checked,2026-09-20,https://www.simpletiger.com/geo-jumpstart-package,https://www.simpletiger.com/services/geo-ai-search-optimization,no
ai-talent-acquisition-platforms,Beamery,https://www.beamery.com/platform,enterprise,"Large organisations that want skills and task intelligence to inform hiring and redeployment without replacing the core HR system, documented through the SAP SuccessFactors and Workday integrations","Beamery publishes no price. The site has no pricing page: /pricing and /pricing/ both return a 404, and every product page routes to a demo booking. Plan names, seat rates and module prices are absent, so the data platform, the intelligence suite and the talent acquisition layer are all quoted (checked Sep 2026)",Not recorded,source-checked,2026-09-23,,https://www.beamery.com/platform/talent-acquisition/talent-crm/,no
ai-talent-acquisition-platforms,Eightfold AI,https://eightfold.ai/products/talent-acquisition/,enterprise,"Large employers that want one skills model behind external hiring, internal mobility and workforce planning, which Eightfold documents as Talent Acquisition inside its Talent Intelligence platform","Eightfold publishes no price. The site has no pricing page: /pricing returns a 404, and the product pages route to a demo request. Plan names, seat rates and volume tiers are absent, so the cost of Talent Acquisition and of the agents sold with it is established in a sales conversation (checked Sep 2026)",Not recorded,source-checked,2026-09-23,,https://eightfold.ai/products/,no
ai-talent-acquisition-platforms,Fountain,https://www.fountain.com/,enterprise,"Employers in quick service food, retail, delivery, logistics and outsourced services that need hiring, onboarding and shift coverage handled together, documented as a frontline suite orchestrated by the Cue agent layer","Fountain publishes no figure. The page at /pricing is a demo booking form whose stated purpose is to walk through the platform and get pricing tailored to a customised product suite. That wording sets the structure of the quote, assembled from the modules a buyer selects, but no module rate, seat rate or hire-volume tier appears (checked Sep 2026)",Not recorded,source-checked,2026-09-23,https://www.fountain.com/pricing,,no
ai-talent-acquisition-platforms,Harver,https://harver.com/,specialist,"Employers hiring at volume for hourly and frontline roles where early attrition is the main cost, documented through predictive assessments aimed at 90-day retention","Harver publishes no price. The site has no pricing page: /pricing and /pricing/ both return a 404, and every path ends at a demo request. Assessment volume, role count and the automation modules are the obvious meters, but none is published, so any configuration is quoted (checked Sep 2026)",Not recorded,source-checked,2026-09-23,,https://harver.com/solutions/,no
ai-talent-acquisition-platforms,HireVue,https://www.hirevue.com/platform,enterprise,"Organisations that want structured video interviewing and validated assessment applied consistently across hourly, early career, technical and professional hiring","HireVue keeps a page at /pricing, but it carries no plan names, no tiers and no figures. It describes the platform as built for mid-market to enterprise, offers help choosing a plan through a contact route, and points to a return on investment calculator. Its answers cover candidate experience, integration and security rather than cost, so every configuration is quoted (checked Sep 2026)",Not recorded,source-checked,2026-09-23,https://www.hirevue.com/pricing,,no
ai-talent-acquisition-platforms,Humanly,https://www.humanly.io/,mid-market,"Hourly, frontline and high-volume teams too small to answer every applicant by hand, which Humanly documents across its AI Recruiter, AI Interviewer, CRM and applicant tracking products","Humanly publishes no price. There is no working pricing page: the /pricing path resolves to a page not found screen, and every product page ends at a demo booking. Applicant volume and the product combination are the visible meters, but neither is published, so the cost is quoted (checked Sep 2026)",Not recorded,source-checked,2026-09-23,,https://www.humanly.io/products/ai-recruiter,no
ai-talent-acquisition-platforms,Manatal,https://www.manatal.com/,smb,"Small and mid-sized employers, startups and recruitment agencies that want AI-assisted sourcing and candidate recommendations inside an applicant tracking system they can price and start themselves","Manatal publishes a full rate card. On annual billing, Professional is $15 per user per month and covers up to 15 jobs, up to 10,000 candidates and unlimited hiring managers. Enterprise is $35 per user per month with unlimited jobs and candidates plus workflow automation. Enterprise Plus is $55 per user per month, adding an advanced report builder, large language model integration, the open API, custom permissions and single sign-on. A Custom plan is quoted on demand. Monthly billing raises the three plans to $19, $39 and $59, and a 14-day trial requires no card (checked Sep 2026)","Per user per month, billed annually or monthly, with the monthly rate about 27 percent higher",source-checked,2026-09-23,https://www.manatal.com/pricing,,no
ai-talent-acquisition-platforms,Phenom,https://www.phenom.com/products,enterprise,"Organisations that want the career site, candidate relationship management, screening and internal talent marketplace under one vendor, documented as the Intelligent Talent Experience platform","Phenom publishes no figure. The page at /pricing is titled Pricing and RFP Requests and is a form that connects the enquirer with a Phenom expert. No plan names, seat rates, module prices or billing periods appear on it, so any product combination is priced through a quote or a formal request for proposal (checked Sep 2026)",Not recorded,source-checked,2026-09-23,https://www.phenom.com/pricing,,no
ai-talent-acquisition-platforms,Sense,https://www.sensehq.com/sense-platform-overview,enterprise,"Talent acquisition and staffing teams whose constraint is response time and follow-up across thousands of candidates, documented as an engagement platform layered on an existing tracking system","Sense publishes a starting figure for every package. The Platform for Talent Acquisition starts at $7,000 per month, the Platform for Staffing Teams and for Enterprise Staffing at $2,000, Sense AI Recruiter at $3,000, and Messaging and Interview Scheduling at $500 each. The page states these are starting figures, so the total depends on volume, and lists a customer success manager, an implementation manager, three months of hypercare and 24/7 support as included (checked Sep 2026)","Per month, stated as a starting figure for each package",source-checked,2026-09-23,https://www.sensehq.com/sense-pricing,,no
ai-talent-acquisition-platforms,Talkpush,https://www.talkpush.com/,specialist,"Employers hiring thousands of frontline workers in markets where candidates live on messaging apps, documented as an applicant tracking system and recruitment CRM built around WhatsApp, Messenger, Instagram, SMS and TikTok","Talkpush publishes no figure. Its pricing page is a module catalogue rather than a rate card: high-volume applicant tracking, social sourcing and engagement, advertisement buying, pre-screening and assessment, and document validation each appear as a block with a get a quote action. No block carries a price, seat rate or volume tier (checked Sep 2026)",Not recorded,source-checked,2026-09-23,https://www.talkpush.com/pricing,,no
ai-video-generators,Colossyan,https://www.colossyan.com/,mid-market,"Learning and development teams that turn documents and slides into training video and courses, because Colossyan documents PPT and PDF import, course creation and SCORM export","Starter free or $27 a month, 20 minutes a month with the NEO avatar model, 1 editor. Professional $59 a month for 1 editor, $30 a month per additional member, 30 minutes with NEO and 10 with NEO2, 5 SCORM exports a month. Enterprise by quote, with unlimited NEO minutes, SSO/SAML and EU or US data residency. Yearly billing is listed at 34% off (checked Sep 2026)",Monthly or yearly; yearly listed at 34% off,source-checked,2026-09-22,https://www.colossyan.com/pricing,,no
ai-video-generators,Elai.io,https://elai.io/,smb,"Small training and marketing teams that want avatar video with interactive elements at a published per-minute price, because Elai.io documents minutes, branching and quizzes by plan","Free with 1 minute. Creator $29 a month, cancel anytime, or $276 billed annually, up to 15 minutes a month. Team $125 a month or $1,200 billed annually, 50 minutes a month (100 and 150 minute options listed), 3 editors and 3 guests, 4K video. Enterprise by quote, with unlimited users, SSO and brand kit (checked Sep 2026)",Monthly or annual,source-checked,2026-09-22,https://elai.io/pricing,,no
ai-video-generators,HeyGen,https://www.heygen.com/,mid-market,"Marketers and creators who need talking-avatar video, voice cloning and video translation at a published price, because HeyGen documents those features from its $29 Creator plan","Free $0 with 3 videos a month up to 1 minute. Creator $29 a month with 600 credits, videos up to 30 minutes and 1080p export. Pro $49 a month with 1,000 credits and 4K export. Business $149 a month with 1,500 credits, extra seats $20 a seat a month, SAML/SSO and SCORM export. Enterprise via sales (checked Sep 2026)",Monthly prices as listed; Business seats $20 per seat per month,source-checked,2026-09-22,https://www.heygen.com/pricing,,no
ai-video-generators,invideo AI,https://invideo.io/,smb,"Marketers and content creators who want a finished, edited video from a prompt, because invideo AI documents AI workflows, stock media and avatars on every paid plan","Plus $17 a month billed $200 yearly with 750 credits. Max $85 a month billed $1,000 yearly with 3,900 credits. Generative $170 a month billed $2,000 yearly with 8,000 credits. Elite $900 a month billed $10,800 yearly with 42,500 credits. Unused credits do not roll over. Team and Enterprise plans are listed separately (checked Sep 2026)",Yearly billing shown; annual discount 10-15%,source-checked,2026-09-22,https://invideo.io/pricing,,no
ai-video-generators,Luma AI,https://lumalabs.ai/,specialist,"Agencies and creative teams that generate high-fidelity clips and need HDR output, because Luma documents HDR and EXR modes for its Ray3 video models","Plus $30 a month or $25 a month billed yearly ($300), 10,000 credits, commercial use. Pro $90 a month or $75 billed yearly, 40,000 credits. Ultra $300 a month or $250 billed yearly, 150,000 credits. Team and Enterprise via sales, with SSO on Team. Ray3.2 text-to-video at 1080p costs 400 credits per 5 seconds (checked Sep 2026)",Monthly or yearly; yearly listed at up to 20% off,source-checked,2026-09-22,https://lumalabs.ai/pricing,,no
ai-video-generators,Pictory,https://pictory.ai/,smb,"Content and marketing teams that repurpose text and long recordings into short videos, because Pictory documents script-to-video, video summarisation and bundled stock media","Starter $25 a month billed annually ($29 monthly), 1 user, 2,400 video minutes a year, 1,200 AI credits a year. Professional $35 a month billed annually ($59 monthly), 7,200 minutes, 12,000 AI credits, custom avatars and voice cloning. Team $119 a month billed annually ($199 monthly), 3+ users, 21,600 minutes. Enterprise for 10+ users via sales, with SSO and SCORM export (checked Sep 2026)",Annual pricing shown; monthly rates higher,source-checked,2026-09-22,https://pictory.ai/pricing,,no
ai-video-generators,Runway,https://runwayml.com/,specialist,"Creative, film and advertising teams that generate and edit footage from prompts and reference images, because Runway documents its Gen-4.5 and Aleph models and access to third-party video models on every paid plan","Free with 125 one-time credits. Standard $12 a month billed annually ($15 monthly) with 625 credits a month. Pro $28 a month billed annually ($35 monthly) with 2,250 credits and custom voices. Max $76 a month billed annually ($95 monthly) with 9,500 credits and one-month credit rollover. Enterprise custom credits with SSO. Gen-4.5 costs 60 credits per 5 seconds (checked Sep 2026)",Monthly or yearly; yearly listed at 20% off,source-checked,2026-09-22,https://runwayml.com/pricing,,no
ai-video-generators,Synthesia,https://www.synthesia.io/,enterprise,"Training, enablement and internal communication teams that produce presenter-led video in several languages, because Synthesia documents AI avatars, voices in 160+ languages, dubbing and SCORM export","Basic free with 10 minutes of video a month. Starter $29 a month billed monthly, 10 minutes of video a month, 1 editor and 3 guests. Creator $89 a month, 30 minutes of video a month, 5 personal avatars and API access. Enterprise custom, with SAML/SSO, SCORM export and unlimited personal avatars. Studio avatars are a $1,000 a year add-on for annual plans (checked Sep 2026)",Monthly or yearly; Starter $29 is the monthly rate,source-checked,2026-09-22,https://www.synthesia.io/pricing,,no
ai-video-generators,Vyond,https://www.vyond.com/,mid-market,"Corporate communication and training teams that prefer animated video over photoreal avatars, because Vyond documents animation, AI avatars and document-to-video generation","Starter $58 a month billed annually ($699 a year) or $99 monthly, 10,000 credits a user a month. Professional $100 a month per user billed annually ($1,199) or $199 monthly, 20,000 credits. Enterprise $137 a month per user billed annually ($1,649), annual only. Agency $167 a month per user billed annually ($1,999), annual only. Multi-seat pricing via sales (checked Sep 2026)","Per user; annual or monthly on Starter and Professional, annual only above",source-checked,2026-09-22,https://www.vyond.com/pricing/,,no
ai-visibility-tools,Ahrefs Brand Radar,https://ahrefs.com/brand-radar,mid-market,SEO teams that want share of voice benchmarked against a pre-collected prompt index as well as their own custom prompts,"Custom prompt packages are $50 per month for 2,500 checks, $100 for 7,000 and $250 for 25,000. The product page lists $699 per month for all models. The plan comparison lists Brand Radar among features added on Standard, at $249 per month (checked Sep 2026)",Monthly add-on packages by check volume; annual Ahrefs plans save up to 17%,source-checked,2026-09-22,https://ahrefs.com/pricing,,no
ai-visibility-tools,Goodie,https://higoodie.com/,mid-market,Brands that want visibility tracking tied to Google Analytics revenue attribution and AI shopping visibility at SKU level,"Core is $399 per month with five models, 100 prompts and three seats, with a 7-day free trial. Pro is $999 per month with added models, 250 prompts and five seats. Enterprise is quoted, with up to 12 models and 500 or more prompts. Agency Growth is $350 per month (checked Sep 2026)","Monthly, or billed annually with two months free; agency plans billed quarterly or annually",source-checked,2026-09-22,https://higoodie.com/pricing,,no
ai-visibility-tools,Knowatoa,https://knowatoa.com/,smb,Smaller teams that want competitor gap analysis and citation-domain reporting across several sites under one question allowance,"Starter is $59 per month covering ChatGPT, AI Overviews and AI Mode. Growth is $199 per month covering all seven listed AI search services, with API, MCP, Looker Studio and NinjaCat reporting and a dedicated account rep. Enterprise is custom. Prices are in USD with annual pricing available (checked Sep 2026)","Per month, cancel anytime; annual pricing available; Enterprise quoted",source-checked,2026-09-22,https://knowatoa.com/pricing,,no
ai-visibility-tools,LLMrefs,https://llmrefs.com/,smb,"SEO teams and agencies that prefer tracking keywords rather than individual prompts, across many domains on one subscription","All in One is $79 per month, marked limited time, with 500 tracked prompts, all listed AI search engines without additional fees, weekly reports, unlimited team members and projects, CSV export and API access. A 7-day free trial is offered (checked Sep 2026)","Per month, cancel anytime",source-checked,2026-09-22,https://llmrefs.com/pricing,,no
ai-visibility-tools,Otterly.AI,https://otterly.ai/,smb,"Solo marketers and agencies that want a low entry price, unlimited team members and a per-prompt add-on as tracking grows","Monthly: Lite $29 for 15 prompts, Standard $189 for 100 prompts and Premium $489 for 400 prompts, each tracking ChatGPT, AI Overviews, Perplexity and Copilot, with Claude, AI Mode and Gemini as add-ons. Annual billing lists $25, $160 and $422. Extra 100 prompts cost $99 (checked Sep 2026)",Monthly or annual; prompt blocks added at $99 per 100,source-checked,2026-09-22,https://otterly.ai/pricing,,no
ai-visibility-tools,Peec AI,https://peec.ai/,mid-market,Marketing and SEO teams that want unlimited users on every tier and source-level analysis of which domains answer engines cite,"The pricing page lists Starter (50 prompts, one project), Pro (150 prompts, two projects) and Advanced (350 prompts, five projects), each with three chosen models and daily tracking, plus an Annual plan with up to 13 models, API and SSO. Monthly figures did not render in the checked copy (checked Sep 2026)",Tiered by prompts and projects; additional models priced per plan; Annual plan quoted,source-checked,2026-09-22,https://peec.ai/pricing,,no
ai-visibility-tools,Profound,https://www.tryprofound.com/,enterprise,"Brands that want daily prompt tracking with citation, sentiment and competitor data, and a documented log-based view of AI crawler traffic","Starter is $99 per month with 50 unique prompts and 1,500 responses analysed monthly. Growth is $399 per month with three answer engines, 100 prompts, 9,000 responses and 400 agent credits. Enterprise is custom, with up to nine engines and SSO/SAML (checked Sep 2026)",Per month on Starter and Growth; Enterprise quoted,source-checked,2026-09-22,https://www.tryprofound.com/pricing,https://docs.tryprofound.com/,no
ai-visibility-tools,Scrunch AI,https://scrunch.com/,mid-market,"Brands that want monitoring with personas, funnel stages and citation sources, plus site audits for how AI agents read their pages","Core is $250 per month with 125 unique prompts, four LLMs, one brand workspace, five user licences and five site audits a month, with a 7-day free trial. Enterprise is custom, adding nine LLMs, API access, SSO and a dedicated account team (checked Sep 2026)",Per month on Core; Enterprise quoted,source-checked,2026-09-22,https://scrunch.com/pricing,,no
ai-visibility-tools,Semrush AI Visibility Toolkit,https://www.semrush.com/,mid-market,"Teams already on Semrush that want AI share of voice, sentiment and prompt tracking beside their existing SEO data","The toolkit is $99 per month with no free trial, including one domain for Brand Performance, 25 tracked prompts, 300 daily AI analysis queries and AI search checks in Site Audit for up to 100 pages. Each extra user licence and each extra domain or location is $99 (checked Sep 2026)",Per month; added to an annual subscription as a one-time prorated charge aligned to the renewal date,source-checked,2026-09-22,,https://www.semrush.com/kb/1493-ai-visibility-toolkit,no
ai-visibility-tools,ZipTie,https://ziptie.ai/,smb,"SEO teams that want a low-cost tracker focused on Google AI Overviews, ChatGPT and Perplexity, with checks metered per month","Basic is $69 per month for 500 AI search checks, Standard $99 for 1,000 and Pro $159 for 2,000, each covering Google AI Overviews, ChatGPT and Perplexity with one seat. Yearly billing is stated to save 15%, and a 14-day trial includes 75 checks (checked Sep 2026)","Per month or per year, metered by AI search checks per month",source-checked,2026-09-22,https://ziptie.ai/pricing/,,no
ai-voice-agent-platforms,Bland AI,https://www.bland.ai/,enterprise,Regulated enterprises needing an all-inclusive per-minute rate,"Usage-based, from $0.12/min plus a $299/mo platform fee (checked Sep 2026)",Not recorded,source-checked,2026-09-11,https://www.bland.ai/pricing,https://www.bland.ai/,no
ai-voice-agent-platforms,Deepgram Voice Agent API,https://deepgram.com/,specialist,"Teams wanting one vendor for speech, voice and orchestration","Usage-based, from $0.041/min (checked Sep 2026)",Not recorded,source-checked,2026-09-11,https://deepgram.com/pricing,https://deepgram.com/product/voice-agent-api,no
ai-voice-agent-platforms,ElevenLabs Agents,https://elevenlabs.io/,mid-market,Teams prioritising voice quality on published subscription tiers,Free tier; paid from $6/mo (checked Sep 2026),Not recorded,source-checked,2026-09-11,https://elevenlabs.io/pricing,https://elevenlabs.io/agents,no
ai-voice-agent-platforms,Lindy,https://www.lindy.ai/,smb,Business teams adding phone agents to wider workflow automation,From $29.99/user/mo (checked Sep 2026),Not recorded,source-checked,2026-09-11,https://www.lindy.ai/pricing,https://www.lindy.ai/,no
ai-voice-agent-platforms,Pipecat Cloud,https://www.daily.co/,open-source,Teams running open-source Pipecat agents in production,"Usage-based, from $0.01/min hosting; models billed separately (checked Sep 2026)",Not recorded,source-checked,2026-09-11,https://www.daily.co/pricing/pipecat-cloud/,https://www.daily.co/products/pipecat-cloud/,no
ai-voice-agent-platforms,Retell AI,https://www.retellai.com/,mid-market,Contact centre teams wanting a visual builder plus APIs,"Usage-based, from $0.07/min (checked Sep 2026)",Not recorded,source-checked,2026-09-11,https://www.retellai.com/pricing,https://www.retellai.com/,no
ai-voice-agent-platforms,Synthflow,https://synthflow.ai/,enterprise,Enterprise contact centres and BPOs with high call volume,"From $30,000/year (checked Sep 2026)",Not recorded,source-checked,2026-09-11,https://synthflow.ai/pricing,https://synthflow.ai/,no
ai-voice-agent-platforms,Thoughtly,https://thoughtly.com/,specialist,Sales teams automating fast lead callback and follow-up,From $500/mo (checked Sep 2026),Not recorded,source-checked,2026-09-11,https://thoughtly.com/pricing,https://thoughtly.com/,no
ai-voice-agent-platforms,Twilio ConversationRelay,https://www.twilio.com/,enterprise,Companies already running voice traffic on Twilio,"Usage-based, from $0.07/min (checked Sep 2026)",Not recorded,source-checked,2026-09-11,https://www.twilio.com/en-us/voice/pricing,https://www.twilio.com/en-us/voice,no
ai-voice-agent-platforms,Vapi,https://vapi.ai/,mid-market,Developer teams building custom voice agents on an API,"Usage-based, from $0.05/min (checked Sep 2026)",Not recorded,source-checked,2026-09-11,https://vapi.ai/pricing,https://vapi.ai/,no
ai-voice-agents-customer-support-platforms,boost.ai,https://boost.ai/,enterprise,"Banks, insurers, telecoms and public sector bodies that must limit generative answers to approved topics, since boost.ai pairs deterministic intent handling with generative capability","Quote-based. boost.ai publishes no pricing page; the /pricing path serves the site's 404 content and every commercial route ends at a demo request or a contact form. No meter, band or floor is stated publicly (checked Sep 2026)",Not recorded,source-checked,2026-09-23,,https://boost.ai/product/conversational-ai-platform,no
ai-voice-agents-customer-support-platforms,Decagon,https://decagon.ai/,enterprise,"Support teams that need one agent answering across voice, chat and email with shared memory, since Decagon builds all three channels on the same platform","Quote-based. Decagon publishes no pricing page; the /pricing path returns a 404 and every commercial route ends at a demo request. No meter, band or floor is stated publicly (checked Sep 2026)",Not recorded,source-checked,2026-09-23,,https://decagon.ai/product/voice,no
ai-voice-agents-customer-support-platforms,Intercom Fin,https://fin.ai/,mid-market,"Support teams already using Fin on text channels that want phone calls handled by the same agent and knowledge base, since Fin Voice reuses that configuration","Fin Voice is stated to be on a custom pricing plan and currently available to select customers working directly with the sales team, so no voice rate is published. Fin on text channels is USD 0.99 per outcome with a minimum of 50 outcomes a month, and works with other helpdesks including Salesforce, HubSpot, Freshworks and Zendesk. With the Intercom helpdesk it is from USD 0.99 per outcome plus USD 19 per helpdesk seat a month. A resolution, a procedure handoff and a disqualification are each USD 0.99, while a qualification is USD 9.99. (checked Sep 2026)","Per billable outcome on text channels with a 50-outcome monthly minimum, plus optional per-seat helpdesk and add-on fees; Fin Voice quoted separately",source-checked,2026-09-23,https://fin.ai/pricing,https://fin.ai/voice/,no
ai-voice-agents-customer-support-platforms,Maven AGI,https://www.mavenagi.com/,enterprise,"Organisations that want to keep existing routing, numbers and contact centre platform, since Maven AGI states it connects over SIP, PSTN and WebRTC rather than replacing the stack","Quote-based. The /pricing path resolves to a demo booking page rather than any rate card, and no meter, band or floor is stated publicly. The company positions the product as enterprise and routes all enquiries through a personalised demo (checked Sep 2026)",Not recorded,source-checked,2026-09-23,,https://www.mavenagi.com/product/maven-voice,no
ai-voice-agents-customer-support-platforms,Parloa,https://parloa.com/,enterprise,"Enterprise CX teams that need to test and version a voice agent under change control before it answers customer calls, since Parloa builds its platform around that lifecycle","Quote-based. Parloa publishes no pricing page; the site returns a 404 at /pricing and routes every commercial path to a demo booking or a contact sales form. No band, floor or meter is stated publicly (checked Sep 2026)",Not recorded,source-checked,2026-09-23,,https://parloa.com/platform/,no
ai-voice-agents-customer-support-platforms,PolyAI,https://poly.ai/,enterprise,"Organisations whose main support channel is a phone line with measurable handle time, since PolyAI prices per minute and commits to an uptime SLA on that line","Priced on a per-minute basis for ongoing use of the voice agent, with no rate published. PolyAI states that the per-minute price includes proactive performance improvements, maintenance and 24/7 support. Every plan is stated to include a web ticket portal with a 24/7/365 emergency support phone line, a 99.9 percent uptime SLA on customer phone lines, monitoring, upgrades to the latest features, and security controls with compliance certificates and regular audits (checked Sep 2026)","Per minute of voice agent use, with tuning, monitoring, upgrades and support stated as included in the rate",source-checked,2026-09-23,https://poly.ai/pricing/,,no
ai-voice-agents-customer-support-platforms,Regal,https://www.regal.ai/,enterprise,"Contact centres above roughly 25 agents and 100,000 monthly call minutes that run support alongside outbound calling, since Regal states that threshold itself","Quote-based. Regal states that pricing depends on factors specific to the team and requires contact, that a buyer pays for the features used, and that pricing is discounted as spend commitment and contract length rise. The pricing FAQ states that Regal works with enterprise companies and that a good proxy for fit is at least 25 agents and at least 100,000 call minutes a month. No rate is published (checked Sep 2026)","Priced on features used, with discounts stated for higher spend commitments and longer contracts",source-checked,2026-09-23,https://www.regal.ai/pricing,https://www.regal.ai/use-case/automate-customer-support,no
ai-voice-agents-customer-support-platforms,Replicant,https://www.replicant.com/,enterprise,"Support operations in regulated sectors that need business rules enforced outside the language model, since Replicant codifies policy in deterministic guardrails","Quote-based. Replicant describes pay-as-you-go pricing with contract terms that can be month-to-month or multi-year, an agreed business outcome used for performance evaluation, and an ROI analysis during the sales process. Its Replicare delivery model is described as one flat annual fee covering everything needed to deploy, maintain and continuously improve the agents, with unlimited use cases, delivery support and model updates included. No figure is published for either component (checked Sep 2026)","Usage-based with month-to-month or multi-year terms, plus a flat annual Replicare delivery fee",source-checked,2026-09-23,https://www.replicant.com/pricing,https://www.replicant.com/platform/conversation-automation-voice,no
ai-voice-agents-customer-support-platforms,Sierra,https://sierra.ai/,enterprise,"Support organisations that want billing tied to resolved conversations rather than seats or minutes, since Sierra states it is paid only when an agreed outcome completes","Outcome-based, with no rate published. Sierra states that payment is tied to a tangible business outcome such as a resolved support conversation, a saved cancellation or an upsell, that an unresolved conversation in most cases carries no charge, and that an escalated case in most cases carries no charge. Criteria for each outcome are described as agreed upfront. Where an outcome meter does not fit, routing or greeter-style interactions are priced by conversation count instead (checked Sep 2026)","Per completed outcome, with agreed criteria per outcome type and optional consumption pricing for routing-style interactions",source-checked,2026-09-23,https://sierra.ai/blog/outcome-based-pricing-for-ai-agents,,no
ai-voice-agents-customer-support-platforms,Yellow.ai,https://yellow.ai/,enterprise,"Support teams that want to build and test an agent before a procurement cycle, since Yellow.ai publishes a free tier with a stated overage rate","The Free plan includes one AI agent and 500 chat sessions a month, then USD 0.99 per resolution. It caps at two agents, 1,000 User360 records and one active campaign with ten templates, with limited access to voice, email, custom integrations and the AI copilot. The Enterprise plan is contact-us and is listed as unlimited across agents, sessions, builder access, integrations and campaigns, with 35-plus channels, 150-plus out-of-box integrations and SOC 2, GDPR and ISO compliance. No Enterprise figure is published (checked Sep 2026)","Free tier with 500 chat sessions a month included, USD 0.99 per resolution thereafter; Enterprise quoted",source-checked,2026-09-23,https://yellow.ai/pricing/,https://yellow.ai/voice-automation/,no
ai-voice-agents,CloudTalk AI Agents,https://www.cloudtalk.io/,mid-market,Sales and support teams wanting phone system plus agent,"AI Receptionist from $99/mo (€99), plus a seat plan from $25/user/mo billed annually (checked Sep 2026)",billed annually,source-checked,2026-09-11,https://www.cloudtalk.io/ai-voice-agent-pricing/,https://www.cloudtalk.io/,no
ai-voice-agents,Cognigy,https://www.cognigy.com/,enterprise,"Global enterprises on Genesys, NiCE or Amazon Connect",Quote-based (checked Sep 2026),Not recorded,source-checked,2026-09-11,,https://www.cognigy.com/,no
ai-voice-agents,Five9 AI Agents,https://www.five9.com/,enterprise,Contact centres consolidating AI and human agents,"From $119/user/mo, 50-seat minimum; AI Agents tiers quote-based (checked Sep 2026)",Not recorded,source-checked,2026-09-11,https://www.five9.com/products/pricing,https://www.five9.com/,no
ai-voice-agents,Goodcall,https://www.goodcall.com/,smb,Local service businesses answering every inbound call,From $79/mo (checked Sep 2026),Not recorded,source-checked,2026-09-11,https://www.goodcall.com/pricing,https://www.goodcall.com/,no
ai-voice-agents,Kore.ai,https://kore.ai/,enterprise,Regulated enterprises needing customer and employee agents,Quote-based (checked Sep 2026),Not recorded,source-checked,2026-09-11,,https://kore.ai/,no
ai-voice-agents,PolyAI,https://poly.ai/,enterprise,Enterprise contact centres replacing IVR with conversation,Quote-based (checked Sep 2026),Not recorded,source-checked,2026-09-11,https://poly.ai/pricing,https://poly.ai/,no
ai-voice-agents,Rosie,https://heyrosie.com/,smb,Small businesses replacing a missed-call voicemail box,From $49/mo (checked Sep 2026),Not recorded,source-checked,2026-09-11,https://heyrosie.com/pricing,https://heyrosie.com/,no
ai-voice-agents,Sierra,https://sierra.ai/,enterprise,Large consumer brands automating support end to end,Quote-based (checked Sep 2026),Not recorded,source-checked,2026-09-11,https://sierra.ai/blog/outcome-based-pricing-for-ai-agents,https://sierra.ai/,no
ai-voice-agents,Smith.ai,https://smith.ai/,smb,Law firms wanting AI with human receptionist fallback,Free tier; paid from $150/mo (checked Sep 2026),Not recorded,source-checked,2026-09-11,https://smith.ai/ai-receptionist,https://smith.ai/,no
ai-voice-agents,Synthflow,https://synthflow.ai/,mid-market,Enterprises building custom call flows with vendor support,"From $30,000/year (checked Sep 2026)",Not recorded,source-checked,2026-09-11,https://synthflow.ai/pricing,https://synthflow.ai/,no
ai-voice-assistants,Dialzara,https://dialzara.com/,smb,Very small businesses testing AI answering cheaply,From $29/mo (checked Sep 2026),Not recorded,source-checked,2026-09-11,https://dialzara.com/pricing,https://dialzara.com/,no
ai-voice-assistants,Frontdesk,https://www.myaifrontdesk.com/,smb,"Solo operators wanting voice, chat and CRM bundled","From $99/mo, or $79/mo billed annually (checked Sep 2026)",Not recorded,source-checked,2026-09-11,https://www.myaifrontdesk.com/pricing,https://www.myaifrontdesk.com/,no
ai-voice-assistants,Goodcall,https://www.goodcall.com/,smb,Local service businesses needing fast self-serve setup,From $79/mo (checked Sep 2026),Not recorded,source-checked,2026-09-11,https://www.goodcall.com/pricing,https://www.goodcall.com/,no
ai-voice-assistants,Lindy,https://www.lindy.ai/,mid-market,Teams automating voice plus back-office task workflows,From $29.99/user/mo (checked Sep 2026),Not recorded,source-checked,2026-09-11,https://www.lindy.ai/pricing,https://www.lindy.ai/,no
ai-voice-assistants,PolyAI,https://poly.ai/,enterprise,Enterprise contact centres automating complex regulated calls,Quote-based (checked Sep 2026),Not recorded,source-checked,2026-09-11,https://poly.ai/pricing,https://poly.ai/,no
ai-voice-assistants,Rosie,https://heyrosie.com/,smb,Small businesses replacing missed calls with booked jobs,From $49/mo (checked Sep 2026),Not recorded,source-checked,2026-09-11,https://heyrosie.com/pricing,https://heyrosie.com/,no
ai-voice-assistants,Sameday AI,https://sameday.ai/,specialist,Home services companies booking jobs from inbound calls,From $449/mo (checked Sep 2026),Not recorded,source-checked,2026-09-11,https://sameday.ai/pricing,https://sameday.ai/,no
ai-voice-assistants,Slang.ai,https://www.slang.ai/,specialist,Restaurants handling reservation calls at high volume,From $399/mo (checked Sep 2026),Not recorded,source-checked,2026-09-11,https://www.slang.ai/pricing,https://www.slang.ai/,no
ai-voice-assistants,Smith.ai,https://smith.ai/,mid-market,Firms wanting AI answering with human agent fallback,From $300/mo (checked Sep 2026),Not recorded,source-checked,2026-09-11,https://smith.ai/pricing,https://smith.ai/,no
ai-voice-assistants,Synthflow,https://synthflow.ai/,enterprise,Enterprises deploying voice agents with in-house telephony,"From $30,000/year (checked Sep 2026)",Not recorded,source-checked,2026-09-11,https://synthflow.ai/pricing,https://synthflow.ai/,no
ai-voice-generators,Altered,https://www.altered.ai/,specialist,"Film, game and media production teams that need performance-driven voice morphing with licence terms stated in the plan","Free US$0 with 3 minutes a month under an attribution licence; Creator US$30 and Professional US$90 per month billed annually, excluding tax; Enterprise on request (checked Sep 2026)","Monthly, quarterly or annual subscription, advertised at 10 and 25 per cent savings; prices exclude tax; Enterprise on request",source-checked,2026-09-20,https://www.altered.ai/pricing,https://www.altered.ai/altered-studio,no
ai-voice-generators,Descript,https://www.descript.com/,mid-market,Podcast and video teams who edit audio as text and want generated speech to replace a recorded line in the same timeline,"Free tier with 60 media minutes; Hobbyist US$16, Creator US$24 and Business US$50 per person per month billed annually (US$24, US$35 and US$65 monthly); Enterprise custom (checked Sep 2026)","Per-seat monthly or annual subscription, annual billing advertised at up to 35 per cent saving; Enterprise on custom terms",source-checked,2026-09-20,https://www.descript.com/pricing,,no
ai-voice-generators,ElevenLabs Studio,https://elevenlabs.io/studio,specialist,"Creators who want voiceover, dubbing, music and sound effects inside one project workspace rather than a single-purpose voice tool","ElevenCreative plans: Free US$0 with 10,000 credits, Starter US$6, Creator US$22 (first month US$11), Pro US$99, Scale US$299 and Business US$990 per month; Enterprise custom (checked Sep 2026)",Monthly subscription with monthly credits; Enterprise on custom terms,source-checked,2026-09-20,https://elevenlabs.io/pricing,https://elevenlabs.io/docs/product-guides/products/studio,no
ai-voice-generators,Fish Audio,https://fish.audio/,specialist,Creators producing long-form narration or character work who want emotional direction written inline in the script,"Free US$0 with 8,000 credits a month; Plus US$11, Pro US$75 and Max US$749 per month billed annually (US$15, US$100 and US$999 monthly); Enterprise custom (checked Sep 2026)","Monthly or annual subscription, annual billing advertised as three months off; Enterprise billed annually with custom volume pricing",source-checked,2026-09-20,https://fish.audio/plan/,https://docs.fish.audio/,no
ai-voice-generators,Listnr,https://listnr.ai/,smb,Solo producers and small agencies publishing podcasts and embedded audio alongside their voiceover work,"Free US$0 with 1,000 starting credits; Individual US$19, Solo US$39 and Agency US$99 per month (US$190, US$390 and US$990 billed annually); custom pricing above that (checked Sep 2026)","Monthly or annual subscription, annual billing advertised as two months free; custom plans on request",source-checked,2026-09-20,https://listnr.ai/pricing,https://listnr.ai/text-to-speech,no
ai-voice-generators,Murf Studio,https://murf.ai/,mid-market,"Learning and enablement teams producing corporate voiceover inside PowerPoint, Google Slides and Canva workflows",Studio plans: Free US$0 with 10 minutes of voice generation; Creator US$19 per month (US$228 billed annually); Business US$66 per month (US$792 billed annually); Enterprise custom (checked Sep 2026),"Monthly or annual subscription, annual billing advertised at a 33 per cent saving; Enterprise on custom terms",source-checked,2026-09-20,https://murf.ai/pricing,https://murf.ai/text-to-speech,no
ai-voice-generators,Speechify Studio,https://speechify.com/studio/,specialist,"Creators who want voiceover, dubbing and a voice changer at a fixed annual price rather than a monthly credit subscription","Free US$0 with 600 Studio credits; Studio Starter US$100 per year with 86,400 credits; Studio Creator US$300 per year with 345,600 credits (checked Sep 2026)",Annual subscription; the free plan carries no commercial usage rights,source-checked,2026-09-20,https://speechify.com/pricing-studio/,,no
ai-voice-generators,Typecast,https://www.typecast.ai/,smb,Creators producing character or emotional narration who want fine control over delivery at a low monthly entry price,"Free US$0 with 3,000 lifetime download credits; Basic US$5, Plus US$19, Pro US$29 and Business US$69 per month (US$54, US$204, US$312 and US$744 billed yearly); Enterprise on request (checked Sep 2026)","Monthly or yearly subscription, yearly billing advertised at a 10 per cent saving; Enterprise on request",source-checked,2026-09-20,https://www.typecast.ai/pricing,https://www.typecast.ai/text-to-speech,no
ai-voice-generators,WellSaid Labs,https://wellsaidlabs.com/,mid-market,Corporate training and enablement teams that iterate through many takes before exporting a finished voiceover,Free trial with 3 download minutes per month; Starter US$10 and Pro US$33 per month billed annually (US$19 and US$49 monthly); Business US$160 per user per month billed annually; Enterprise custom (checked Sep 2026),Monthly or annual subscription for individual plans; team plans billed annually; Enterprise on custom terms,source-checked,2026-09-20,https://wellsaidlabs.com/pricing/,,no
ai-workflow-automation-platforms,Activepieces,https://www.activepieces.com/,smb,"Teams that want to put chat, AI agents, automation flows and tables in one workspace, on Activepieces' cloud or their own servers, with flat monthly plans, as Activepieces documents","Free at $0 with 100 credits a day. Plus costs $20 flat per month with 10,000 credits a month and up to 5 users. Team costs $200 flat per month with 50,000 credits a month and 25 users. Extra credits on Plus and Team cost $0.007 each. Ultimate is quoted with a yearly credit pool, and Embed starts from $36,000 a year. Annual billing saves two months (checked Sep 2026)","Flat per month, billed monthly or annually; Embed per year",source-checked,2026-09-25,https://www.activepieces.com/pricing,,no
ai-workflow-automation-platforms,Gumloop,https://www.gumloop.com/,mid-market,"Business teams in sales, marketing, support and operations that want to describe work in plain language and get agents that act in company apps, with IT controls such as SSO and audit logs, as Gumloop documents","Pro starts at $37 per month with a 14-day free trial, unlimited agents, seats and teams, 20,000 included credits per month, 35+ models and bring-your-own API keys; the plan table lists an 8 per cent orchestration fee. Enterprise is custom priced (checked Sep 2026)",Per month; billing cadence not stated,source-checked,2026-09-25,https://www.gumloop.com/pricing,,no
ai-workflow-automation-platforms,Make,https://www.make.com/en,smb,"Individuals and small and mid-sized business teams that want to design automations and AI agents on a visual canvas across marketing, sales, operations and finance apps, as Make documents","Free plan at $0 with 1,000 credits per month and a 15-minute minimum interval between runs. The Make Plan starts at $9 per month billed annually or $10.59 billed monthly for 5,000 credits, rising with credit volume, for example $16 annually or $18.82 monthly for 10,000 credits. Enterprise is custom priced. Each module action counts as one credit (checked Sep 2026)","Per month by credit volume, billed monthly or annually",source-checked,2026-09-25,https://www.make.com/en/pricing,,no
ai-workflow-automation-platforms,Microsoft Power Automate,https://www.microsoft.com/en-us/power-platform/products/power-automate,enterprise,"Organisations standardised on Microsoft 365 that need API-based cloud flows, desktop RPA for legacy systems and process mining under one licence family, as Microsoft documents for Power Automate","Power Automate Premium costs $15.00 per user per month, Power Automate Process $150.00 per bot per month and Power Automate Hosted Process $215.00 per bot per month, each paid yearly. The Process Mining add-on costs $5,000.00 per tenant per month, paid yearly. A 30-day free trial is available (checked Sep 2026)","Per user or per bot per month, paid yearly",source-checked,2026-09-25,https://www.microsoft.com/en-us/power-platform/products/power-automate/pricing,,no
ai-workflow-automation-platforms,n8n,https://n8n.io/,mid-market,"IT, security, DevOps and engineering-minded teams that want to build AI agents and workflows visually, write JavaScript or Python where needed, and run on their own infrastructure or n8n's cloud, as n8n documents","Starter €20 per month, Pro €50 per month and Business €667 per month, each billed annually; n8n states annual billing saves 17 per cent. Enterprise has a custom execution volume. All plans include unlimited users, workflows and integrations. A self-hosted Community Edition is available on GitHub (checked Sep 2026)","Per month, billed annually; monthly billing available at a higher rate",source-checked,2026-09-25,https://n8n.io/pricing/,,no
ai-workflow-automation-platforms,Pipedream,https://pipedream.com/,specialist,"Developers who want to automate processes that connect APIs with code-level control, build AI agents from prompts, or embed managed integrations and MCP tools in their own products, as Pipedream documents","Free at $0 with up to 100 credits a month and 3 active workflows. Basic costs $29 per month ($348 billed annually), Advanced $49 per month ($588 billed annually) and Connect $99 per month ($1,188 billed annually), with Connect including auth for 100 external users and $2 per additional user. Business is custom priced (checked Sep 2026)","Per month, billed annually; Business custom",source-checked,2026-09-25,https://pipedream.com/pricing,,no
ai-workflow-automation-platforms,Tray.ai,https://tray.ai/,enterprise,"Enterprise IT and integration teams that want process automation, data integration, AI agents and governed MCP services on one platform with role-based access and audit trails, as Tray.ai documents","No published price. Tray.ai lists Pro, Team and Enterprise plans that differ by workspaces, insights retention and security features, each sold through a demo or sales request, with usage scaled through Tasks and add-ons (checked Sep 2026)",Not recorded,source-checked,2026-09-25,https://tray.ai/pricing,,no
ai-workflow-automation-platforms,UiPath,https://www.uipath.com/platform,enterprise,"Enterprises that need to coordinate AI agents, software robots, APIs and human approvals across long-running processes, including systems with no API such as mainframes, as UiPath documents","Community is free. Basic starts at $25 per month for basic personal automations at limited scale, hosted in UiPath's European region; UiPath notes an updated plan is coming. Standard and Enterprise are priced by sales (checked Sep 2026)",Basic per month; Standard and Enterprise not recorded,source-checked,2026-09-25,https://www.uipath.com/pricing,,no
ai-workflow-automation-platforms,Workato,https://www.workato.com/,enterprise,"Large enterprises that want to build and run agents, MCP servers, workflows and integrations on one integration platform with central identity, policy, approval and cost controls, as Workato documents",No published price. Workato's pricing page describes pricing built for flexibility and directs buyers to contact sales (checked Sep 2026),Not recorded,source-checked,2026-09-25,https://www.workato.com/pricing,,no
ai-workflow-automation-platforms,Zapier,https://zapier.com/,mid-market,"Business teams that want to connect AI assistants and agents to a large library of SaaS apps and run multi-step Zaps, Tables and Forms without code, as Zapier documents","Free plan at $0 with 100 tasks per month and two-step Zaps. Professional starts at $19.99 per month and Team at $69 per month with yearly billing selected, which Zapier states saves 33 per cent against monthly billing. Enterprise is priced on contact. Zapier Agents Pro is listed separately at $400 billed annually (checked Sep 2026)","Per month, shown with yearly billing selected; monthly billing costs more",source-checked,2026-09-25,https://zapier.com/pricing,,no
amazon-dsp-agencies,Acadia,https://acadia.io/,enterprise,"Brands that want their own Amazon DSP entity with an approved partner's platform fee and onboarding, rather than campaigns run from the agency's seat","Quote-based; no retainer, platform fee or minimum spend published. The DSP page refers to a reduced platform fee on seats it re-sells, without stating a rate (checked Sep 2026)",Not recorded,source-checked,2026-09-23,,https://acadia.io/services/retail-media-marketplaces/amazon-dsp/,no
amazon-dsp-agencies,Amazon Growth Lab,https://www.amazongrowthlab.com/,mid-market,Sellers that want DSP and Sponsored Ads run by one team on a contract they can leave at any time,"Quote-based; no fee, minimum spend or pricing model appears on the pages checked (checked Sep 2026)",Month-to-month service with cancellation at any time; a 90-day evaluation period is recommended but not required,source-checked,2026-09-23,,https://www.amazongrowthlab.com/amazon-dsp,no
amazon-dsp-agencies,AMZ Pathfinder,https://www.amzpathfinder.com/,specialist,"Established sellers weighing DSP against more Sponsored Ads budget, who want published criteria for that decision first","Quote-based; no fee, minimum spend or contract term is published. The site has no pricing page and the /pricing path returns 404 (checked Sep 2026)",Not recorded,source-checked,2026-09-23,,https://www.amzpathfinder.com/amazon-dsp-service/,no
amazon-dsp-agencies,Blue Wheel,https://www.bluewheelmedia.com/,mid-market,"Advertisers under Amazon's published managed-service floor, and non-endemic brands that want Amazon shopper data without selling on the marketplace","Quote-based; pricing models and packages are described as varying with objectives, budget and goals, with no figure published. The page states no specific minimum requirement is enforced to start Amazon DSP (checked Sep 2026)",Not recorded,source-checked,2026-09-23,,https://www.bluewheelmedia.com/services/services-amazon-dsp,no
amazon-dsp-agencies,Envision Horizons,https://www.envisionhorizons.com/,mid-market,"Brands that treat DSP as one input to a retail media plan spanning Amazon, Walmart Connect and Target Roundel, with consolidated reporting","Quote-based; no fee, minimum spend or contract term is published on the pages checked, and the stated first step is a growth plan request (checked Sep 2026)",Not recorded,source-checked,2026-09-23,,https://www.envisionhorizons.com/amazon-advertising/,no
amazon-dsp-agencies,Kepler Group,https://www.keplergrp.com/,enterprise,"Brands that want DSP access with onboarding and training so the platform can be operated in-house, rather than a permanent managed-service relationship","Quote-based; the managed-service description claims transparent fees and competitive rates without publishing a figure, band or rate card (checked Sep 2026)",A three-month term is stated for the transitional in-housing package; other engagement models are not published,source-checked,2026-09-23,,https://www.keplergrp.com/amazon,no
amazon-dsp-agencies,Marknology,https://www.marknology.com/,mid-market,"Brands whose ad spend sits below the figure Amazon requires for managed service but that still want DSP inventory, on a monthly contract","Quote-based; no management fee published. The DSP guide states Amazon's managed service requires US$50,000 or more and that agency console access lets campaigns start near US$5,000 of monthly media; the DSP service page states US$50,000 or more of monthly ad spend (checked Sep 2026)",Month-to-month contracts are stated on the agency's Kansas City page; fee model not published,source-checked,2026-09-23,https://www.marknology.com/blogs/latest-e-commerce-news/amazon-dsp-advertising-complete-guide,https://www.marknology.com/pages/amazon-dsp-advertising,no
amazon-dsp-agencies,Podean,https://podean.com/,enterprise,"Brands running DSP in several markets that want stock levels, price changes and merchandising states to inform where media spends","Quote-based; no fee, minimum spend or contract term is published, and there is no standalone DSP pricing page (checked Sep 2026)",Not recorded,source-checked,2026-09-23,,https://podean.com/blog/running-amazon-dsp-the-right-way,no
amazon-dsp-agencies,Sequence Commerce,https://sequencecommerce.com/,specialist,"Brands that want audiences modelled in Amazon Marketing Cloud rather than Amazon's pre-built segments, and the AMC instance in their own name","Retainer scoped per engagement after a free audit; no fee or rate card published. The DSP page names Amazon's floor of US$35,000 monthly DSP ad spend, states this is Amazon's number rather than the agency's, and notes some partners pool budgets below it (checked Sep 2026)",Monthly retainer scoped after the audit; figure and contract length not published,source-checked,2026-09-23,https://sequencecommerce.com/amazon/dsp-agency/,https://sequencecommerce.com/amazon/dsp-agency/,no
amazon-dsp-agencies,Tinuiti,https://tinuiti.com/,enterprise,"Brands whose DSP spend competes with streaming television, paid social and paid search budgets and that want one team measuring across them","Quote-based; no rate, minimum spend or contract term is published (checked Sep 2026)",Not recorded,source-checked,2026-09-23,,https://tinuiti.com/services/amazon/,no
amazon-ppc-management-agencies,Amazon Growth Lab,https://www.amazongrowthlab.com/,mid-market,Sellers that want advertising managed month to month with a stated monitoring and reporting cadence and no long-term contract,Quote-based; no rate published (checked Sep 2026),Month-to-month service with no long-term contract; a 90-day minimum is recommended but not required,source-checked,2026-09-20,,https://www.amazongrowthlab.com/amazon-ppc-management,no
amazon-ppc-management-agencies,Canopy Management,https://canopymanagement.com/,mid-market,"Amazon and Walmart sellers that want advertising, DSP, listings, inventory and account-health work delivered by one full-service team",Quote-based; no rate published (checked Sep 2026),Not recorded,source-checked,2026-09-20,,https://canopymanagement.com/services/ppc-advertising/,no
amazon-ppc-management-agencies,Incrementum Digital,https://incrementumdigital.com/,specialist,"Brands running Amazon advertising alongside Walmart and TikTok Shop that want unified reporting across sales, ads, DSP and Amazon Marketing Cloud",Quote-based; no rate published (checked Sep 2026),Not recorded,source-checked,2026-09-20,,https://incrementumdigital.com/services/amazon-advertising/,no
amazon-ppc-management-agencies,My Amazon Guy,https://myamazonguy.com/,specialist,"Sellers that want Amazon advertising handled alongside catalog, listing and account-health troubleshooting by one Seller Central team",Advertising cost reduction audit from US$500 per Seller Central account; ongoing management quoted (checked Sep 2026),Audit priced per Seller Central account; management retainer cadence not published,source-checked,2026-09-20,https://myamazonguy.com/services/advertising-management/ad-cost-reduction/,https://myamazonguy.com/services/advertising-management/,no
amazon-ppc-management-agencies,Nuanced Media,https://nuancedmedia.com/,specialist,Brands that want a paid market-intelligence and strategy layer priced per product family before or alongside campaign execution,"Amazon Strategy base package US$2,600 per month including one product family; US$600 per month for each additional family (checked Sep 2026)",Monthly fee per product family; contract length not published,source-checked,2026-09-20,https://nuancedmedia.com/amazon-seller-consultant,https://nuancedmedia.com/amazon-seller-consultant,no
amazon-ppc-management-agencies,Olifant Digital,https://olifantdigital.com/,mid-market,Amazon and direct-to-consumer brands that want a published starting retainer and a stated refund window before committing,"Amazon PPC services start at US$2,000 per month and scale with catalog size and scope (checked Sep 2026)","Monthly fee; a 60-day refund of everything paid is stated, contract length not published",source-checked,2026-09-20,https://olifantdigital.com/services/amazon,https://olifantdigital.com/services/amazon/ppc,no
amazon-ppc-management-agencies,SalesDuo,https://salesduo.com/,mid-market,"Brands selling across several Amazon marketplaces, or on both Vendor Central and Seller Central, that want advertising and operations run together",Quote-based; no rate published (checked Sep 2026),Not recorded,source-checked,2026-09-20,,https://salesduo.com/amazon-ppc-agency/,no
amazon-ppc-management-agencies,Tinuiti,https://tinuiti.com/,enterprise,"Brands running Amazon alongside streaming television, paid social and paid search that want one media agency and cross-channel measurement",Quote-based; no rate published (checked Sep 2026),Not recorded,source-checked,2026-09-20,,https://tinuiti.com/services/amazon/,no
amazon-ppc-management-agencies,Trivium Group,https://triviumco.com/,specialist,"Supplement, health, wellness and consumer packaged goods brands that want an Amazon-only agency with a declared category focus and weekly reporting",Quote-based; no rate published (checked Sep 2026),Not recorded,source-checked,2026-09-20,,https://triviumco.com/amazon-ppc-management/,no
aml-software,ComplyAdvantage,https://complyadvantage.com/,mid-market,Fintechs needing screening data and monitoring in one platform,From $99/mo (checked Sep 2026),Not recorded,source-checked,2026-09-11,https://complyadvantage.com/pricing/,https://complyadvantage.com/pricing/,no
aml-software,Hawk,https://hawk.ai/,mid-market,Banks and payment firms consolidating fraud and AML detection,Quote-based (checked Sep 2026),Not recorded,source-checked,2026-09-11,,https://hawk.ai/,no
aml-software,Napier AI,https://www.napier.ai/,enterprise,Banks needing on-premises or cloud deployment flexibility,Quote-based (checked Sep 2026),Not recorded,source-checked,2026-09-11,,https://www.napier.ai/,no
aml-software,NICE Actimize,https://www.niceactimize.com/,enterprise,Tier 1 banks running enterprise-wide financial crime programmes,Quote-based (checked Sep 2026),Not recorded,source-checked,2026-09-11,,https://www.niceactimize.com/anti-money-laundering/,no
aml-software,Ondato,https://ondato.com/,smb,Smaller regulated firms in Europe needing per-check pricing,From €0.50/verification (checked Sep 2026),Not recorded,source-checked,2026-09-11,https://ondato.com/identity-verification-pricing/,https://ondato.com/,no
aml-software,Salv,https://salv.com/,specialist,European banks and fintechs sharing intelligence across institutions,Quote-based; free Bridge trial tier (checked Sep 2026),Not recorded,source-checked,2026-09-11,https://salv.com/product/salv-bridge/pricing,https://salv.com/,no
aml-software,SEON,https://seon.io/,mid-market,Digital businesses pairing fraud prevention with AML compliance,From $699/mo (checked Sep 2026),Not recorded,source-checked,2026-09-11,https://seon.io/pricing/,https://seon.io/,no
aml-software,Shufti Pro,https://shuftipro.com/,specialist,Global platforms needing low-cost per-check AML screening,Free tier; paid from $0.95/check (checked Sep 2026),Not recorded,source-checked,2026-09-11,https://shuftipro.com/pricing/,https://shuftipro.com/,no
aml-software,Sumsub,https://sumsub.com/,mid-market,Onboarding-heavy platforms combining KYC with AML screening,"From $149/mo minimum, plus $1.35 per verification (checked Sep 2026)",Not recorded,source-checked,2026-09-11,https://sumsub.com/pricing/,https://sumsub.com/,no
aml-software,Unit21,https://www.unit21.ai/,mid-market,Fintechs and sponsor banks automating alerts through to filing,Quote-based (checked Sep 2026),Not recorded,source-checked,2026-09-11,,https://www.unit21.ai/,no
aml-transaction-monitoring-software,Ambriel,https://ambriel.io/,smb,"Marketplaces, iGaming, crypto and small financial services platforms that want to budget monitoring before a sales call, since Ambriel publishes its platform fee and per-product overage rates","Platform plan 499 euro a month with fraud, AML, KYC and KYB products included. The plan includes 10,000 AML monitoring checks a month with overage at 0.007 euro each, 1,000 AML screening checks at 0.05 euro overage, 500 KYC verifications at 0.89 euro overage and 5 seats with extra seats at 4.90 euro. No long-term contract. Enterprise is quoted and adds on-premise deployment (checked Sep 2026)","Monthly platform fee plus metered overage per product, no long-term contract",source-checked,2026-09-23,https://ambriel.io/pricing,,no
aml-transaction-monitoring-software,Flagright,https://www.flagright.com/,mid-market,"Payment processors, digital banks, remittance and crypto firms that screen transactions in real time through an API, since Flagright publishes its p99 latency and lists those segments",No published price. The Flagright pricing page leads to a demo request rather than plans (checked Sep 2026),Quoted contract; no public billing terms,source-checked,2026-09-23,https://www.flagright.com/pricing,https://www.flagright.com/transaction-monitoring,no
aml-transaction-monitoring-software,Lucinity,https://lucinity.com/,mid-market,"Compliance teams that want to build and backtest their own scenarios without developers, since Lucinity documents a no-code scenario builder and a Time Machine that replays scenarios over historical data",No published price. Lucinity is quoted after a demo request (checked Sep 2026),Quoted contract; no public billing terms,source-checked,2026-09-23,,https://lucinity.com/transaction-monitoring,no
aml-transaction-monitoring-software,Nasdaq Verafin,https://verafin.com/,enterprise,"Banks and credit unions in the United States and Canada, because the product documents FinCEN SAR and CTR automation and FINTRAC STR, LCTR and EFTR report formats and states that more than 3,800 banks and credit unions use it",No published price. Transaction monitoring is sold within the AML/CFT Compliance and Management product and quoted after a demo request (checked Sep 2026),Quoted contract; no public billing terms,source-checked,2026-09-23,,https://verafin.com/solution/transaction-monitoring/,no
aml-transaction-monitoring-software,Oracle FCCM Transaction Monitoring,https://www.oracle.com/financial-services/aml-financial-crime-compliance/transaction-monitoring/,enterprise,"Banks that run many payment channels, because Oracle documents monitoring across real-time, cross-border, peer-to-peer, wallet, scam and dispute channels in one product",No published price. Oracle Financial Crime and Compliance Management is quoted by Oracle (checked Sep 2026),Quoted contract; no public billing terms,source-checked,2026-09-23,,https://www.oracle.com/financial-services/aml-financial-crime-compliance/transaction-monitoring/,no
aml-transaction-monitoring-software,SAS Anti-Money Laundering,https://www.sas.com/en_us/software/anti-money-laundering.html,enterprise,"Institutions with in-house analytics staff who want to write and tune surveillance scenarios themselves, since SAS documents a low-code interface for authoring scenarios, screens and workflows without technical consultants",No published price. SAS Anti-Money Laundering is quoted by SAS sales (checked Sep 2026),Quoted contract; no public billing terms,source-checked,2026-09-23,,https://www.sas.com/en_us/software/anti-money-laundering.html,no
aml-transaction-monitoring-software,Siron One (IMTF),https://imtf.com/use-cases/aml-transaction-monitoring/,enterprise,"Institutions whose financial intelligence unit uses goAML, because Siron One documents goAML regulatory reporting and one-click SAR submission alongside adaptation to local formats",No published price. Siron One is quoted by IMTF (checked Sep 2026),Quoted contract; no public billing terms,source-checked,2026-09-23,,https://imtf.com/use-cases/aml-transaction-monitoring/,no
aml-transaction-monitoring-software,SymphonyAI Transaction Monitoring,https://www.symphonyai.com/financial-services/transaction-monitoring/,enterprise,"Large banks with high alert volumes, since SymphonyAI documents a triage agent that assesses every alert and worker agents that draft investigations before an investigator opens them",No published price. Transaction monitoring is quoted after a consultation request (checked Sep 2026),Quoted contract; no public billing terms,source-checked,2026-09-23,,https://www.symphonyai.com/financial-services/transaction-monitoring/,no
aml-transaction-monitoring-software,ThetaRay,https://www.thetaray.com/,specialist,"Institutions that want an AI detection engine with automatic documentation of detection logic, because ThetaRay describes audit trails generated by its Cognitive AI engine for regulator review",No published price. ThetaRay is quoted after a demo request (checked Sep 2026),Quoted contract; no public billing terms,source-checked,2026-09-23,,https://www.thetaray.com/solutions/transaction-monitoring/,no
aml-transaction-monitoring-software,Tookitaki FinCense,https://www.tookitaki.com/,specialist,"Banks, digital banks, e-wallets and payment providers in Asia-Pacific, since Tookitaki positions FinCense for APAC and documents industry pages for each of those segments",No published price. FinCense is quoted after a demo request (checked Sep 2026),Quoted contract; no public billing terms,source-checked,2026-09-23,,https://www.tookitaki.com/product-aml-transaction-monitoring,no
answer-engine-optimization-tools,Chosenly,https://chosenly.com/,specialist,B2B brands wanting execution as well as measurement,From $150/mo billed annually (checked Sep 2026),Billed annually (25% discount vs monthly $200); three-month minimum commitment,source-checked,2026-09-08,https://chosenly.com/pricing,,no
answer-engine-optimization-tools,Conductor,https://www.conductor.com/,enterprise,Enterprise teams combining AEO with existing SEO programmes,Quote-based (checked Sep 2026),"Usage-based; Essentials offers a free trial, Growth and Enterprise require a sales conversation",source-checked,2026-09-08,https://www.conductor.com/pricing/,,no
answer-engine-optimization-tools,Evertune,https://www.evertune.ai/,enterprise,Advertisers combining AI visibility with paid placement,From $800/mo (checked Sep 2026),Monthly (Pro); Enterprise is custom/quote-based,source-checked,2026-09-08,https://www.evertune.ai/pricing,,no
answer-engine-optimization-tools,Nightwatch,https://nightwatch.io/,mid-market,Correlating ranking movement with AI citation changes,From €79/mo (checked Sep 2026),Monthly or annual (20% discount on annual); prices published in EUR only; Enterprise custom,source-checked,2026-09-08,https://nightwatch.io/pricing/,,no
answer-engine-optimization-tools,Otterly.ai,https://otterly.ai/,smb,Small teams starting AI visibility monitoring cheaply,From $29/mo (checked Sep 2026),"Monthly or annual (15% discount on annual); Enterprise custom from $1,000/mo",source-checked,2026-09-08,https://otterly.ai/pricing/,,no
answer-engine-optimization-tools,Profound,https://www.tryprofound.com/,enterprise,Brands that need answer engine data at scale,From $99/mo billed annually (checked Sep 2026),Billed annually (2 months free on annual); Enterprise is custom/quote-based,source-checked,2026-09-08,https://www.tryprofound.com/pricing,,no
answer-engine-optimization-tools,Promptwatch,https://promptwatch.com/,mid-market,Technical teams correlating AI crawlers with citations,Free tier; paid from $95/mo (checked Sep 2026),Monthly or annual billing offered,source-checked,2026-09-08,https://promptwatch.com/pricing,,no
answer-engine-optimization-tools,Rankscale,https://rankscale.ai/,mid-market,Agencies tracking many brands across many engines,From $20/mo (checked Sep 2026),Monthly or annual (15% discount on annual); Custom plan is quote-based,source-checked,2026-09-08,https://rankscale.ai/pricing,,no
answer-engine-optimization-tools,SE Ranking,https://www.seranking.com/,mid-market,SEO teams adding AI tracking to existing rank tracking,From $129/mo (checked Sep 2026),Monthly or annual (20% discount on annual); Enterprise custom; AI Search add-on billed separately,source-checked,2026-09-08,https://www.seranking.com/pricing/,,no
answer-engine-optimization-tools,Writesonic,https://writesonic.com/,mid-market,Teams wanting tracking and content production together,From $79/mo billed annually (checked Sep 2026),Billed annually (20% savings vs monthly); Enterprise is custom/quote-based,source-checked,2026-09-08,https://writesonic.com/pricing,,no
b2b-customer-portal-software,Billtrust,https://www.billtrust.com/,enterprise,"Suppliers whose customers pay from inside their own accounts payable portals, where expecting them to adopt a supplier portal is unrealistic","Quote-based: no rate card, plan list or pricing page is published for the invoicing, payments or portal products, and the vendor routes buyers to a product tour or a demonstration (checked Sep 2026)",Not recorded,source-checked,2026-09-22,https://www.billtrust.com/products/payments,https://www.billtrust.com/products/invoicing,no
b2b-customer-portal-software,Corevist,https://www.corevist.com/sap-b2b-portal/,mid-market,"Manufacturers running SAP ECC or S/4HANA whose buyers need pricing, availability and order status read live from the ERP rather than from a replicated copy","Published: Essential from $2,500 a month and Professional from $3,500 a month, with Enterprise priced to scope; the pricing page states that SAP integration is included in every plan (checked Sep 2026)","Monthly subscription, published as a starting rate per plan, Enterprise quoted",source-checked,2026-09-22,https://www.corevist.com/corevist-pricing/,https://www.corevist.com/sap-customer-portal-solution/,no
b2b-customer-portal-software,Liferay DXP,https://www.liferay.com/products/dxp,enterprise,"Organisations whose customers currently use several disconnected systems for ordering, service tickets, warranty claims and documents, and want one signed-in surface over all of them","Quote-based: no rate card or entry tier is published on the product or customer portal pages, and the vendor routes buyers to a demo or a free trial (checked Sep 2026)",Not recorded,source-checked,2026-09-22,,https://www.liferay.com/solutions/customer-portals,no
b2b-customer-portal-software,Magentrix Customer Portals,https://www.magentrix.com/home/customer-portal,mid-market,"Salesforce or Microsoft Dynamics customers whose portal need is support, knowledge and customer enablement, and who want a published monthly figure rather than a per-seat meter","Published: Essentials at $1,000 a month and Advanced at $1,200 a month on an annual contract, with an Unlimited tier quoted; the pricing page states that month-to-month billing carries a 10 percent surcharge (checked Sep 2026)","Annual, quarterly or monthly billing, with a stated 10 percent surcharge on monthly terms",source-checked,2026-09-22,https://www.magentrix.com/pricing/customer-portal,https://www.magentrix.com/features/customer-management,no
b2b-customer-portal-software,Microsoft Power Pages,https://www.microsoft.com/en-us/power-platform/products/power-pages,mid-market,Organisations already holding customer data in Dataverse or Dynamics 365 that want to build the portal themselves and pay for it by site rather than by named external user,"Published: $200 per site per month for 100 authenticated users, and $75 per site per month for 500 anonymous users, both paid yearly, with a 30-day free trial; Dataverse capacity is stated per plan (checked Sep 2026)","Annual commitment, billed per website with a stated monthly user allowance",source-checked,2026-09-22,https://www.microsoft.com/en-us/power-platform/products/power-pages/pricing,,no
b2b-customer-portal-software,Salesforce Service Portal,https://www.salesforce.com/service/customer-self-service/,enterprise,"Organisations already on Service Cloud whose portal audience signs in irregularly, because a per-login meter and a per-member meter are both published","Published: Service Portal Login at $4 per login and Service Portal Member at $10 per member, added to a Service Cloud edition; the page states that some editions include self-service already. Help Agent resolutions are priced separately at $2 per resolution (checked Sep 2026)","Per login or per member, added to an underlying Service Cloud edition; Help Agent billed per resolution",source-checked,2026-09-22,https://www.salesforce.com/service/customer-self-service/pricing/,,no
b2b-customer-portal-software,Unilog CX1,https://www.unilogcorp.com/,mid-market,"Distributors in plumbing, pipe and valve, electrical or industrial supply whose portal problem is as much product content as transactions","Quote-based: no rate card, entry tier or pricing page is published for any CX1 edition, and the vendor routes buyers to a conversation about which edition fits (checked Sep 2026)",Not recorded,source-checked,2026-09-22,,https://www.unilogcorp.com/products/ecommerce/,no
b2b-customer-portal-software,Versapay,https://www.versapay.com/,mid-market,"Suppliers whose customer-facing problem is the invoice rather than the order, particularly where disputes and short payments currently travel by email","Quote-based: no rate card, plan list or pricing page is published for the portal or the wider accounts receivable platform, and the vendor routes enquiries to a demonstration (checked Sep 2026)",Not recorded,source-checked,2026-09-22,,https://www.versapay.com/solutions/digital-invoicing-customer-portal,no
b2b-customer-portal-software,WizShop by WizCommerce,https://www.wizcommerce.com/wizshop,smb,"Wholesalers and distributors whose buyers reorder from a known assortment, because the portal applies account-level catalogs, case packs and order minimums at sign-in","The vendor's published facts page states subscription plans typically starting around $500 a month, tailored to business size, the modules used and integration scope; the WizShop page itself publishes no rate card (checked Sep 2026)","Monthly subscription, described as a typical starting figure rather than a plan rate",source-checked,2026-09-22,,https://wizcommerce.com/llm-info/,no
b2b-ecommerce-platforms,B2B Wave,https://www.b2bwave.com/,smb,Small and mid-sized wholesalers and distributors that want a self-serve B2B ordering portal with published pricing and a free trial,"Pro listed at GBP 270 per month, with 50% off the first 3 months; Enterprise quote-based; no platform transaction fees (checked Sep 2026)",Monthly subscription,source-checked,2026-09-18,https://www.b2bwave.com/pricing,,no
b2b-ecommerce-platforms,BigCommerce B2B Edition,https://www.bigcommerce.com/b2b-ecommerce/,mid-market,"Wholesalers and manufacturers that want B2B and B2C storefronts on one SaaS back end with company accounts, quotes and invoice payment","Self-service plans from US$29 per month billed annually; B2B Edition is the enterprise B2B offering, available through sales (checked Sep 2026)",Self-service plans: monthly or annual,source-checked,2026-09-18,https://www.bigcommerce.com/pricing/,https://support.bigcommerce.com/s/article/B2B-Edition?language=en_US,no
b2b-ecommerce-platforms,MarketTime,https://www.markettime.com/b2b-e-commerce/,specialist,"Manufacturers and independent sales agencies in gift, home, toy and apparel that sell through multi-line reps and trade shows",Free BASIC plan for manufacturers; vendor's July 2024 sheet lists Order Delivery PLUS at US$600 per year; ecommerce bundles quote-based (checked Sep 2026),PLUS: annual flat fee,source-checked,2026-09-18,https://overview.markettime.com/hubfs/Confluence%20Sales%20Aids/Order%20Delivery%20and%20Bundles.pdf?hsLang=en,https://www.markettime.com/manufacturer-brand/,no
b2b-ecommerce-platforms,NuORDER by Lightspeed,https://www.nuorder.com/wholesale/online-wholesale/,mid-market,"Fashion, footwear and lifestyle brands selling wholesale to department stores and specialty retailers that want virtual showrooms and digital line sheets","Product page shows US$600 per month, with plans varying by the size and scale of the wholesale business; quote after a demo (checked Sep 2026)",Annual subscription (per the vendor's promotion terms),source-checked,2026-09-18,https://www.nuorder.com/wholesale/online-wholesale/,https://www.nuorder.com/wholesale/upgrade-offer/,no
b2b-ecommerce-platforms,OroCommerce,https://oroinc.com/b2b-ecommerce/,enterprise,"Mid-market and enterprise distributors, manufacturers and wholesalers with complex account structures that want commerce and CRM in one licence","Community Edition free; Enterprise Edition quote-based, licensed by GMV band and admin users, with 25 admin users included (checked Sep 2026)",Not recorded,source-checked,2026-09-18,https://oroinc.com/b2b-ecommerce/editions/,https://oroinc.com/b2b-ecommerce/faq/,no
b2b-ecommerce-platforms,Pepperi,https://www.advantive.com/products/pepperi/,mid-market,"Consumer goods brands and distributors that need a B2B portal, rep order taking, route accounting and retail execution on one platform","Quote-based; the former pepperi.com pricing page no longer resolves, and the Advantive product page offers a demo call without figures (checked Sep 2026)",Not recorded,source-checked,2026-09-18,,https://www.pepperi.com/b2b-e-commerce/,no
b2b-ecommerce-platforms,RepSpark,https://www.repspark.com/,specialist,"Apparel, golf and lifestyle brands that sell wholesale through sales reps and want a retailer ordering portal with live inventory","Quote-based; three packages (Accelerate, Professional, Enterprise) priced by internal users, with no GMV or transaction fees stated (checked Sep 2026)",Accelerate: monthly or annual subscription; Enterprise: annual subscription,source-checked,2026-09-18,https://www.repspark.com/pricing,https://www.repspark.com/enterprise,no
b2b-ecommerce-platforms,Sana Commerce Cloud,https://www.sana-commerce.com/,mid-market,Manufacturers and distributors running SAP or Microsoft Dynamics ERPs that want a webstore driven directly by ERP pricing and stock,"Quote-based; Essential, Pro and Advanced plans, pricing on request (checked Sep 2026)",Not recorded,source-checked,2026-09-18,https://www.sana-commerce.com/pricing/,,no
b2b-ecommerce-platforms,Shopify Plus (B2B on Shopify),https://www.shopify.com/plus,enterprise,"Direct-to-consumer brands adding wholesale that want B2B catalogs, company accounts and payment terms in the same Shopify admin","Shopify Plus starts at US$2,300 per month on a 3-year term or US$2,500 per month on a 1-year term, or a variable platform fee (checked Sep 2026)",1-year or 3-year term,source-checked,2026-09-18,https://www.shopify.com/plus/pricing,https://help.shopify.com/en/manual/b2b,no
b2b-ecommerce-platforms,WizCommerce,https://wizcommerce.com/,smb,"Wholesalers and distributors that take orders from field reps, trade shows and emailed purchase orders and want AI order entry into NetSuite or QuickBooks","Subscription typically starting around US$500 per month, tailored to business size, modules and integration scope, per the vendor's own facts page (checked Sep 2026)",Not recorded,source-checked,2026-09-18,,https://wizcommerce.com/llm-info/,no
b2b-order-management-software-platforms,Choco,https://choco.com/us,specialist,"Food and beverage wholesalers that receive many small orders from restaurants through informal channels, because Choco describes itself as an AI platform built for food and beverage distributors that captures voicemail, email, text and handwritten orders","No published figure. Choco charges a monthly fee that depends on the distributor's usage, and quotes it after a sales enquiry (checked Sep 2026)",Monthly fee based on usage,source-checked,2026-09-23,https://choco.com/us/pricing,,no
b2b-order-management-software-platforms,Conexiom,https://conexiom.com/,enterprise,"Manufacturers and distributors whose customers send purchase orders as emails, PDFs and spreadsheets, since Conexiom documents automation that turns unstructured orders into ERP-ready data for more than 40 ERPs",No published price. Conexiom Relay is sold after a demo request (checked Sep 2026),Quoted contract; no public billing terms,source-checked,2026-09-23,,https://conexiom.com/,no
b2b-order-management-software-platforms,inSitu Sales,https://www.insitusales.com/,smb,"Wholesale distributors that deliver their own orders, since inSitu Sales documents field sales, direct store delivery, warehouse picking and dispatch apps alongside a B2B ecommerce portal","Starter App and Starter B2B Ecommerce are $200 per month each. Pro, which combines both, is $329 per month. Enterprise is $429 per month and adds rep, picker and dispatch apps, a white-label B2B mobile app and NetSuite and SAP Business One integrations. Every plan includes 3 users, and additional app users are $34.99 per user per month. NetSuite and SAP Business One setup is $500 one time. A 14-day free trial is offered (checked Sep 2026)",Monthly subscription in USD; one-time setup for NetSuite and SAP Business One,source-checked,2026-09-23,https://www.insitusales.com/pricing,,no
b2b-order-management-software-platforms,Onsight,https://www.onsightapp.com/,smb,"Small and mid-sized wholesalers whose reps take orders in person, because Onsight documents a mobile catalogue with full offline support, barcode scanning and sales order creation, with plan limits of 500 to 1,000 orders a month","Starter is $54 per user per month and Business is $70 per user per month, in USD; larger teams are quoted. Customer logins and self-ordering cost $60 per month plus $1.20 per month. ERP and accounting connectors cost $29.50 per user per month. A 30-day free trial needs no credit card (checked Sep 2026)",Monthly per user; add-ons billed monthly,source-checked,2026-09-23,https://www.onsightapp.com/pricing,,no
b2b-order-management-software-platforms,Orderchamp Cloud,https://www.orderchamp.cloud/,smb,"Brands selling wholesale to independent retailers in Europe, since Orderchamp Cloud documents a branded B2B portal with VIES VAT verification, multilingual catalogues, MSRP by country and Peppol invoicing support","Flex starts at 49 euro per month plus a variable fee and includes the B2B portal and a sales app for 1 user. Fixed starts at 299 euro per month, priced by GMV volume with no variable fees, and adds unlimited sales app users, AI order conversion and dropship automation. Yearly billing saves 16 per cent. No setup or development fees (checked Sep 2026)","Monthly, or yearly at a 16 per cent discount",source-checked,2026-09-23,https://www.orderchamp.cloud/pricing,,no
b2b-order-management-software-platforms,OrderEase,https://www.orderease.com/,mid-market,"Suppliers, distributors and manufacturers that receive orders through several channels, because OrderEase describes itself as connecting B2B portals, ecommerce sites, marketplaces, EDI and sales reps into one system that syncs orders to the ERP","From $17 per day for core order automation, with unlimited users and logins, order automation, a core dashboard and standard onboarding. The monthly cost depends on connected sales channels, order volume and advanced features such as EDI, ERP integration and a partner portal. Advanced setup for EDI, ERP or complex workflows is sold as fixed-price implementation packages (checked Sep 2026)",Daily rate quoted as a starting price; implementation packages priced separately,source-checked,2026-09-23,https://www.orderease.com/pricing,,no
b2b-order-management-software-platforms,Orderful,https://www.orderful.com/,mid-market,"Suppliers selling to retailers and distributors that require EDI purchase orders, since Orderful documents X12 and EDIFACT support over AS2, SFTP and VAN, with a REST API for connecting orders to an internal system","Web EDI is $189 per month per trading partner, with webforms, UCC-128 labels and 24/7 EDI support. The integrated plan starts at $399 per month and adds the API for EDI and system-of-record connectors. A UCC-128 label API starts at $99 per month. Enterprise pricing is custom for more than 20 trading partners (checked Sep 2026)",Monthly; Web EDI billed per trading partner,source-checked,2026-09-23,https://www.orderful.com/pricing,,no
b2b-order-management-software-platforms,Orderwerks,https://www.orderwerks.com/,smb,"Wholesale sellers in regulated categories, because Orderwerks documents New York SLA compliance reporting for wine and spirits, federal tax stamp reporting for tobacco and FFL serial number tracking for firearms alongside rep and portal ordering","Base platform with web portal and offline sales app is $60 per user per month, with volume pricing for teams of 5 or more. The B2B ecommerce portal add-on is priced per setup. Enroute delivery management is $150 per month plus $25 per driver per month. No transaction fees or percentage of sales (checked Sep 2026)",Monthly per user; add-ons billed monthly or per setup,source-checked,2026-09-23,https://www.orderwerks.com/pricing,,no
b2b-order-management-software-platforms,Pipe17,https://pipe17.com/,mid-market,"Brands that sell both wholesale and direct to consumer and need one order layer across both, because Pipe17 documents flows for purchase orders, transfer orders, RMAs and settlement reports across storefronts, EDI, 3PLs and ERPs","No published figure. Pipe17 prices on order volume, connections, flows and sub-accounts. Configuration is a one-time charge based on connections, flows and scope, and advanced support packages are priced by need (checked Sep 2026)",Subscription quoted by volume and scope; one-time configuration charge,source-checked,2026-09-23,https://pipe17.com/pricing,,no
b2b-order-management-software-platforms,SimplyDepo,https://simplydepo.com/,smb,"CPG brands and small to mid-sized wholesale distributors in the United States and Canada whose reps take orders and audit shelves on the same visit, as SimplyDepo documents field sales, retail execution, route management and B2B ordering in one platform","Lean Teams $69 per rep per month, Growing Teams $59 per rep per month and Scaling Teams $49 per rep per month, billed monthly; yearly billing saves up to 30 per cent. Enterprise pricing is tailored. The SimplyAI Assistant add-on is $19 per rep per month. No setup fees and a 30-day free trial (checked Sep 2026)","Monthly per rep, or yearly with a discount",source-checked,2026-09-23,https://simplydepo.com/pricing/,,no
b2b-saas-marketing-agencies,Directive,https://directiveconsulting.com/,mid-market,"B2B technology and SaaS companies, including security and cloud software, that want paid media, content and SEO, creative and RevOps from one large agency",Quote-based; no rate published (checked Sep 2026),Not recorded,source-checked,2026-09-19,,https://directiveconsulting.com/industries/technology/,no
b2b-saas-marketing-agencies,Gripped,https://www.gripped.io/,specialist,"UK and European B2B SaaS, AI and tech companies between about £2 million and £20 million ARR that want demand generation, paid media, SEO and GEO from one agency","From £3,500 per month plus project fees; channel support from £7,500; full demand generation from £15,000 (checked Sep 2026)",Fixed monthly retainer; ad spend billed separately,source-checked,2026-09-19,https://www.gripped.io/pricing/,https://www.gripped.io/,no
b2b-saas-marketing-agencies,GrowthSpree,https://www.growthspreeofficial.com/,smb,"B2B SaaS companies that want Google, LinkedIn and Meta ads, ABM and RevOps for a flat fee on month-to-month terms","Flat-fee retainer from US$3,000 per month, no percentage-of-spend fee (checked Sep 2026)",Flat monthly fee; month-to-month,source-checked,2026-09-19,https://www.growthspreeofficial.com/blogs/b2b-saas-marketing-agency-pricing-2026-what-youll-actually-pay,https://www.growthspreeofficial.com/,no
b2b-saas-marketing-agencies,Hey Digital,https://www.heydigital.co/,specialist,"B2B SaaS companies that want paid search and paid social run by a specialist that works only with SaaS, with creative produced in-house",Quote-based; no rate published (checked Sep 2026),Not recorded,source-checked,2026-09-19,,https://www.heydigital.co/ppc-agency,no
b2b-saas-marketing-agencies,Kalungi,https://www.kalungi.com/,specialist,"B2B SaaS companies between about US$5 million and US$50 million in ARR that want to outsource the whole marketing function, leadership included","Full-service engagement US$50,000+ per month; Syntropy and T2D3 tiers quote-based (checked Sep 2026)",Monthly; minimum term not published,source-checked,2026-09-19,https://www.kalungi.com/services/full-service,https://www.kalungi.com/,no
b2b-saas-marketing-agencies,Powered by Search,https://poweredbysearch.com/,specialist,"B2B SaaS companies that want paid media, SEO with LLM visibility, or fractional RevOps bought as separate priced levers","Paid media from US$6,000 per month, SEO and LLM ranking from US$9,000, fractional RevOps from US$7,200; about 17 per cent lower on quarterly billing (checked Sep 2026)",Monthly or quarterly billing; quarterly rates lower,source-checked,2026-09-19,https://poweredbysearch.com/pricing/,https://poweredbysearch.com/,no
b2b-saas-marketing-agencies,SaaS Hero,https://www.saashero.net/,smb,"B2B SaaS companies with up to about US$10,000 a month in ad spend that want paid search and paid social on short agreements at a published flat fee","Growth Team US$4,500 per month, or US$6,000 with creative, for up to US$10,000 monthly ad spend (checked Sep 2026)","One 3-month agreement, billed monthly",source-checked,2026-09-19,https://www.saashero.net/pricing/,https://www.saashero.net/,no
b2b-saas-marketing-agencies,SimpleTiger,https://simpletiger.com/,specialist,"B2B SaaS and AI companies that want SEO, AI search visibility, paid ads and lifecycle email managed as one pipeline programme",Packages quote-based; SEO packages start at 5 per cent of revenue or funding (checked Sep 2026),Not recorded,source-checked,2026-09-19,https://simpletiger.com/pricing,https://simpletiger.com/,no
b2b-saas-ppc-agencies,Aimers,https://aimers.io/,specialist,Software companies that want paid search and paid social run by a small senior team with published client engagements naming the targeting problem solved,No rate published; engagements start with a free paid search growth plan (checked Sep 2026),Not recorded,source-checked,2026-09-20,,https://aimers.io/services/saas-ppc-agency,no
b2b-saas-ppc-agencies,Directive,https://directiveconsulting.com/,enterprise,"B2B software companies that want paid search modelled against deal economics, a scope documented in the Skillable paid media engagement reported on its PPC page and the dbt Coalesce cross-channel campaign published as a case study",No fee published; engagements begin with an audit and a partnership conversation (checked Sep 2026),Not recorded,source-checked,2026-09-20,,https://directiveconsulting.com/services/paid-media/,no
b2b-saas-ppc-agencies,Disruptive Advertising,https://disruptiveadvertising.com/,mid-market,Advertisers that suspect wasted spend and want an account audit before committing to a managed paid search or paid social programme,No fee published; the pricing page is a contact form rather than a rate card (checked Sep 2026),Not recorded,source-checked,2026-09-20,https://disruptiveadvertising.com/pricing/,https://disruptiveadvertising.com/advertising-services/ppc-management/,no
b2b-saas-ppc-agencies,HawkSEM,https://www.hawksem.com/,mid-market,Software marketing teams that want published price guidance and month-to-month terms before committing to a paid search programme,"Published guidance of US$1,200 per month for local programmes, US$3,450 per month for full-service pay-per-click management and US$10,000 or more per month for larger brands (checked Sep 2026)","Flat monthly fees, month-to-month, stated as no contracts",source-checked,2026-09-20,https://www.hawksem.com/what-we-do/ppc-management-services/,https://www.hawksem.com/saas_marketing_agency_services/,no
b2b-saas-ppc-agencies,Hey Digital,https://www.heydigital.co/,specialist,"B2B SaaS companies that want paid search and paid social run with in-house creative, a scope documented in its published PostHog engagement across search, paid social and three additional ad networks",No rate published; engagements quoted after a call (checked Sep 2026),Not recorded,source-checked,2026-09-20,,https://www.heydigital.co/services/ppc-agency,no
b2b-saas-ppc-agencies,KlientBoost,https://klientboost.com/,mid-market,"SaaS and B2B advertisers that want paid search, paid social, landing pages and conversion work bought as one engagement rather than as separate retainers",No rate card published; the pricing page returns three pricing options after a free marketing plan request (checked Sep 2026),Not recorded,source-checked,2026-09-20,https://klientboost.com/pricing/,https://klientboost.com/services/ppc-agency/,no
b2b-saas-ppc-agencies,Powered by Search,https://www.poweredbysearch.com/,specialist,"B2B SaaS teams that want paid media bought as a separately priced lever, a scope documented on its paid ads page through the Loopio LinkedIn programme and the Projul monthly recurring revenue engagement","Paid media management from US$6,000 per month on monthly billing, US$14,400 for the Scale Up tier and US$21,600 for Enterprise; US$5,000, US$12,000 and US$18,000 on quarterly billing (checked Sep 2026)",Monthly or quarterly billing; quarterly rates lower,source-checked,2026-09-20,https://www.poweredbysearch.com/pricing/,https://www.poweredbysearch.com/services/paid-ads/,no
b2b-saas-ppc-agencies,SevenAtoms,https://www.sevenatoms.com/,mid-market,"Software companies that want paid search, paid social and the landing pages behind them produced by the same supplier",No rate published; engagements start with a free proposal request (checked Sep 2026),Not recorded,source-checked,2026-09-20,,https://www.sevenatoms.com/saas-ppc-agency,no
b2b-saas-ppc-agencies,Single Grain,https://www.singlegrain.com/,mid-market,"Software companies that want paid acquisition run alongside content, search and conversion work by a generalist agency with published software client names","Monthly retainer, stated as usually a percentage of advertising spend or a smaller management fee; no rate published (checked Sep 2026)","Monthly retainer, commonly a percentage of ad spend",source-checked,2026-09-20,https://www.singlegrain.com/ppc-agency/,https://www.singlegrain.com/ppc-agency/,no
b2b-saas-ppc-agencies,TripleDart,https://www.tripledart.com/,specialist,"B2B SaaS teams that want paid search, paid social and account-based campaigns on a flat monthly retainer rather than a fee that rises with ad spend","Paid Performance from US$5,000 per month as a flat retainer, with no percentage of ad spend (checked Sep 2026)",Flat retainer billed monthly; no long-term lock-in stated,source-checked,2026-09-20,https://www.tripledart.com/paid-media-agency,https://www.tripledart.com/paid-media-agency,no
b2b-tech-pr-agencies,10Fold,https://www.10fold.com/,specialist,"Enterprise and high-growth B2B technology companies that need media relations, analyst relations and research-led content from one agency",Quote-based; no retainer figures published on the pages checked (checked Sep 2026),Not recorded,source-checked,2026-09-19,,https://10fold.com/case-studies/10fold-and-certinia-research-driven-tier-1-business-press-visibility/,no
b2b-tech-pr-agencies,Bospar,https://www.bospar.com/,mid-market,"Technology companies with funding, product or IPO news that want aggressive earned-media outreach from a distributed US agency",Quote-based; no retainer figures published on the pages checked (checked Sep 2026),Not recorded,source-checked,2026-09-19,,https://bospar.com/case-study/snowflake/,no
b2b-tech-pr-agencies,Clarity,https://www.clarity.global/,mid-market,"B2B technology brands expanding across the US, UK and Europe that want one senior-led team for PR, marketing and policy communications",Quote-based; no retainer figures published on the pages checked (checked Sep 2026),Not recorded,source-checked,2026-09-19,,https://www.clarity.global/,no
b2b-tech-pr-agencies,Crackle PR,https://www.cracklepr.com/,specialist,Venture-backed and enterprise B2B tech companies that want a senior-only PR team with a published retainer floor and AI search visibility work included,"Retainers from US$12,000 per month; six-month minimum, then month-to-month (checked Sep 2026)","Monthly retainer; six-month minimum engagement, then month-to-month",source-checked,2026-09-19,https://www.cracklepr.com/pricing,https://www.cracklepr.com/work,no
b2b-tech-pr-agencies,Highwire,https://www.highwirepr.com/,enterprise,"B2B technology and cybersecurity companies that want category-creation campaigns combining media relations, research reports and owned content",Quote-based; no retainer figures published on the pages checked (checked Sep 2026),Not recorded,source-checked,2026-09-19,,https://www.teamhighwire.com/work/twilio-communications-platform,no
b2b-tech-pr-agencies,Hotwire,https://www.hotwireglobal.com/,enterprise,"Global technology brands that need PR, account-based marketing and data analytics across multiple regions",Quote-based; no retainer figures published on the pages checked (checked Sep 2026),Not recorded,source-checked,2026-09-19,,https://www.hotwireglobal.com/case-studies/building-on-commvaults-strengths/,no
b2b-tech-pr-agencies,Inkhouse,https://www.inkhouse.com/,mid-market,"Venture-backed and growth-stage technology companies that want PR and digital content run as one programme, from launch through IPO",Quote-based; no retainer figures published on the pages checked (checked Sep 2026),Not recorded,source-checked,2026-09-19,,https://www.inkhouse.com/,no
b2b-tech-pr-agencies,Mission North,https://www.missionnorth.com/,enterprise,"Late-stage and public technology companies that need IPO communications, executive positioning and issues management",Quote-based; no retainer figures published on the pages checked (checked Sep 2026),Not recorded,source-checked,2026-09-19,,https://www.missionnorth.com/case-studies/snowflake,no
b2b-tech-pr-agencies,Treble,https://www.treblepr.com/,specialist,Venture-backed B2B tech start-ups and venture capital firms that want earned-media programmes aimed at funding announcements and exits,Quote-based; no retainer figures published on the pages checked (checked Sep 2026),Not recorded,source-checked,2026-09-19,,https://treblepr.com/portfolio/,no
b2b-tech-pr-agencies,Walker Sands,https://www.walkersands.com/,mid-market,Growth-stage and enterprise B2B technology companies that want PR delivered inside a wider integrated marketing and RevOps programme,Quote-based; no retainer figures published on the pages checked (checked Sep 2026),Not recorded,source-checked,2026-09-19,,https://www.walkersands.com/about/,no
board-portal-software-for-enterprise,Aprio Boardroom,https://aprioboardportal.com/pricing/,smb,"Enterprises that want SOC 2 Type 2, ISO 27001 and SSO with unlimited administrators under one flat organization fee",Quote-based (checked Sep 2026),Not recorded,source-checked,2026-09-11,https://aprioboardportal.com/pricing/,https://aprioboardportal.com/pricing/,no
board-portal-software-for-enterprise,Convene (Azeus),https://www.azeusconvene.com/pricing,enterprise,Security-conscious enterprises that need broad ISO and SOC audit coverage or an on-premise hosting option,Quote-based (checked Sep 2026),Not recorded,source-checked,2026-09-11,https://www.azeusconvene.com/pricing,https://www.azeusconvene.com/pricing,no
board-portal-software-for-enterprise,Diligent Boards,https://www.diligent.com/products/boards,enterprise,"Large or listed companies that want the board portal inside a wider governance, risk and compliance suite",Quote-based (checked Sep 2026),Not recorded,source-checked,2026-09-11,,https://www.diligent.com/products/boards,no
board-portal-software-for-enterprise,iBabs,https://www.ibabs.com/en/pricing/,mid-market,"European enterprises and public bodies needing ISO 27001, GDPR processes, SSO options and framework purchasing",Quote-based (checked Sep 2026),Not recorded,source-checked,2026-09-11,https://www.ibabs.com/en/pricing/,https://www.ibabs.com/en/pricing/,no
board-portal-software-for-enterprise,Nasdaq Boardvantage,https://www.nasdaq.com/products/governance/boardvantage,enterprise,"Public companies and regulated enterprises that need SSO, MFA, granular permissions and remote purge",Quote-based (checked Sep 2026),Not recorded,source-checked,2026-09-11,,https://www.nasdaq.com/products/governance/boardvantage,no
board-portal-software-for-enterprise,OnBoard,https://www.onboardmeetings.com/board-portal/pricing/,mid-market,"Enterprise boards that need SOC 2 Type 2 and ISO 27001 coverage, SSO and a dedicated success manager",Quote-based (checked Sep 2026),Not recorded,source-checked,2026-09-11,https://www.onboardmeetings.com/board-portal/pricing/,https://www.onboardmeetings.com/board-portal/pricing/,no
board-portal-software-for-startups,Aprio Boardroom,https://aprioboardportal.com/pricing/,smb,"Startups that want every feature and unlimited users in one flat per-organization plan, without tier decisions",Quote-based (checked Sep 2026),Not recorded,source-checked,2026-09-11,https://aprioboardportal.com/pricing/,https://aprioboardportal.com/pricing/,no
board-portal-software-for-startups,Boardable,https://boardable.com/plans/,smb,Startup boards that want a published per-user price and a free trial before any sales contact,From $20.99/user/month billed annually (checked Sep 2026),billed annually,source-checked,2026-09-08,https://boardable.com/plans/,,no
board-portal-software-for-startups,BoardPro,https://www.boardpro.com/pricing,smb,Growing startup boards that want per-board pricing with unlimited users as observers and advisors are added,"From $165/board/month, or $1,650/year billed annually (checked Sep 2026)",billed annually,source-checked,2026-09-11,https://www.boardpro.com/pricing,https://www.boardpro.com/pricing,no
board-portal-software-for-startups,Govenda,https://www.govenda.com/pricing/,mid-market,Startups expecting the board to grow that want unlimited users and no implementation fee,Quote-based (checked Sep 2026),Not recorded,source-checked,2026-09-11,https://www.govenda.com/pricing/,https://www.govenda.com/pricing/,no
board-portal-software-for-startups,iBabs,https://www.ibabs.com/en/pricing/,mid-market,Startups that want a fast rollout and to license only the meeting module they need,Quote-based (checked Sep 2026),Not recorded,source-checked,2026-09-11,https://www.ibabs.com/en/pricing/,https://www.ibabs.com/en/pricing/,no
board-portal-software-for-startups,OnBoard,https://www.onboardmeetings.com/board-portal/pricing/,mid-market,Startups expecting board requirements to grow that want an entry tier with a documented upgrade path,Quote-based (checked Sep 2026),Not recorded,source-checked,2026-09-11,https://www.onboardmeetings.com/board-portal/pricing/,https://www.onboardmeetings.com/board-portal/pricing/,no
board-portal-software,Aprio Boardroom,https://aprioboardportal.com/pricing/,smb,Boards wanting flat per-organization pricing with every feature included and no add-ons,Quote-based (checked Sep 2026),Not recorded,source-checked,2026-09-11,https://aprioboardportal.com/pricing/,https://aprioboardportal.com/pricing/,no
board-portal-software,Boardable,https://boardable.com/plans/,smb,Small to mid-sized nonprofit and association boards wanting a self-serve published price,From $20.99/user/month billed annually (checked Sep 2026),billed annually,source-checked,2026-09-08,https://boardable.com/plans/,,no
board-portal-software,BoardEffect,https://www.boardeffect.com/pricing/,specialist,"Nonprofit, healthcare and higher-education boards wanting AI board book summarization",Quote-based (checked Sep 2026),Not recorded,source-checked,2026-09-11,https://www.boardeffect.com/pricing/,https://www.boardeffect.com/pricing/,no
board-portal-software,BoardPro,https://www.boardpro.com/pricing,smb,Small and growing boards wanting predictable per-board rather than per-seat pricing,"From $165/board/month, or $1,650/year billed annually (checked Sep 2026)",billed annually,source-checked,2026-09-11,https://www.boardpro.com/pricing,https://www.boardpro.com/pricing,no
board-portal-software,Convene (Azeus),https://www.azeusconvene.com/pricing,enterprise,"Large, security-conscious organizations and UK public-sector or charity boards",Quote-based (checked Sep 2026),Not recorded,source-checked,2026-09-11,https://www.azeusconvene.com/pricing,https://www.azeusconvene.com/pricing,no
board-portal-software,Diligent Boards,https://www.diligent.com/products/boards,enterprise,Large or public companies needing AI-assisted board prep and deep compliance tooling,Quote-based (checked Sep 2026),Not recorded,source-checked,2026-09-11,,https://www.diligent.com/products/boards,no
board-portal-software,Govenda,https://www.govenda.com/pricing/,mid-market,Boards expecting to grow their user count and wanting that growth to stay free,Quote-based (checked Sep 2026),Not recorded,source-checked,2026-09-11,https://www.govenda.com/pricing/,https://www.govenda.com/pricing/,no
board-portal-software,iBabs,https://www.ibabs.com/en/pricing/,mid-market,"European boards, councils and public bodies needing public meeting transparency tools",Quote-based (checked Sep 2026),Not recorded,source-checked,2026-09-11,https://www.ibabs.com/en/pricing/,https://www.ibabs.com/en/pricing/,no
board-portal-software,Nasdaq Boardvantage,https://www.nasdaq.com/products/governance/boardvantage,enterprise,Public companies and regulated enterprises wanting Nasdaq's brand and support behind governance,Quote-based (checked Sep 2026),Not recorded,source-checked,2026-09-11,,https://www.nasdaq.com/products/governance/boardvantage,no
board-portal-software,OnBoard,https://www.onboardmeetings.com/board-portal/pricing/,mid-market,"Mid-market and larger boards that need minutes, voting and eSignatures in one platform",Quote-based (checked Sep 2026),Not recorded,source-checked,2026-09-11,https://www.onboardmeetings.com/board-portal/pricing/,https://www.onboardmeetings.com/board-portal/pricing/,no
brand-monitoring-tools,Awario,https://awario.com/pricing/,smb,Cost-sensitive teams wanting boolean-search precision at a published entry price,"From $29/mo billed annually, or $49/mo billed monthly (checked Sep 2026)",billed annually,source-checked,2026-09-11,https://awario.com/pricing/,https://awario.com/pricing/,no
brand-monitoring-tools,Brand24,https://brand24.com/prices/,smb,"Small and mid-sized brands wanting transparent, self-serve pricing",From $199/mo billed annually (checked Sep 2026),billed annually,source-checked,2026-09-11,https://brand24.com/prices/,https://brand24.com/prices/,no
brand-monitoring-tools,Brandwatch,https://www.brandwatch.com/pricing/,enterprise,"Enterprises consolidating reputation research, benchmarking and social publishing",Quote-based (checked Sep 2026),Not recorded,source-checked,2026-09-11,https://www.brandwatch.com/pricing/,https://www.brandwatch.com/pricing/,no
brand-monitoring-tools,Determ,https://determ.com/pricing/,smb,Teams wanting AI-generated summaries included at every price point,"From €99/mo billed monthly, or €990/yr billed annually (checked Sep 2026)",billed annually,source-checked,2026-09-11,https://determ.com/pricing/,https://determ.com/pricing/,no
brand-monitoring-tools,Lumen by Talkwalker,https://www.talkwalker.com/pricing,enterprise,Global brands needing non-sampled listening data at multilingual scale,Quote-based (checked Sep 2026),Not recorded,source-checked,2026-09-11,https://www.talkwalker.com/pricing,https://www.talkwalker.com/pricing,no
brand-monitoring-tools,Meltwater,https://www.meltwater.com/en/pricing,enterprise,"Organizations consolidating media, social and AI-visibility monitoring in one contract",Quote-based (checked Sep 2026),Not recorded,source-checked,2026-09-11,https://www.meltwater.com/en/pricing,https://www.meltwater.com/en/pricing,no
brand-monitoring-tools,Mentionlytics,https://mentionlytics.com/pricing/,smb,Budget-conscious teams wanting continuous monitoring without an enterprise contract,"From $49/mo billed annually, list price $69/mo (checked Sep 2026)",billed annually,source-checked,2026-09-11,https://mentionlytics.com/pricing/,https://mentionlytics.com/pricing/,no
brand-monitoring-tools,Semrush Brand Monitoring,https://www.semrush.com/kb/1266-brand-monitoring-app,specialist,Marketing teams already on Semrush wanting lightweight reputation tracking,From $79/mo (checked Sep 2026),Not recorded,source-checked,2026-09-11,https://www.semrush.com/kb/1266-brand-monitoring-app,https://www.semrush.com/kb/1266-brand-monitoring-app,no
brand-monitoring-tools,Sprout Social,https://sproutsocial.com/pricing/,mid-market,Teams that want brand monitoring bundled with publishing and engagement,From $199/seat/mo billed annually (checked Sep 2026),billed annually,source-checked,2026-09-11,https://sproutsocial.com/pricing/,https://sproutsocial.com/pricing/,no
brand-monitoring-tools,YouScan,https://youscan.io/pricing/,mid-market,Brands where visual mentions carry as much reputation risk as text,From $499/mo billed annually (checked Sep 2026),billed annually,source-checked,2026-09-11,https://youscan.io/pricing/,https://youscan.io/pricing/,no
business-intelligence-tools,Amazon Quick Sight,https://aws.amazon.com/quicksight/,enterprise,AWS-centred organisations that want low per-reader pricing and the option to buy reader sessions as capacity instead of named users,Author $24 per user a month; Author Pro $40 per user a month; Readers from $3 per user a month or capacity pricing; $250 a month account fee if Pro or Q&A features are used (checked Sep 2026),Per user/month,source-checked,2026-09-20,https://aws.amazon.com/quicksight/pricing/,,no
business-intelligence-tools,Domo,https://www.domo.com/,mid-market,"Organisations that want data integration, dashboards, apps and AI agents in one platform with unlimited users and consumption-based pricing",Credit-based custom pricing with unlimited users; 30-day free trial with no credit card (checked Sep 2026),Credit-based consumption,source-checked,2026-09-20,https://www.domo.com/pricing,,no
business-intelligence-tools,Looker,https://cloud.google.com/looker,enterprise,Google Cloud customers that want a governed semantic model (LookML) as the single definition of metrics for internal BI,"Platform fee plus per-user licences; Standard, Enterprise and Embed editions all by quote on annual commitments of one to three years (checked Sep 2026)","Annual commitment, one-, two- or three-year terms",source-checked,2026-09-20,https://cloud.google.com/looker/pricing,,no
business-intelligence-tools,Microsoft Power BI,https://www.microsoft.com/en-us/power-platform/products/power-bi,enterprise,"Organisations on Microsoft 365 and Azure that want per-user BI licences, with Power BI Pro already included in Microsoft 365 E5 and Office 365 E5","Free account; Pro $14 per user a month, paid yearly; Premium Per User $24 per user a month, paid yearly; Embedded variable (checked Sep 2026)","User/month, paid yearly",source-checked,2026-09-20,https://www.microsoft.com/en-us/power-platform/products/power-bi/pricing,,no
business-intelligence-tools,Qlik Cloud Analytics,https://www.qlik.com/us/products/qlik-cloud-analytics,enterprise,"Organisations that prefer capacity-based pricing tied to data volume, with no per-user charges from the Standard tier upward","Starter $300 a month for 10 users and 10 GB; Standard $825 a month for 25 GB; Premium $2,750 a month for 50 GB; Enterprise by quote; all billed annually (checked Sep 2026)",Billed annually,source-checked,2026-09-20,https://www.qlik.com/us/pricing,,no
business-intelligence-tools,Sigma,https://www.sigmacomputing.com/,mid-market,"Data teams on Snowflake, Databricks, BigQuery or Redshift that want spreadsheet-style analysis, input tables and apps that query the warehouse directly","No list price published; pricing page routes to sales; licences sold in View, Act, Analyze and Build tiers (checked Sep 2026)",Not recorded,source-checked,2026-09-20,https://www.sigmacomputing.com/pricing,https://help.sigmacomputing.com/docs/account-type-and-license-overview,no
business-intelligence-tools,Strategy,https://www.strategysoftware.com/,enterprise,"Mid-sized and large enterprises that want a governed semantic layer and enterprise reporting, including US public-sector buyers needing FedRAMP authorisation",Standard for 50 to 300 users from $13 per user a month; Enterprise and Government by quote (checked Sep 2026),Per user/month,source-checked,2026-09-20,https://www.strategysoftware.com/pricing,,no
business-intelligence-tools,Tableau,https://www.tableau.com/,enterprise,"Analytics teams that want a mature visual analysis tool with Desktop, Prep Builder and browser authoring, deployable as Tableau Cloud or self-managed Tableau Server","Tableau Standard from $15 per user a month; Tableau Enterprise from $35 per user a month, both billed annually; Tableau Cloud+ and Tableau+ Bundle by quote (checked Sep 2026)",Billed annually,source-checked,2026-09-20,https://www.tableau.com/pricing/teams-orgs,,no
business-intelligence-tools,ThoughtSpot,https://www.thoughtspot.com/,enterprise,"Business teams that want search-style, natural-language questions and AI agents over a cloud data warehouse, with per-user or credit-based pricing","Per-user plans from $25 per user a month (5 to 50 users) and $50 per user a month, billed annually; credit-based plans from $0.10 per credit; Enterprise by quote (checked Sep 2026)",Billed annually,source-checked,2026-09-20,https://www.thoughtspot.com/pricing,,no
business-intelligence-tools,Zoho Analytics,https://www.zoho.com/analytics/,smb,Small and mid-sized businesses that want self-service BI with ready-made reports for common business apps and a free entry plan,"Free plan with 2 users and 10,000 rows; paid plans start at 2, 5, 15 and 50 users with 0.5 million to 50 million rows, monthly or annual; figures did not render on the fetched page (checked Sep 2026)","Monthly, or monthly billed annually",source-checked,2026-09-20,https://www.zoho.com/analytics/pricing.html,,no
business-phone-systems,Aircall,https://aircall.io/,mid-market,"Sales and support teams of three or more that need a cloud phone system tightly integrated with CRM and helpdesk tools, including Salesforce CTI on the Professional plan","Essentials at $30 and Professional at $50 per licence per month, billed annually, each with a 3-licence minimum. Custom pricing for 25 licences or more. Add-ons include AI Assist ($9), AI Assist Pro ($49), Analytics+ ($15) and WhatsApp ($10) per licence per month, and AI Voice Agent bundles of 500 minutes for $175 (checked Sep 2026)","Per licence per month, billed annually; 3-licence minimum; monthly billing shown as an option on the page",source-checked,2026-09-22,https://aircall.io/pricing/,https://support.aircall.io/en-gb,no
business-phone-systems,Dialpad Connect,https://www.dialpad.com/,mid-market,"Teams that want real-time call and voicemail transcription on every seat, with Salesforce, HubSpot and Microsoft Teams integrations from the Pro plan","Standard at $15 per user per month billed annually or $27 billed monthly; Pro at $25 annually or $35 monthly; Enterprise price not published. Seat minimums are 1 on Standard, 3 on Pro and 100 on Enterprise (checked Sep 2026)","Per user per month, billed annually or monthly",source-checked,2026-09-22,https://www.dialpad.com/pricing/,https://help.dialpad.com/hc/en-us,no
business-phone-systems,Google Voice,https://workspace.google.com/products/voice/,smb,"Organisations already on Google Workspace that want business numbers, call routing and voicemail inside Gmail, Calendar and Meet","Starter at $10 per user per month (up to 10 users), Standard at $20 and Premier at $30 per user per month. A Voice-only Starter plan for one user is also listed at $10. Voice for multiple users requires a Google Workspace subscription, billed separately (checked Sep 2026)","Per user per month, added to a Google Workspace subscription",source-checked,2026-09-22,https://workspace.google.com/products/voice/,https://support.google.com/voice/,no
business-phone-systems,Nextiva,https://www.nextiva.com/,mid-market,Small businesses that want a low-cost phone and messaging plan with a path to an inbound call centre and a full customer experience platform on the same vendor,"Small business plans: Core listed at $15 per user per month against a struck-through $23 (stated 35% saving), Engage at $25 against $50 (stated 50% saving), and Scale at $75 per user per month. Contact centre plans start at $75 per agent per month for Essential; Professional and Premium are sales-quoted (checked Sep 2026)","Per user per month; monthly and annual options, with the page stating annual savings of up to 50%",source-checked,2026-09-22,https://www.nextiva.com/pricing,https://help.nextiva.com/,no
business-phone-systems,Ooma Office,https://www.ooma.com/small-business-phone-systems/,smb,"Small businesses that want a no-contract phone plan with unlimited calling across the US, Canada, Mexico and Puerto Rico and optional physical phones","Essentials at $19.95, Pro at $24.95 and Pro Plus at $29.95 per user per month, with no contract required; Enterprise is custom-priced. Additional phone numbers are $9.95 per number per month; taxes and fees vary by location (checked Sep 2026)",Per user per month; no contract necessary,source-checked,2026-09-22,https://www.ooma.com/small-business-phone-systems/plans/,https://www.ooma.com/small-business-phone-systems/resources/,no
business-phone-systems,Quo,https://www.quo.com/,smb,"Small teams, including solo operators, that want a shared business number for calls and texts with a published price on every plan","Starter at $15, Business at $23 and Scale at $35 per user per month billed annually ($180, $276 and $420 per user per year), or $19, $33 and $47 per user per month billed monthly. Each plan includes 1,000 Sona AI agent credits (10 calls); extra credit tiers run from $25 to $199 per month (checked Sep 2026)","Per user per month, billed monthly or annually",source-checked,2026-09-22,https://www.quo.com/pricing,https://support.quo.com/,no
business-phone-systems,RingCentral RingEX,https://www.ringcentral.com/ringex.html,mid-market,"Businesses that want calling, SMS, video meetings and team messaging in one app, with multi-site support and CRM integrations from the middle tier","Three published tiers in the page's default view: Core at $20, Advanced at $25 and Ultra at $35 per user per month. The page states that paying annually saves up to 33% and that displayed prices depend on the number of users selected. A Customer Engagement Bundle and add-ons such as AI Receptionist ($39) and Conversational Intelligence ($60) are listed separately (checked Sep 2026)","Per user per month; annual and monthly payment options, with the page stating annual payment saves up to 33%",source-checked,2026-09-22,https://www.ringcentral.com/office/plansandpricing.html,https://support.ringcentral.com/,no
business-phone-systems,Ringover,https://www.ringover.com/,mid-market,"Sales, support and HR teams of three or more that want a cloud phone system with a power dialer and 100-plus integrations, including local numbers in many countries","Talk listed at $15 per user per month, with a second figure of $24 shown alongside; Business at $47, with $57 shown alongside; Advanced quoted on request. Talk and Business state a three-user minimum and a 12-month commitment. Add-ons include Empower conversational AI at $39 per licence per month and an AI voice agent from $0.19 per minute (checked Sep 2026)",Per user per month excluding taxes; three-user minimum and 12-month commitment on Talk and Business,source-checked,2026-09-22,https://www.ringover.com/pricing,https://support.ringover.com/hc/en-us,no
business-phone-systems,Vonage Business Communications,https://www.vonage.com/unified-communications/,smb,"Small and medium businesses that want a per-line phone plan with a mobile-only option, and desk phone support from the middle tier","Mobile from $19.99, Premium from $29.99 and Advanced from $39.99 per line per month at the smallest size band, falling to $14.99, $24.99 and $34.99 per extension at larger bands. A 12-month promotion shows 30% off each price. Enterprise size is sales-quoted. Taxes and fees are extra (checked Sep 2026)",Per line or extension per month; annual and monthly options; price varies by employee count,source-checked,2026-09-22,https://www.vonage.com/unified-communications/pricing/,https://businesssupport.vonage.com/,no
call-center-compliance-monitoring-software,ASC Recording Insights,https://www.asctechnologies.com/,mid-market,"Organizations recording Microsoft Teams, Teams Phone or Zoom that want a certified native app and a documented licence model, as the ASC service description documents","Quoted, but the licence structure is published. The Recording Insights service description sets out two base licences charged per named user per month, Smart Base and Compliance Base, a platform integration licence for each user and each platform recorded, and add-ons for AI, storage, archiving, export, onboarding, training and extended support. Each named user subscription includes 5 GB of tenant-shared storage, with further storage sold in 500 GB packages per month. A 24/7 support surcharge applies to named user licences, and individual onboarding becomes mandatory at 500 named users. No monetary figures appear in the document (checked Sep 2026)","Per named user per month for base and integration licences; storage, transcription and AI token packages billed per package per month",source-checked,2026-09-23,,https://www.asctechnologies.com/fileadmin/downloads/rechtliches-partner-eu/recording_insights/10_Service_Description_Recording_Insights.pdf,no
call-center-compliance-monitoring-software,CallFinder,https://mycallfinder.com/,smb,"Contact centers without a dedicated analytics team that need agent compliance checked on every call and help configuring the scorecard, as the CallFinder pages document","No price is published. The CallFinder pricing page states that pricing is custom to each client and call center environment, gives that as the reason no figures are listed, and collects contact details instead. All plans include integration; analyst support hours vary by plan (checked Sep 2026)",Not recorded; plans are custom and adjustable as requirements change,source-checked,2026-09-23,https://mycallfinder.com/pricing/,,no
call-center-compliance-monitoring-software,Gryphon ONE,https://gryphon.ai/,specialist,"Regulated outbound teams in collections, financial services and insurance that need documented TCPA and do-not-call controls, as the Gryphon service descriptions document",No price is published. The Gryphon ONE platform page routes to a compliance posture assessment and contact requests; the published master services agreement describes the services without rates (checked Sep 2026),Not recorded,source-checked,2026-09-23,,https://gryphon.ai/platform/,no
call-center-compliance-monitoring-software,NiCE Interaction Recording and Management,https://www.nice.com/,enterprise,"Enterprises consolidating voice, digital and screen recording from several platforms into one governed store, as the NiCE Recording product page documents","No price is published. The NiCE Recording product page routes to View Demo and Request a Quote, and the site carries no pricing page for the recording line (checked Sep 2026)",Not recorded,source-checked,2026-09-23,,https://www.nice.com/products/recording,no
call-center-compliance-monitoring-software,Numonix IXCloud,https://numonix.cloud/,mid-market,"Compliance and IT teams recording Microsoft Teams in financial services, healthcare or government that want a Microsoft-certified recorder, as the Numonix IXCloud pages document","No price is published. The pricing path on the Numonix site resolves to the home page, and product pages route to demo requests (checked Sep 2026)",Not recorded,source-checked,2026-09-23,,https://numonix.cloud/ixcloud/,no
call-center-compliance-monitoring-software,PCI Pal,https://www.pcipal.com/,specialist,"Contact centers and outsourcers that take card payments on calls and need cardholder data kept away from agents and recordings, as the PCI Pal solution pages document","No price is published. PCI Pal solution pages route to contact and demo requests, and the site carries no rate card (checked Sep 2026)",Not recorded,source-checked,2026-09-23,,https://www.pcipal.com/solutions/,no
call-center-compliance-monitoring-software,QEval,https://qeval.ai/,mid-market,"Operations running regulated call types such as collections or healthcare that need documented scoring on every interaction rather than a sample, as the QEval product pages document",No price is published. QEval has no pricing page; the platform and Auto QA pages route to demo requests. A public in-browser scorer runs without a login (checked Sep 2026),Not recorded,source-checked,2026-09-23,,https://qeval.ai/solutions/auto-qa/,no
call-center-compliance-monitoring-software,Smarsh Call Recording and Analytics (formerly CallCabinet),https://www.callcabinet.com/,enterprise,"Organizations that need audit-ready voice records across mixed telephony and want quality scoring built on the same captured data, as the Smarsh call recording pages document","No price is published. The call recording and analytics page routes to a demo request, and no rate card appears on the site (checked Sep 2026)",Not recorded,source-checked,2026-09-23,,https://www.callcabinet.com/compliance-call-recording/,no
call-center-compliance-monitoring-software,Theta Lake,https://thetalake.com/,enterprise,"Financial services and other regulated firms that need one supervision record across chat, video, voice and AI assistant use, as the Theta Lake product pages document",No price is published. Theta Lake carries no pricing page; product pages route to demo and contact requests (checked Sep 2026),Not recorded,source-checked,2026-09-23,,https://thetalake.com/products/unified-capture/,no
call-center-compliance-monitoring-software,Verint Interaction Recording,https://www.verint.com/,enterprise,"Financial services and other regulated operations that need full-time recording across a mixed estate and evidence for disputes, as the Verint compliance recording page documents","No price is published. The compliance recording page routes to contact and demo requests, and Verint publishes no rate card for interaction recording (checked Sep 2026)",Not recorded,source-checked,2026-09-23,,https://www.verint.com/compliance-recording/,no
call-center-quality-management-software,Convin,https://convin.ai/,mid-market,"Consumer-facing contact centers in sectors such as insurance and education that want to audit 100% of calls and automate coaching, as Convin documents","Quality Management Software is listed as free: a single manual QA platform with audit templates, audit workflow, reporting, alerts and agent rebuttal management. Automated Quality Assurance, Automated Agent Coaching, the AI LMS, Convin Insights, Real-Time Agent Assist and AI phone calls are priced by quote (checked Sep 2026)",Free manual tier; paid suites quote-based,source-checked,2026-09-22,https://convin.ai/pricing,,no
call-center-quality-management-software,evaluagent,https://www.evaluagent.com/,mid-market,"Contact centers that want automated QA on 100% of conversations with coaching workflows, and that also need to score AI agent conversations, as evaluagent documents","AutoQM & Improvement from $35 per user per month, covering transcription, custom scorecards, automated scoring, coaching workflows, SSO and a dedicated CSM. AutoQM + Conversation Intelligence from $65 per user per month, adding reason for contact, topics, sentiment and predicted CX metrics. AI agent scoring is priced per conversation by quote and requires an active seat plan. Volume discounts for large teams (checked Sep 2026)",Per user per month; AI agent conversations priced per conversation,source-checked,2026-09-22,https://www.evaluagent.com/pricing/,,no
call-center-quality-management-software,Insight7,https://insight7.io/,smb,"Sales and support teams that want to score calls automatically and coach agents with AI roleplay, as Insight7 documents","Pro costs $99 a month for 1 user and 50 call or transcript analyses. Business costs $299 a month for 3 users and 200 analyses, adding alerts, PII and PHI redaction, automations and AI roleplay. Plus costs $1,499 a month for 20 users and 2,500 analyses, adding AI coaching and an account manager. Enterprise is custom with unlimited analyses. Education and non-profit buyers get 50% off Pro and Business (checked Sep 2026)",Monthly plans with fixed user and analysis allowances,source-checked,2026-09-22,https://insight7.io/pricing/,,no
call-center-quality-management-software,Level AI,https://thelevel.ai/,enterprise,"Contact centers with complex, subjective scorecards that want to automate most QA effort across calls, chats, emails and bots, as Level AI documents","No public price. The features overview lists Standard and Enterprise platform levels; Enterprise adds up to 12 months of audio retention, data residency and a named success manager. Call transcription and translation are billed on consumption at rates in the order form (checked Sep 2026)",Quote-based order form; transcription and translation billed on consumption,source-checked,2026-09-22,,https://thelevel.ai/features-overview,no
call-center-quality-management-software,MaestroQA,https://www.maestroqa.com/,mid-market,"Customer operations teams, including those that oversee BPO agents, that want QA and coaching tied to conversation data from many sources, as MaestroQA documents","No public price. MaestroQA asks buyers to complete a form, after which its team sends tailored pricing (checked Sep 2026)",Quote-based; terms not published,source-checked,2026-09-22,https://www.maestroqa.com/pricing,,no
call-center-quality-management-software,Mihup Interaction Analytics,https://mihup.ai/voice-ai-speech-analytics,specialist,"Enterprises with multilingual voice operations, such as collections, sales and support in India, that want to audit 100% of calls automatically, as Mihup documents","No public price. The pricing page lists Interaction Analytics features, including automated QA scorecards, dashboards, alerts, sentiment analysis, AI summaries, PII redaction, multichannel analytics and dialler integration APIs, and routes buyers to a quote (checked Sep 2026)",Quote-based; terms not published,source-checked,2026-09-22,https://mihup.ai/pricing,,no
call-center-quality-management-software,Observe.AI,https://www.observe.ai/,enterprise,"Enterprise contact centers in banking and financial services, insurance, healthcare, transportation, travel and utilities, the industries Observe.AI names for its platform","No public price. Observe.AI publishes no pricing page and routes buyers to a demo request. Auto QA, Manual QA and Screen Recording are listed as separate products under conversation intelligence, so a quote should name each one (checked Sep 2026)",Quote-based; terms not published,source-checked,2026-09-22,,https://www.observe.ai/post-interaction/auto-qa,no
call-center-quality-management-software,Sprinklr Quality Management,https://www.sprinklr.com/products/customer-service/quality-management/,enterprise,"Enterprise service organizations that run voice, social and digital care on Sprinklr and want AI audits of every case, as Sprinklr documents","No public price. Quality management is part of Sprinklr Service, which Sprinklr sells through its sales team. Buyers should request a quote that names the quality management and AI scoring components (checked Sep 2026)",Quote-based; terms not published,source-checked,2026-09-22,,https://www.sprinklr.com/products/customer-service/quality-management/,no
call-center-quality-management-software,Voxjar,https://www.voxjar.com/,smb,"Small and midsize businesses that want AI call evaluations against custom criteria without paying per seat, as Voxjar documents","Basics costs $0 a month with 3 users, about 2 hours of Auto QA and 120 AI credits. QA Pro starts at $90 a month on annual billing, about 10% below monthly billing, with unlimited users, bulk uploads, integrations, calibration, coaching and about 300 hours of Auto QA a year at the entry credit level. Larger credit levels cost more. Enterprise pricing is custom (checked Sep 2026)",Monthly or annual subscription; AI credits included and sold as add-ons,source-checked,2026-09-22,https://www.voxjar.com/pricing,,no
call-center-quality-management-software,Zendesk QA,https://www.zendesk.com/service/quality-assurance/,mid-market,"Customer service teams on Zendesk Support or Suite that want quality scoring of every interaction without another vendor, as Zendesk documents","Zendesk QA is an add-on for any Support or Suite plan. The pricing page does not list a standalone QA price. It lists the Workforce Engagement Bundle, which combines Zendesk QA and Zendesk WFM, at $50 per agent per month paid yearly. Zendesk states that an add-on is bought for all agents in the account. Base Service plans start at $19 per agent per month paid yearly (checked Sep 2026)","Per agent per month, paid yearly, for all agents in the account",source-checked,2026-09-22,https://www.zendesk.com/pricing/,https://support.zendesk.com/hc/en-us/articles/6851584037146-Buying-Zendesk-workforce-engagement-management-add-ons-Zendesk-WFM-Zendesk-QA-and-WEM-bundle,no
cdc-tools,Airbyte,https://airbyte.com/,open-source,Teams that want open-source control with a managed option,"Free/open-source Core edition; Cloud Standard from $10/mo, volume-based (checked Sep 2026)","Monthly, volume-based for Standard; Pro and Enterprise Flex are capacity-based (Data Workers), priced via sales",source-checked,2026-09-08,https://airbyte.com/pricing,,no
cdc-tools,AWS Database Migration Service,https://aws.amazon.com/dms/,specialist,Replication between databases inside an existing AWS estate,"Free tier (750 hrs/mo dms.t3.micro pre-Jul-2025 signups, or $100+ credits for newer accounts); paid usage-based per hour by instance class or DCU (checked Sep 2026)","On-demand hourly, DMS Serverless billed per DCU-hour, or 1-year Database Savings Plans commitment",source-checked,2026-09-08,https://aws.amazon.com/dms/pricing/,,no
cdc-tools,BladePipe,https://www.bladepipe.com/,smb,Low-cost real-time sync between operational databases,"Free Community tier (on-prem, 5 sync tasks); Cloud from $0.01/million rows (ETL) and $10/million rows (CDC) (checked Sep 2026)","Usage-based, billed monthly after free trial; Enterprise on-premises priced by contract",source-checked,2026-09-08,https://www.bladepipe.com/pricing,,no
cdc-tools,Debezium,https://debezium.io/,open-source,Engineering teams building their own streaming pipelines,"Free / open source, Apache License 2.0 (checked Sep 2026)","Not applicable — self-hosted, no vendor billing",source-checked,2026-09-08,,https://debezium.io/documentation/,no
cdc-tools,Estuary Flow,https://estuary.dev/,mid-market,Low-latency streaming CDC with transparent per-GB pricing,Free tier (10GB/mo); Cloud from $0.50/GB plus $100 per connector instance/mo (checked Sep 2026),Monthly; Enterprise is invoice-based with an annual contract requirement,source-checked,2026-09-08,https://estuary.dev/pricing,,no
cdc-tools,Fivetran,https://www.fivetran.com/,enterprise,Teams wanting fully managed CDC with minimal engineering,"Free tier (500K monthly active rows); paid usage-based per monthly active row (MAR), volume-tiered (checked Sep 2026)",Monthly pay-as-you-go; annual contracts discount 5-22.6%+; fixed-price Enterprise License Agreements also offered,source-checked,2026-09-08,https://www.fivetran.com/pricing,,no
cdc-tools,Hevo Data,https://hevodata.com/,mid-market,Mid-market analytics teams wanting fixed monthly pricing,"Free tier (1M events/mo); Starter from $265/mo billed annually, $299/mo month-to-month (checked Sep 2026)",billed annually (12% discount) or monthly,source-checked,2026-09-08,https://hevodata.com/pricing/,,no
cdc-tools,Qlik Replicate,https://www.qlik.com/us/products/qlik-replicate,enterprise,"Enterprises replicating from mainframe, SAP and legacy databases",Quote-based (checked Sep 2026),"Not published; Qlik Talend Cloud tiers (Starter/Standard/Premium/Enterprise) are capacity-based (data volume, job executions, execution duration), sold via quote",source-checked,2026-09-08,https://www.qlik.com/us/pricing/data-integration,,no
cdc-tools,Skyvia,https://skyvia.com/,smb,"Small teams combining replication, backup and ad-hoc queries","Free tier (10K records/mo); Basic from $79/mo billed annually, $99.79/mo month-to-month (checked Sep 2026)",billed annually (20% discount) or monthly,source-checked,2026-09-08,https://skyvia.com/pricing/,,no
cdc-tools,Striim,https://www.striim.com/,enterprise,Streaming CDC with in-flight SQL processing,Free Developer tier (25M events/mo); Cloud and Platform quote-based (checked Sep 2026),"Cloud billed on data moved (usage-based, quoted); Platform is a self-managed licence for unlimited volume; no published rate for either",source-checked,2026-09-08,https://www.striim.com/pricing/,,no
cloud-management-platforms,Apache CloudStack,https://cloudstack.apache.org/,open-source,"Service providers, telecoms and enterprises building a multi-tenant infrastructure-as-a-service cloud on their own hardware without a licence fee","Free: the software is open source under the Apache 2.0 licence with no licence fee. Commercial support, if required, is bought from third-party vendors and priced separately (checked Sep 2026)",No licence fee; any support contract is a separate purchase from a third party,source-checked,2026-09-20,,https://docs.cloudstack.apache.org/,no
cloud-management-platforms,CloudBolt,https://www.cloudbolt.io/,enterprise,"Hybrid estates, managed service providers and cloud resellers that want governance and resource delivery across several clouds without committing to one vendor's ecosystem","Quote-based: the site publishes no rate card and no tier list, and every commercial path on the product page leads to a demo request (checked Sep 2026)",Not recorded,source-checked,2026-09-20,,https://docs.cloudbolt.io/,no
cloud-management-platforms,CoreStack,https://www.corestack.io/,enterprise,"Enterprises and managed service providers governing AWS, Azure, Google Cloud and Oracle Cloud under one policy plane that also covers compliance frameworks","Quote-based: no rate card, tier list or figure appears on the product site, and commercial paths lead to a demo request (checked Sep 2026)",Not recorded,source-checked,2026-09-20,,https://docs.corestack.io/,no
cloud-management-platforms,HPE Morpheus Enterprise,https://www.morpheusdata.com/,enterprise,"IT teams running VMware, KVM, public cloud and Kubernetes side by side that want one self-service catalog in front of all of them","Quote-based: the product site publishes no rate card, tier list or figure, and routes buyers to a solution brief download and a demo request (checked Sep 2026)",Not recorded,source-checked,2026-09-20,,https://docs.morpheusdata.com/en/latest/,no
cloud-management-platforms,Nutanix Cloud Manager,https://www.nutanix.com/products/cloud-manager,enterprise,"Regulated, sovereign or disconnected sites running Nutanix and VMware estates that need unified management without a dependency on a vendor SaaS control plane","Quote-based: the product page carries no rate card, tier list or figure and directs buyers to a demo and a sales contact (checked Sep 2026)",Not recorded,source-checked,2026-09-20,,https://www.nutanix.com/products/cloud-manager/self-service,no
cloud-management-platforms,OpenNebula,https://opennebula.io/,open-source,"Teams running KVM virtual machines and Kubernetes on a single lightweight control plane, including edge sites, that want vendor-backed support without a hypervisor licence","Quote-based for the Enterprise Subscription: the subscriptions page documents Standard and Premium support tiers, embedded operating system editions and optional add-ons, publishes no figure against any of them, and routes buyers to a contact form. The software itself is open source (checked Sep 2026)",Annual subscription; tier and add-on structure is documented but no rate is published,source-checked,2026-09-20,https://opennebula.io/subscriptions/,https://docs.opennebula.io/,no
cloud-management-platforms,Scalr,https://scalr.com/,mid-market,Platform engineering teams standardising Terraform or OpenTofu workflows who want developer self-service priced by run rather than by seat,"Published model: the Business plan is free up to 50 runs per month and then charged per run with volume discounts and annual plans available. The Enterprise plan is quote-based and documented as starting at 20,000 runs per year (checked Sep 2026)","Per run, monthly or annual, with no per-user and no per-resource charge; concurrency is included at no extra charge",source-checked,2026-09-20,https://scalr.com/pricing,https://scalr.com/pricing,no
cloud-management-platforms,Snow Commander,https://www.flexera.com/products/cloud-management-platform,enterprise,IT teams replacing manual approval queues with self-service access to private and public clouds under an automated lifecycle policy,"Quote-based: the product page offers a demo booking and a trial start, and publishes no rate, tier or metric (checked Sep 2026)",Not recorded,source-checked,2026-09-20,,https://www.flexera.com/products/flexera-one,no
cloud-management-platforms,Turbot Guardrails,https://turbot.com/guardrails,enterprise,Platform and security teams with a large cloud estate that want preventive policy enforced continuously and are able to commit to a five-figure control pack,"Published rates: 0.05 US dollars per control per month on the SaaS-hosted Cloud plan with control packs from 25,000 US dollars, and 0.10 US dollars per control per month on the self-hosted Enterprise plan with packs from 50,000 US dollars. Support add-ons are 20 percent of usage for Premium and 30 percent for Premium Plus (checked Sep 2026)","Per control per month, sold in control packs with a documented minimum commitment; customer success support is billed as a percentage of usage",source-checked,2026-09-20,https://turbot.com/guardrails/pricing,https://turbot.com/guardrails/pricing,no
cloud-management-platforms,VMware Cloud Foundation Automation,https://www.vmware.com/products/cloud-infrastructure/vcf-automation,enterprise,"vSphere estates standardising on VMware Cloud Foundation 9 that need multi-tenant self-service with approval, lease and day-2 policy applied per project","Quote-based: VCF Automation is documented as a component of VMware Cloud Foundation rather than a separately priced product, and neither the product page nor the release notes carry a rate or metric (checked Sep 2026)",Not recorded,source-checked,2026-09-20,,https://techdocs.broadcom.com/us/en/vmware-cis/vcf/vcf-9-0-and-later/9-0/release-notes/vmware-cloud-foundation-90-release-notes/platform-whats-new/whats-new-vcf-automation.html,no
cloud-migration-tools,AWS Transform MGN,https://aws.amazon.com/application-migration-service/,enterprise,"Teams rehosting physical, VMware, Hyper-V or other-cloud servers onto Amazon EC2 with minimal downtime, as AWS documents for AWS Transform MGN (formerly AWS Application Migration Service)","Free for the first 90 days (2,160 hours) of replication for each source server, then $0.042 per server per hour, about $30 per server per month, at the same rate in every supported Region. AWS infrastructure used for replication and the EC2 and EBS resources behind test and cutover instances are charged separately. AWS Transform lists its assessment and VMware migration agents as free (checked Sep 2026)",Per source server per hour after a 90-day free period; AWS infrastructure billed separately,source-checked,2026-09-25,https://aws.amazon.com/application-migration-service/pricing/,,no
cloud-migration-tools,Azure Migrate,https://azure.microsoft.com/en-us/products/azure-migrate,enterprise,"Organisations moving on-premises servers, applications and data into Azure that want discovery, dependency mapping, assessment and migration tracking in one Microsoft hub, as Microsoft documents for Azure Migrate","Microsoft states that Azure Migrate and Azure Migrate tools are available at no additional charge, though third-party ISV tools used through the hub may carry charges. Since 1 July 2024, agent-based dependency analysis incurs standard Log Analytics charges; Microsoft suggests agentless dependency analysis instead. Azure resources created by the migration are billed normally (checked Sep 2026)",No additional charge; Log Analytics and ISV tools billed separately,source-checked,2026-09-25,https://azure.microsoft.com/en-us/pricing/details/azure-migrate/,,no
cloud-migration-tools,CAST Highlight,https://www.castsoftware.com/highlight,specialist,"Enterprises and consultancies deciding which custom applications to rehost, refactor or retire before a migration, using source code analysis across a portfolio, as CAST documents for CAST Highlight","CAST publishes annual subscriptions tiered by portfolio size: Cloud Insights from $30.8K to $332.5K a year, and the Complete edition from $44K to $475K a year. A single named application costs $6.8K (€6.3K) a year without concierge services. Each portfolio needs its own subscription, larger portfolios are quoted, and subscriptions renew automatically unless cancelled with 60 days' notice (checked Sep 2026)",Annual subscription per portfolio; auto-renews with 60-day notice,source-checked,2026-09-25,https://www.castsoftware.com/highlight/pricing,,no
cloud-migration-tools,Cirata Data Migrator,https://cirata.com/products/data-migrator,specialist,"Data teams moving on-premises HDFS data, Hive metadata and file systems of terabyte to petabyte scale to cloud storage or platforms such as Databricks and Snowflake without downtime, as Cirata documents for Data Migrator","Cirata's pricing page quotes an indicative $150 per terabyte moved, charged once on the data moved, with prepaid capacity valid for 12 months and standard support included; the figure is confirmed after a short scoping, and petabyte-scale moves are quoted. A hosted trial is free and does not convert into charges. Purchases can run through the AWS, Azure and Google Cloud marketplaces (checked Sep 2026)","Per terabyte moved, prepaid capacity valid 12 months",source-checked,2026-09-25,https://cirata.com/landing/pricing,,no
cloud-migration-tools,Google Cloud Migration Center,https://cloud.google.com/migration-center,enterprise,"Organisations planning a move from on-premises or another cloud into Google Cloud that want cost estimates, asset discovery, TCO reports and migration tooling in one place, as Google documents for Migration Center","Google states that Migration Center cost estimates and assessments can be run at no cost. Migrate to Virtual Machines is provided at no charge for migrations into Google Cloud; Compute Engine instances, storage and networking used for test clones and cutover are billed at normal rates, and migrations from AWS or Azure incur charges on the source cloud (checked Sep 2026)",No charge for the tools; Google Cloud and source-cloud resources billed separately,source-checked,2026-09-25,https://cloud.google.com/migrate/virtual-machines/pricing,https://cloud.google.com/migration-center/docs/get-started-with-migration-center,no
cloud-migration-tools,HPE Zerto,https://www.zerto.com/,enterprise,"Organisations moving virtual machines between on-premises, VMware, Hyper-V and public cloud environments that also want continuous replication for disaster recovery, as HPE documents for Zerto","HPE lists Zerto Software for AWS - Migration on AWS Marketplace at $400 per virtual machine to be migrated on a 12-month contract, with no refunds but cancellation at any time. Customers with existing licences can request a BYOL private offer. Other platforms and the disaster recovery editions are quoted (checked Sep 2026)",Per VM migrated on a 12-month contract (AWS Marketplace),source-checked,2026-09-25,https://aws.amazon.com/marketplace/pp/prodview-pa7hkz34kxlpm,,no
cloud-migration-tools,OpenText Migrate,https://cybersecurity.opentext.com/products/data-backup-recovery/migrate/,mid-market,"IT teams migrating Windows and Linux servers between physical, VMware, Hyper-V and AWS, Azure or Google Cloud platforms with near-zero downtime, as OpenText documents for OpenText Migrate, formerly Carbonite Migrate","No published price. OpenText's product page does not list a price, and the product is also listed on Microsoft Marketplace. OpenText notes that partners also deliver managed migration services (checked Sep 2026)",Not recorded,source-checked,2026-09-25,,https://cybersecurity.opentext.com/products/data-backup-recovery/migrate/,no
cloud-migration-tools,RackWare,https://www.rackwareinc.com/,specialist,"Organisations moving physical, virtual and cloud servers, including in-memory databases such as SAP HANA, into Oracle, IBM, Nutanix, Google Cloud or Azure environments without agents, as RackWare documents for its RackWare Management Module","No published price. RackWare's Azure Marketplace listing for the RackWare Management Module invites buyers to request two free migration licences; further licences, disaster recovery and the SWIFT Kubernetes product are quoted (checked Sep 2026)",Not recorded,source-checked,2026-09-25,,https://marketplace.microsoft.com/en-us/product/rackwareinc1619403669255.rmm_byol?tab=overview,no
cloud-migration-tools,RiverMeadow,https://www.rivermeadow.com/,specialist,"Enterprises and service providers running large migration waves from physical, virtual or cloud sources to more than a dozen public cloud and on-premises targets, as RiverMeadow documents for its Workload Mobility Platform","RiverMeadow's AWS Marketplace listing prices a self-service migration entitlement at $150 per source workload moved to Amazon EC2 and a managed migration service offer at $400 per workload, both on 12-month contracts. An initial order of 50 entitlements is required. Other targets and private offers are quoted (checked Sep 2026)","Per workload migrated, 12-month contract, 50-unit minimum first order",source-checked,2026-09-25,https://aws.amazon.com/marketplace/pp/prodview-phol7wuzjdsgw,,no
cloud-migration-tools,VMware HCX,https://www.vmware.com/products/cloud-infrastructure/vcf-operations-workload-mobility,enterprise,"VMware Cloud Foundation customers moving virtual machines between data centres or into VMware-based clouds without re-platforming, as Broadcom documents for HCX, now named VMware Cloud Foundation Operations workload mobility","No standalone price is published. Broadcom states that HCX is included and licensed through VMware Cloud Foundation, and only one paired site needs the licence. Without a VCF licence, HCX runs in an evaluation mode limited to 90 days and 20 virtual machine migrations per migration type under VCF 9.0 (checked Sep 2026)",Included in VMware Cloud Foundation subscription,source-checked,2026-09-25,,https://techdocs.broadcom.com/us/en/vmware-cis/hcx/vmware-hcx/9-0/vmware-hcx-user-guide-vcf-9-0/preparing-for-hcx-installations/hcx-activation-and-licensing/about-hcx-licensing.html,no
cloud-payroll-software-india,Darwinbox,https://darwinbox.com/en-us/products/payroll/payroll-for-india,enterprise,"Large Indian enterprises that already run core HR on a single suite and want payroll processed in the same system, since Darwinbox documents a unified platform spanning the employee lifecycle and India-specific payroll","Darwinbox publishes no price on either the India payroll page or the global payroll page. Neither carries plan names, per-employee rates or billing periods, and both route to a demo request. Budgeting therefore begins with a sales conversation, and the figures a buyer receives cannot be checked against any published rate card. The product pages describe deployment choices between a lighter payroll option, a self-run configuration and managed services, which is a further variable in any quote (checked Sep 2026)",Not recorded,source-checked,2026-09-23,,https://darwinbox.com/en-us/products/payroll,no
cloud-payroll-software-india,factoHR,https://factohr.com/payroll-software/,mid-market,"Indian employers running mixed white-collar and blue-collar payroll across multiple entities, as factoHR publishes distinct plan tracks for blue-collar and start-up buyers alongside multiple entity management","The pricing page publishes a plan ladder without an Indian rupee figure at any tier. Two tracks are shown, running from employee data, letters and payslips through onboarding, core HR, attendance and leave, payroll, helpdesk, mobile self-service and multiple entity management, then travel and expense and geo-fence, then performance and survey. Separate start-up and blue-collar plans both state that pricing is by contact. Only add-ons carry figures, stated in US dollars: Selfie Punch, Timesheet and the Fia assistant at USD 0.5 a month, Face Recognition at USD 1, and Recruitment at USD 75 a month per recruiter (checked Sep 2026)","Not recorded for plans; add-ons stated per month, per user or per recruiter in US dollars",source-checked,2026-09-23,https://factohr.com/pricing/,,no
cloud-payroll-software-india,greytHR,https://www.greythr.com/payroll-software/,mid-market,"Indian payroll teams that file statutory returns in volume, since greytHR documents ECR generation, ESI challans, state-specific professional tax rules, eTDS returns and Form 24Q with FVU validation on its payroll page","Essential is ₹2,495 a month with 50 employees included and ₹45 for each employee above 50, covering payroll, leave management with unlimited types, self-onboarding and exit, and helpdesk. Growth is ₹4,495 a month on the same 50-employee allowance with ₹85 above, adding advanced attendance and shift management, overtime, permissions, geo-fencing and confirmation workflow. Premium is custom-quoted with all modules. Add-ons carry published rates: performance management ₹35 to ₹45 per user per month, timesheets ₹35, expense ₹35, GPS live tracking ₹140 and greytHR Recruit ₹2,500 per recruiter per month (checked Sep 2026)","Monthly base price including 50 employees, plus a per-employee rate above 50 and separately priced add-ons",source-checked,2026-09-23,https://www.greythr.com/pricing/,,no
cloud-payroll-software-india,Keka,https://www.keka.com/payroll-software,mid-market,"Indian companies that want payroll to draw directly from attendance, leave and expense in the same system, because Keka documents pre-built auto-sync between its payroll and workforce modules","The pricing page publishes a per-additional-employee rate for each of the three plans: ₹90 on Foundation, ₹120 on Strength and ₹150 on Growth. The base monthly figure for each plan is set through an employee-count selector that renders in the browser, so it does not appear in the served page source and a buyer has to run the selector or contact sales to see it. Separate product lines for HRMS and payroll, hiring, and projects and timesheets are shown, with region selectors for India, the United States and European Union, and Asia Pacific and GCC countries (checked Sep 2026)",Per additional employee per month above a plan base figure that is not stated in the page source,source-checked,2026-09-23,https://www.keka.com/pricing,,no
cloud-payroll-software-india,Kredily,https://www.kredily.com/,smb,"Indian teams that want payroll, attendance and leave running before any licence spend, because Kredily publishes a free tier with no stated employee ceiling and no card requirement","Free Forever is ₹0 a month for unlimited employees and covers payroll, HR, attendance and leave, PF, ESI, PT and TDS statutory calculation and the mobile app, subject to a stated active usage policy. Payroll OS is ₹1,249 a month for up to 25 employees with ₹50 per employee from 26 upward, adding ICICI Bank and NEFT payouts, PF and ESI challans, Form 12BB, Form 16 and reporting. Professional is ₹1,749 a month for up to 25 employees with ₹70 per employee above. Enterprise is quoted. Add-ons are ₹50 per user per month each (checked Sep 2026)",Per month with a bundled 25-employee allowance on paid plans and a per-active-employee rate above it,source-checked,2026-09-23,https://www.kredily.com/pricing,,no
cloud-payroll-software-india,PeopleStrong,https://www.peoplestrong.com/product/payroll-software/,enterprise,"Large Indian and Asian employers with multiple salary structures and pay periods, as PeopleStrong documents configurable structures, pay periods, payslip formats and approval mechanisms on its payroll page","PeopleStrong publishes no price on the payroll product page. The page carries no plan names, per-employee rates or billing periods and routes to a contact form. The company also offers payroll outsourcing alongside the platform, a second commercial shape with its own pricing basis, and neither is published. A buyer cannot size either option before a sales conversation, and any quote received cannot be checked against a published rate card (checked Sep 2026)",Not recorded,source-checked,2026-09-23,,https://www.peoplestrong.com/,no
cloud-payroll-software-india,Pocket HRMS,https://www.pockethrms.com/payroll-software/,mid-market,"Indian companies around fifty employees that want payroll, leave, attendance and compliance under one annually billed price, as Pocket HRMS publishes the bundled headcount and the per-additional-employee rate for both paid tiers","Standard is ₹2,995 per month billed annually for 50 employees, with ₹60 for each additional employee, covering leave, geo-tagging, attendance, payroll processing, self-service, automated taxes and compliance and HRIS. Professional is ₹4,495 per month billed annually for 50 employees with ₹90 for each additional employee, adding geo-fencing, a custom payslip designer, a confirmation module, employee transfer, asset management and exit. Premium is a customised quote with a stated minimum subscription of 100-plus employees, adding payroll journal voucher integration, advanced reporting, custom integrations, API webhooks and audit trail (checked Sep 2026)","Monthly price billed annually including 50 employees, plus a per-additional-employee rate",source-checked,2026-09-23,https://www.pockethrms.com/pricing/,,no
cloud-payroll-software-india,Ramco Payce,https://www.ramco.com/products/payce-payroll-software,enterprise,"Indian enterprises with employees in several countries that want one payroll platform rather than country-by-country vendors, since Ramco documents statutory coverage across 150-plus countries including India, Singapore, Malaysia and the Gulf states","Ramco publishes no price for Payce on the product pages. There are no plan names, per-employee rates or billing periods, and the pages route to a contact request. The company states that implementation timelines vary by country count, workforce size and integration complexity, which indicates that implementation is a separate negotiated cost alongside any licence. A buyer cannot model either the licence or the implementation before a sales conversation (checked Sep 2026)",Not recorded,source-checked,2026-09-23,,https://www.ramco.com/payce/payroll-compliance-india,no
cloud-payroll-software-india,RazorpayX Payroll,https://razorpay.com/payroll/,smb,"Indian startups running payroll for under a hundred employees that want statutory payment and filing bundled with disbursement, as RazorpayX Payroll lists compliance calculation, payments and filings on all published tiers","PRIME is ₹2,499 a month and supports a maximum of 20 employees. ELITE is ₹5,499 a month for 50 employees, listed against a struck-through ₹8,499, with additional employees at ₹150 per employee per month and a stated maximum of 100. The Enterprise tier is for organisations above 100 employees and is quoted by email. An additional 18 percent GST applies to all published figures, and the table offers annual and semi-annual terms. Expense management and support are marked Limited on ELITE, and advanced payroll and integrations are Limited on PRIME (checked Sep 2026)","Monthly charges shown under annual or semi-annual terms, plus 18 percent GST",source-checked,2026-09-23,https://razorpay.com/payroll/pricing/,,no
cloud-payroll-software-india,Zoho Payroll,https://www.zoho.com/in/payroll/,smb,"Small and mid-sized Indian businesses that want the whole rate card published before signing up, since Zoho states plan prices, the included headcount and the per-employee rate above it on its India pricing page","The Free plan is ₹0 for up to 10 employees and covers payroll calculation, payslips, income tax, EPF, ESI, statewise professional tax, labour welfare fund and the TDS worksheet. Standard is ₹1,250 per organisation per month billed monthly or ₹1,000 billed annually, includes 25 employees and charges ₹50 or ₹40 for each additional employee. Professional is ₹3,750 monthly or ₹3,000 annually, includes 50 employees, ₹75 or ₹60 each above. Premium is ₹4,000 per month, includes 50 employees, ₹100 or ₹80 each above, and adds leave and attendance (checked Sep 2026)","Per organisation per month, billed monthly or annually, with a per-additional-employee rate above the included headcount",source-checked,2026-09-23,https://www.zoho.com/in/payroll/pricing/,,no
compliance-software,Drata,https://drata.com/,mid-market,Scaling companies wanting one flat per-framework rate,Quote-based (checked Sep 2026),Not recorded,source-checked,2026-09-11,https://drata.com/pricing,https://drata.com/,no
compliance-software,Hyperproof,https://hyperproof.io/,mid-market,Mid-market compliance operations teams running several frameworks in parallel,Quote-based (checked Sep 2026),Not recorded,source-checked,2026-09-11,,https://hyperproof.io/,no
compliance-software,MetricStream,https://www.metricstream.com/,enterprise,"Large, regulated enterprises tracking many overlapping regulations across business units","Quote-based for the core Regulatory Compliance module; AWS Marketplace separately prices two adjacent modules at $180,000 each over a 36-month term (checked Sep 2026)",36-month term published for the AWS Marketplace CyberGRC-Prime and ESGRC-Prime dimensions; not recorded for the Regulatory Compliance module,source-checked,2026-09-24,https://aws.amazon.com/marketplace/pp/prodview-5ph5amfrrmyx4,https://www.metricstream.com/products/regulatory-compliance.htm,no
compliance-software,OneTrust,https://www.onetrust.com/,enterprise,"Organizations whose dominant obligation is privacy, consent or AI governance",Quote-based (checked Sep 2026),Not recorded,source-checked,2026-09-11,https://www.onetrust.com/pricing/,https://www.onetrust.com/,no
compliance-software,Onspring,https://www.onspring.com/,enterprise,Large or regulated organizations that want a no-code platform spanning compliance and risk,Quote-based (checked Sep 2026),Not recorded,source-checked,2026-09-11,https://onspring.com/platform/pricing/,https://www.onspring.com/,no
compliance-software,Optro (formerly AuditBoard),https://optro.ai/,enterprise,Large enterprises with a staffed internal audit or SOX function,Quote-based (checked Sep 2026),Not recorded,source-checked,2026-09-11,https://optro.ai/pricing,https://optro.ai/,no
compliance-software,Scrut Automation,https://www.scrut.io/,smb,Very small teams that want one flat price with everything included,Quote-based (checked Sep 2026),Not recorded,source-checked,2026-09-11,,https://www.scrut.io/,no
compliance-software,Secureframe,https://secureframe.com/,smb,Small and mid-sized companies working toward a first SOC 2 or ISO 27001 report,"From $7,000/year for the Fundamentals tier, Complete and Defense tiers quote-based (checked Sep 2026)",Not recorded,source-checked,2026-09-11,https://secureframe.com/pricing,https://secureframe.com/,no
compliance-software,Sprinto,https://sprinto.com/,smb,Startups working toward a first certification on a defined budget,Quote-based (checked Sep 2026),Not recorded,source-checked,2026-09-11,https://sprinto.com/pricing/,https://sprinto.com/,no
compliance-software,Thoropass,https://thoropass.com/,mid-market,Organizations that want one vendor accountable for the platform and the finished audit,Quote-based (checked Sep 2026),Not recorded,source-checked,2026-09-11,https://thoropass.com/pricing,https://thoropass.com/,no
consent-management-platforms,Complianz,https://complianz.io/,specialist,"WordPress publishers and agencies wanting a plugin, not a SaaS",From $59/year (checked Sep 2026),Not recorded,source-checked,2026-09-11,https://complianz.io/pricing/,https://complianz.io/,no
consent-management-platforms,Cookiebot by Usercentrics,https://www.cookiebot.com/en/,smb,Sites wanting automated scanning with per-domain pricing,Free tier; paid from EUR 7/mo (checked Sep 2026),Not recorded,source-checked,2026-09-11,https://www.cookiebot.com/en/pricing/,https://www.cookiebot.com/en/,no
consent-management-platforms,CookieYes,https://www.cookieyes.com/,smb,"WordPress, Shopify and Wix sites on a small budget",Free tier; paid from $10/mo (checked Sep 2026),Not recorded,source-checked,2026-09-11,https://www.cookieyes.com/pricing/,https://www.cookieyes.com/,no
consent-management-platforms,Enzuzo,https://www.enzuzo.com/,smb,Ecommerce and agencies managing several client domains,Free tier; paid from $7/mo billed annually (checked Sep 2026),billed annually,source-checked,2026-09-11,https://www.enzuzo.com/pricing,https://www.enzuzo.com/,no
consent-management-platforms,iubenda,https://www.iubenda.com/en/,smb,Small businesses needing policies and consent from one vendor,Free tier; paid from $5.99/mo billed annually (checked Sep 2026),billed annually,source-checked,2026-09-11,https://www.iubenda.com/en/pricing,https://www.iubenda.com/en/,no
consent-management-platforms,Ketch,https://www.ketch.com/,enterprise,Data-heavy teams enforcing consent across downstream systems,Free tier; paid from $150/mo (checked Sep 2026),Not recorded,source-checked,2026-09-11,https://www.ketch.com/pricing,https://www.ketch.com/,no
consent-management-platforms,OneTrust Consent & Preferences,https://www.onetrust.com/,enterprise,Large enterprises needing consent inside a wider governance suite,Quote-based (checked Sep 2026),Not recorded,source-checked,2026-09-11,https://www.onetrust.com/pricing/,https://www.onetrust.com/,no
consent-management-platforms,Osano,https://www.osano.com/,mid-market,US-centric teams wanting consent plus subject rights in one platform,Free tier; paid from $199/mo (checked Sep 2026),Not recorded,source-checked,2026-09-11,https://www.osano.com/plans/cookie-consent,https://www.osano.com/,no
consent-management-platforms,Termly,https://termly.io/,smb,Small sites needing free policies and a compliant banner,Free tier; paid from $10/mo billed annually (checked Sep 2026),billed annually,source-checked,2026-09-11,https://termly.io/pricing/,https://termly.io/,no
consent-management-platforms,Usercentrics,https://usercentrics.com/,mid-market,"Web, mobile app and CTV consent under one vendor",Free tier; paid from EUR 7/mo (checked Sep 2026),Not recorded,source-checked,2026-09-11,https://usercentrics.com/pricing/,https://usercentrics.com/,no
consumer-insights-platforms,Attest,https://www.askattest.com/,mid-market,"Teams that run consumer surveys themselves across several markets and want a research expert assigned to check rigor, as Attest documents","Not published. Annual subscriptions are sized in credits: Basic up to 50,000, Standard up to 100,000, Elite up to 200,000 and Custom over 400,000. One credit is one answer to one question from one person, so 10 questions to 500 people use 5,000 credits. Mid-year top-ups cost 10% more, and unused credits do not roll over (checked Sep 2026)",12-month credit subscription; top-ups available at a higher rate,source-checked,2026-09-22,https://www.askattest.com/pricing,,no
consumer-insights-platforms,Discuss,https://www.discuss.io/,specialist,"Brand insights teams and research agencies that run live and unmoderated qualitative video research with stakeholders observing, as Discuss documents","Not published. Brands choose Consumer Reach, with fully managed research support, or Consumer Reach+, with added expert support. Agencies have separate plans. Plans include live and unmoderated research, 100 files or 50 GB of previously recorded research, and recruitment and respondent incentives for Discuss projects (checked Sep 2026)",Custom plan by team or organisation size,source-checked,2026-09-22,https://www.discuss.io/pricing/,,no
consumer-insights-platforms,GWI,https://www.gwi.com/,mid-market,"Teams that need audience profiles and consumer trends across markets without fielding a new survey, as GWI documents","Free costs $0 and includes 10 Agent Spark prompts a month. Plus is listed at $1,500 per user (€1,400 or £1,200), with unlimited prompts and chart export. Teams and Pro are quoted; Pro adds unlimited platform access, up to 250,000 profiling points and 15-plus years of trended data. GWI states customers can pay monthly or annually (checked Sep 2026)",Monthly or annual payment; Teams and Pro by quote,source-checked,2026-09-22,https://www.gwi.com/pricing,,no
consumer-insights-platforms,Pollfish,https://www.pollfish.com/,smb,"Marketers, researchers and consultants that need fast self-service consumer surveys and pay only when a survey collects responses, as Pollfish documents","Free to join, with responses from $0.95 each. MaxDiff and conjoint add $1.00 per response and price sensitivity adds $0.50. Full-service projects start at $5,000, with simple general-population studies from $5,000 per market. Enterprise packages start at a $10,000 annual commitment with volume discounts (checked Sep 2026)",Pay per response; per project for full service; annual commitment for enterprise,source-checked,2026-09-22,https://www.pollfish.com/pricing/,,no
consumer-insights-platforms,quantilope,https://www.quantilope.com/,mid-market,"Brand and insights teams that want to run advanced quantitative methods themselves, with automated analysis and charting, as quantilope documents","Business, with 3 users, starts at $2,000 a month. Pro (5 users) and Enterprise (10 users) are quoted. Pro adds implicit and qualitative methods and multi-language studies. Enterprise adds conjoint, segmentation, PowerPoint export, API integrations and SSO (checked Sep 2026)",Monthly price stated for Business; Pro and Enterprise by quote,source-checked,2026-09-22,https://www.quantilope.com/pricing,,no
consumer-insights-platforms,Remesh,https://www.remesh.ai/,specialist,"Insights teams that want qualitative depth from large groups, such as concept and message tests, run in about an hour, as Remesh documents","Not published. Remesh states buyers can purchase a discrete project or a software subscription that keeps data in one place and includes the latest features, and it sets pricing in a sales conversation (checked Sep 2026)",Per project or software subscription,source-checked,2026-09-22,https://www.remesh.ai/lp/market-research,,no
consumer-insights-platforms,Suzy,https://www.suzy.com/,mid-market,"Consumer brand and agency teams that want to test ideas and concepts with consumers and iterate quickly, as Suzy's customer case material describes","Not recorded. Suzy's pricing URL redirected to a page that returned HTTP 404 on 22 September 2026, so no plan price on this page is verified. Buyers should request current plans and credit terms from Suzy (checked Sep 2026)",Not recorded,source-checked,2026-09-22,,https://www.suzy.com/,no
consumer-insights-platforms,Voxpopme,https://www.voxpopme.com/,specialist,"Teams that want the reasons behind survey results, captured as consumer video and analysed by AI, as Voxpopme documents","Not published. The pricing page lists four solutions: video surveys, live interviews, AI moderator and user research, each priced through sales (checked Sep 2026)",Not recorded,source-checked,2026-09-22,https://www.voxpopme.com/pricing/,,no
consumer-insights-platforms,Yabble,https://www.yabble.com/,specialist,"Insights teams that want to analyse text and survey data they already hold and explore ideas with AI-generated virtual audiences, as Yabble documents","Tier 0 costs $8,900 a year, Tier 1 $20,000, Tier 2 $40,000 and Tier 3 $80,000. All annual subscriptions include unlimited user licences, API access and the full toolbox. Enterprise is quoted (checked Sep 2026)",Annual subscription,source-checked,2026-09-22,https://www.yabble.com/pricing,,no
consumer-insights-platforms,Zappi,https://www.zappi.io/,enterprise,"Large consumer brands that want to test product concepts and advertising iteratively and track brand health, as Zappi documents","Not published. Zappi prices in three parts: a platform subscription (Premium or Enterprise, both with unlimited users), a credit bundle scoped to a year of research, and optional professional services (checked Sep 2026)",Platform subscription plus yearly credit bundle; services as add-ons,source-checked,2026-09-22,https://www.zappi.io/web/pricing/,,no
contact-center-analytics-software,Authenticx,https://authenticx.com/,specialist,"Pharmaceutical, payer and provider organisations that need conversation analytics tuned to healthcare safety, adherence and compliance signals, as Authenticx documents",No public pricing. Authenticx offers a personalised demo and a tailored solution with dedicated account support. Buyers should request a quote (checked Sep 2026),Quote-based; terms not published,source-checked,2026-09-22,,https://authenticx.com/,no
contact-center-analytics-software,CallMiner,https://callminer.com/,enterprise,"Enterprise contact centers that want to capture and analyse 100% of calls, chats, emails and surveys and act on the results in coaching and automation, as CallMiner documents","No public pricing. CallMiner sells a suite of named modules, including Analyze, Coach, RealTime, Outreach, OmniAgent, LiveTranslate, Visualize, Redact, Record and Screen Record, through sales. Buyers should request a quote that names each module (checked Sep 2026)",Quote-based; terms not published,source-checked,2026-09-22,,https://callminer.com/pricing,no
contact-center-analytics-software,Capacity (formerly Tethr),https://www.tethr.com/,mid-market,"Support organisations that want conversation intelligence, automated QA and AI agents from one vendor, since Tethr is now part of Capacity","Annual platform subscription in three tiers. Core includes knowledge base, helpdesk, AI Agent Builder and analytics. Pro adds live chat, real-time Agent Assist and conversation intelligence and AQA. Enterprise adds campaigns, CRM and a HIPAA package. AI agents are priced per response, minute or message. Conversation intelligence and AQA are priced per hour of agent time. No list prices (checked Sep 2026)",Annual platform fee plus usage-based charges,source-checked,2026-09-22,https://capacity.com/pricing/,,no
contact-center-analytics-software,Enthu.AI,https://enthu.ai/,smb,"Contact centers with up to a few hundred agents that want AI call scoring, transcripts and sentiment without an enterprise sales cycle, since Enthu.AI publishes its prices","Growth: $59 per agent per month for teams of up to 25 voice agents, with 60 hours per agent per month and all features. Manual QA (eValu8): $500 per month for up to 100 agents and 10 QA users, or $1,499 per month for up to 500 agents and 50 QA users. Enterprise and larger teams: custom pricing. 14-day free trial; 30-day proof of concept available (checked Sep 2026)",Monthly per-agent or flat monthly pricing; Enterprise custom,source-checked,2026-09-22,https://enthu.ai/pricing/,,no
contact-center-analytics-software,Invoca,https://www.invoca.com/,mid-market,"Brands, agencies and multi-location businesses that must attribute phone calls to digital campaigns and measure call outcomes, as Invoca documents","Plans are quoted. Pro includes 6,000 annual local or toll-free numbers and 5 custom Signals. Enterprise includes 12,000 numbers and 50 Signals. Elite includes 18,000 numbers and 100 Signals plus PreSense, routing and SIP integration. Signal AI analytics and Quality Management and Agent Coaching are add-ons. No list prices (checked Sep 2026)",Quote-based; number allowances stated per year,source-checked,2026-09-22,https://www.invoca.com/pricing,,no
contact-center-analytics-software,MaestroQA,https://www.maestroqa.com/,mid-market,"Companies that want to analyse contact center, chatbot and sales conversations together and push the results into QA and coaching workflows, as MaestroQA documents",No public pricing. MaestroQA sends a tailored quote after a buyer completes a requirements form (checked Sep 2026),Quote-based; terms not published,source-checked,2026-09-22,https://www.maestroqa.com/pricing,,no
contact-center-analytics-software,Medallia Speech,https://www.medallia.com/platform/speech-analytics/,enterprise,"Customer experience teams that already collect survey feedback and want call and chat analytics in the same program, as Medallia documents",No public pricing. Medallia Speech is sold as part of the Medallia experience management platform. Buyers should request a quote (checked Sep 2026),Quote-based; terms not published,source-checked,2026-09-22,,https://www.medallia.com/platform/speech-analytics/,no
contact-center-analytics-software,Scorebuddy,https://www.scorebuddyqa.com/,mid-market,"Contact center QA teams replacing manual scoring, because Scorebuddy's entry plan covers scorecards, calibration and QA workflows and higher plans add AI scoring and analytics","Three packages priced on number of users. Foundation covers scorecards, QA workflows, calibration, dashboards and reporting. Accelerate adds AI auto scoring with 500 monthly AI scores, BI dashboards, coaching and CCaaS integrations. Elite adds conversation analytics, AI voice transcription, 1,000 monthly AI scores, SSO and data region choice. Extra AI credits and an LMS are add-ons. Annual contracts; 14-day free trial. No list prices (checked Sep 2026)",Annual contracts; per-user pricing by package; AI credits bought in bundles,source-checked,2026-09-22,https://www.scorebuddyqa.com/pricing,,no
contact-center-analytics-software,Verint Speech Analytics,https://www.verint.com/speech-analytics/,enterprise,Large contact centers that already use or plan to use Verint workforce engagement and quality tools and want speech analytics across 100% of voice interactions,"No public pricing. Speech Analytics is sold within the Verint CX Automation Platform alongside workforce engagement, quality automation, copilots, knowledge automation and CX analytics. Buyers should request a quote (checked Sep 2026)",Quote-based; terms not published,source-checked,2026-09-22,,https://www.verint.com/speech-analytics/,no
contact-center-workforce-optimization-software,Amazon Connect,https://aws.amazon.com/connect/optimization/,enterprise,"Organizations on Amazon Connect that want native forecasting, capacity planning and scheduling billed by usage, as AWS documents","Amazon Connect Customer pricing lists forecasting and agent scheduling among the included features. Usage rates are $0.038 per voice minute plus standard telephony, $0.010 per chat message, $0.080 per email and $0.014 per SMS or third-party message. There are no minimums, no long-term contracts and no seat-based licences. Rates vary by region (checked Sep 2026)",Pay per use by channel; no seat licence or minimum,source-checked,2026-09-22,https://aws.amazon.com/connect/pricing/,,no
contact-center-workforce-optimization-software,Aspect Workforce Management,https://www.aspect.com/,enterprise,"Enterprise contact centers that want policy-aware scheduling automation and a choice of cloud, hybrid or on-premise deployment, as Aspect documents","No public price. The Aspect site offers a savings calculator and a demo request. It lists Workforce, Quality, Performance and League gamification applications on the WorkforceOS platform (checked Sep 2026)",Quote-based; terms not published,source-checked,2026-09-22,,https://www.aspect.com/,no
contact-center-workforce-optimization-software,Assembled,https://www.assembled.com/,mid-market,"Customer support teams that schedule across email, chat and phone, and that manage outsourced BPO agents, as Assembled documents","Workforce Management Core costs $25, Pro $45 and Enterprise $75 per month. Assembled's own comparison page states that WFM is priced per agent per month plus a platform fee, and that ML forecasting and AI scheduling need Pro or above. Vendor Management for BPOs is a separate paid add-on. AI Copilot starts at $35 a month and AI agents at $0.65 per conversation (checked Sep 2026)",Per agent per month plus a platform fee,source-checked,2026-09-22,https://www.assembled.com/pricing,https://www.assembled.com/page/best-workforce-management-software,no
contact-center-workforce-optimization-software,Genesys Cloud Workforce Management,https://www.genesys.com/capabilities/workforce-scheduling-forecasting,enterprise,"Organizations running Genesys Cloud CX that want forecasting, scheduling and adherence without a separate WFM contract, as Genesys documents","Genesys Cloud CX 3 costs $155 per user per month and includes workforce management, forecasting and scheduling, quality and employee performance. CX 4 costs $240 and adds AI Experience tokens and journey management. On CX 1 ($75) and CX 2 ($115), workforce engagement management is an add-on. Some AI features consume AI Experience tokens (checked Sep 2026)",Per user per month by edition; AI Experience tokens for some features,source-checked,2026-09-22,https://www.genesys.com/pricing,https://help.genesys.cloud/articles/about-workforce-management/,no
contact-center-workforce-optimization-software,Intradiem,https://www.intradiem.com/,specialist,"Large, structured service teams in sectors such as healthcare, financial services and insurance that want real-time workforce automation on top of existing systems, as Intradiem documents","No public price. Intradiem states that its proposed solutions are designed to deliver at least a 2X return on investment by the end of the first 12 months after go-live, backed by a contractual guarantee (checked Sep 2026)",Quote-based; terms not published,source-checked,2026-09-22,,https://www.intradiem.com/,no
contact-center-workforce-optimization-software,NICE Workforce Management,https://www.nice.com/products/workforce-management,enterprise,"Enterprise contact centers on NICE CXone that want omnichannel forecasting, self-scheduling and back-office WFM, as NICE documents",No public price on the WFM product page. NICE sells Workforce Management as part of the CXone AI platform and routes buyers to a demo. Enhanced Strategic Planner and Back Office are listed as add-ons (checked Sep 2026),Quote-based; terms not published,source-checked,2026-09-22,,https://www.nice.com/products/workforce-engagement-management,no
contact-center-workforce-optimization-software,Peopleware (formerly injixo),https://www.injixo.com/,mid-market,"Contact centers that want a vendor-neutral WFM suite covering forecasting, capacity planning, scheduling, intraday and time and attendance, as Peopleware documents","No public price. The pricing page states that Peopleware reviews the buyer's goals, tailors functions, support and services, and then sets a price for that solution. An ROI calculator is offered on the site (checked Sep 2026)",Quote-based; terms not published,source-checked,2026-09-22,https://www.injixo.com/pricing,,no
contact-center-workforce-optimization-software,Puzzel Workforce Management,https://www.puzzel.com/products/workforce-management,mid-market,"Contact centers in Europe that want cloud forecasting, multi-skill scheduling and real-time adherence, as Puzzel documents","No public WFM price. Puzzel's pricing page describes packages that combine channels, features and tools, and routes buyers to a sales contact (checked Sep 2026)",Package-based quote; terms not published,source-checked,2026-09-22,https://www.puzzel.com/pricing,,no
contact-center-workforce-optimization-software,Verint Workforce Management,https://www.verint.com/workforce-management/,enterprise,"Enterprises that need forecasting and scheduling across contact center and back-office work, with governance and regional labor rules, as Verint documents","No public price. Verint's SMB page lists Verint Workforce Management for enterprises with complex governance and labor law needs, and Calabrio Workforce Management for inbound contact centers that want faster deployment. Both route buyers to a sales contact (checked Sep 2026)",Quote-based; terms not published,source-checked,2026-09-22,,https://www.monetsoftware.com/pricing/,no
contact-center-workforce-optimization-software,Zendesk WFM,https://www.zendesk.com/service/workforce-management/,mid-market,"Customer service teams on Zendesk Support or Suite that want to forecast, schedule and monitor agents inside Zendesk, as Zendesk documents","Zendesk WFM is an add-on for Support and Suite plans. The pricing page lists the Workforce Engagement Bundle, which combines Zendesk WFM and Zendesk QA, at $50 per agent per month paid yearly. It does not list a standalone WFM price. Zendesk states that an add-on is bought for all agents in the account. Base plans start at $19 per agent per month paid yearly (checked Sep 2026)","Per agent per month, paid yearly, for all agents in the account",source-checked,2026-09-22,https://www.zendesk.com/pricing/,https://support.zendesk.com/hc/en-us/articles/6851584037146-Buying-Zendesk-workforce-engagement-management-add-ons-Zendesk-WFM-Zendesk-QA-and-WEM-bundle,no
conversational-ai-banking-platforms,boost.ai,https://boost.ai/,enterprise,"Banks, credit unions and building societies that want chat and voice AI agents for customer-facing and internal banking requests, as boost.ai documents",boost.ai does not publish prices. Its site routes buyers to a demo request (checked Sep 2026),Not recorded,source-checked,2026-09-22,,https://boost.ai/solutions/conversational-ai-banking,no
conversational-ai-banking-platforms,Eltropy,https://eltropy.com/,specialist,"Credit unions and community banks that want AI agents in the same platform as their member texting, video banking and secure chat, as Eltropy documents",Eltropy does not publish prices. The site routes buyers to a demo request (checked Sep 2026),Not recorded,source-checked,2026-09-22,,https://eltropy.com/ai/,no
conversational-ai-banking-platforms,emerie,https://emerie.ai/,specialist,"Community banks, credit unions and fintechs that want voice and chat AI in their own brand voice, with staff kept in the loop, as emerie documents","emerie does not publish prices. The site offers a live walkthrough of a call, a chat and the employee assistant (checked Sep 2026)",Not recorded,source-checked,2026-09-22,,https://emerie.ai/,no
conversational-ai-banking-platforms,Glia,https://www.glia.com/,specialist,"Regional and community banks and credit unions that want AI agents, human agents and digital channels in one customer interaction platform, as Glia documents","Glia publishes its pricing model but not its figures. Priceless Pricing uses fixed-price tiers chosen by supported channels, automation goals, growth stage and industry needs, with unlimited seats, unlimited usage and built-in AI. Glia states that it charges no per-minute, per-seat or per-token fees (checked Sep 2026)",Fixed price per tier; tier figures not published,source-checked,2026-09-22,https://www.glia.com/pricing,https://www.glia.com/ai-banker,no
conversational-ai-banking-platforms,interface.ai,https://interface.ai/,specialist,"Credit unions and community banks that want voice and chat AI agents able to authenticate members and complete transactions, as interface.ai documents",interface.ai does not publish prices. The site routes buyers to a demo booking (checked Sep 2026),Not recorded,source-checked,2026-09-22,,https://interface.ai/solutions/chat-ai/,no
conversational-ai-banking-platforms,Kasisto,https://kasisto.com/,specialist,"Retail and commercial banks that want a conversational agent trained on banking language and delivered through their digital banking provider, as Kasisto documents","Kasisto does not publish prices. The site routes buyers to a demo request. Backbase acquired Kasisto on 23 June 2026, and the combined agentic banking suite is offered to Backbase Banking OS customers (checked Sep 2026)",Not recorded,source-checked,2026-09-22,,https://kasisto.com/products/kai-platform/,no
conversational-ai-banking-platforms,Kore.ai,https://www.kore.ai/,enterprise,"Banks and financial services firms that want pre-built banking agents on an enterprise platform that also covers contact center and agent assistance, as Kore.ai documents","Kore.ai's AWS Marketplace listing prices AI for Service at $0.20 per session, BankAssist at $0.15 per unit, Contact Center AI at $0.10 and Agent AI at $0.20 per unit, with enterprise support at $40,000 per 12 months. The platform documentation lists Essential, Advanced and custom-priced Enterprise plans and a 14-day Automation AI trial with 2,000 sessions (checked Sep 2026)",Automation billed per 15-minute session; contact center and agent AI billed per seat; add-ons separate,source-checked,2026-09-22,https://aws.amazon.com/marketplace/pp/prodview-37vj7cqhupuok,https://docs.kore.ai/ai-for-service/manage-assistant/plan-and-usage/billing-and-payments,no
conversational-ai-banking-platforms,NICE Cognigy,https://www.cognigy.com/,enterprise,"Banks and financial firms with large contact centers that want AI agents across voice and digital channels in many languages, as Cognigy documents",Cognigy does not publish prices. The banking solution page routes buyers to sales (checked Sep 2026),Not recorded,source-checked,2026-09-22,,https://www.cognigy.com/solutions/banking-finance,no
conversational-ai-banking-platforms,Posh,https://www.posh.ai/,specialist,"Community banks and credit unions that want voice, chat and employee-facing AI agents governed by their own procedures, as Posh documents",Posh does not publish prices. Product pages route buyers to a demo request (checked Sep 2026),Not recorded,source-checked,2026-09-22,,https://www.posh.ai/platform,no
conversational-ai-platforms,Amazon Lex,https://aws.amazon.com/lex/,specialist,AWS-native teams building bots that plug directly into Amazon Connect,$0.00075 per text request; $0.004 per speech request; new accounts get up to $200 AWS Free Tier credit (checked Sep 2026),Not recorded,source-checked,2026-09-11,https://aws.amazon.com/lex/pricing/,https://aws.amazon.com/lex/,no
conversational-ai-platforms,Boost.ai,https://boost.ai/product/conversational-ai-platform,enterprise,Regulated enterprises that need tunable control between scripted NLU and generative responses,Quote-based (checked Sep 2026),Not recorded,source-checked,2026-09-11,,https://boost.ai/product/conversational-ai-platform,no
conversational-ai-platforms,Cognigy,https://www.cognigy.com/,enterprise,Large contact centres wanting agentic AI pre-integrated with CCaaS infrastructure,Quote-based (checked Sep 2026),Not recorded,source-checked,2026-09-11,,https://www.cognigy.com/,no
conversational-ai-platforms,Google Dialogflow CX,https://cloud.google.com/dialogflow/cx/docs,enterprise,Teams needing deterministic flows and generative playbooks on Google Cloud infrastructure,"Flows: $0.007/chat request, $0.001/sec voice. Playbooks: $0.012/chat request, $0.002/sec voice. $600-$1,000 trial credit (checked Sep 2026)",Not recorded,source-checked,2026-09-11,https://cloud.google.com/dialogflow/pricing,https://docs.cloud.google.com/dialogflow/cx/docs,no
conversational-ai-platforms,Kore.ai,https://www.kore.ai/,enterprise,"Enterprises building multilingual virtual assistants across CX, agent and employee experience",$500 free credits then $0.20 per conversation; Enterprise plan quote-based and session-metered (checked Sep 2026),Not recorded,source-checked,2026-09-11,https://developer.kore.ai/docs/bots/bot-settings/plan-usage/usage-plans/,https://www.kore.ai/,no
conversational-ai-platforms,LivePerson,https://www.liveperson.com/products/conversational-cloud/,enterprise,Enterprises blending bot automation with live agent handover across messaging channels,Quote-based (checked Sep 2026),Not recorded,source-checked,2026-09-11,https://www.liveperson.com/pricing/,https://www.liveperson.com/products/conversational-cloud/,no
conversational-ai-platforms,Microsoft Copilot Studio,https://www.microsoft.com/en-us/microsoft-copilot/microsoft-copilot-studio/,enterprise,Enterprises standardised on Microsoft 365 building agents across Teams and the web,"Credit packs at $200/mo per 25,000 Copilot Credits; pay-as-you-go metering also available (checked Sep 2026)",Not recorded,source-checked,2026-09-11,https://www.microsoft.com/en-us/microsoft-365-copilot/pricing/copilot-studio,https://www.microsoft.com/en-us/microsoft-copilot/microsoft-copilot-studio/,no
conversational-ai-platforms,Rasa,https://rasa.com/,open-source,"Engineering teams needing an on-premise, auditable dialogue engine resistant to prompt injection","Free Developer Edition (up to 1,000 conversations/mo); Enterprise quote-based (checked Sep 2026)",Not recorded,source-checked,2026-09-11,https://rasa.com/pricing/,https://rasa.com/,no
conversational-ai-platforms,Voiceflow,https://www.voiceflow.com/,mid-market,Product and design teams prototyping and shipping agents across chat and voice quickly,No list price on reviewed page (checked Sep 2026),Not recorded,source-checked,2026-09-11,https://www.voiceflow.com/pricing,https://docs.voiceflow.com/docs/billing-plans,no
conversational-ai-platforms,Yellow.ai,https://yellow.ai/,mid-market,Global brands automating high-volume support across many channels and languages,Free tier with 500 sessions/mo then $0.99 per resolution; Enterprise quote-based (checked Sep 2026),Not recorded,source-checked,2026-09-11,https://yellow.ai/pricing,https://yellow.ai/,no
corporate-performance-management-software,Anaplan,https://www.anaplan.com/,enterprise,"Enterprises whose planning problem crosses functions, since Anaplan positions its platform as decision infrastructure covering financial, sales, supply chain and workforce planning rather than a finance-only tool","Quote-based. The anaplan.com/pricing path redirects to the contact page, and no price list, band or meter appears anywhere on the site (checked Sep 2026)",Not recorded,source-checked,2026-09-23,,https://www.anaplan.com/solutions/finance/,no
corporate-performance-management-software,Cube,https://www.cubesoftware.com/,smb,"Finance teams split between Excel and Google Sheets that want one governed data layer under both, since Cube supports each as a first-class front end rather than exporting to one of them","Quote-based. Bronze, Silver and Gold each list their contents, but all three route to a custom quote with no figure. Cube withdrew its previously published tier prices during 2026, so any figure in third-party guides is historic (checked Sep 2026)",Not recorded,source-checked,2026-09-23,https://www.cubesoftware.com/pricing,,no
corporate-performance-management-software,Datarails,https://www.datarails.com/,smb,"Finance teams whose reporting lives in Excel and whose main problem is disconnected data rather than model sophistication, since Datarails supplies version control, audit trails and central business logic behind the existing files","Custom quote, but the meter is published. Three FP&A tiers each state a user count and an integration count: Professional at 2 and 1, Premium at 5 and 2, Expert at 15 and 3 plus one additional product from month-end close, cash management or spend control. Datarails states the package is tailored by use case, users and integrations, with no separate consultant fees (checked Sep 2026)","Per package, sized by user count and integration count",source-checked,2026-09-23,https://www.datarails.com/pricing/,,no
corporate-performance-management-software,Jedox,https://www.jedox.com/en/,mid-market,"Teams that model across finance, sales, HR and operations in one in-memory database and want ready-made solution bundles for integrated planning, consolidation, HR planning or ESG as a starting point","Jedox's own pricing page requests a quote, but its AWS Marketplace listing publishes 12-month contract prices per named-user package: Essential at USD 12,000 for 3 users, Business at USD 26,640 for 5 users, Professional at USD 47,940 for 10 users. Jedox describes the direct cloud subscription as a monthly fee per named user billed annually, including licence, infrastructure, maintenance and support (checked Sep 2026)",12-month AWS Marketplace contract per named-user package; the direct cloud subscription is a monthly fee per named user billed annually,source-checked,2026-09-23,https://aws.amazon.com/marketplace/pp/prodview-rddtjjod2wrvu,https://www.jedox.com/en/platform/pricing/,no
corporate-performance-management-software,Pigment,https://www.pigment.com/,enterprise,"Teams that reforecast frequently and change model structure as they go, since Pigment positions its platform around flexible modelling and scenario work rather than a fixed chart of accounts","Quote-based. Pigment publishes no pricing page at all: the pigment.com/pricing path returns a 404 and every commercial route is a demo request. Third-party buyer guides place it at the upper end of this category, but those are estimates rather than published prices (checked Sep 2026)",Not recorded,source-checked,2026-09-23,,https://www.pigment.com/platform,no
corporate-performance-management-software,Planful,https://planful.com/,mid-market,"Finance teams adding entities or markets faster than their model can absorb, since Planful states the platform takes on a new business unit or subsidiary without restructuring the model","Quote-based. Planful publishes no pricing page at all: the /pricing path returns a 404 and no figure, band or user meter appears on the platform pages (checked Sep 2026)",Not recorded,source-checked,2026-09-23,,https://planful.com/platform/,no
corporate-performance-management-software,Prophix One,https://www.prophix.com/,mid-market,"Mid-market groups running several entities, currencies and ERPs, since Prophix states the platform handles intercompany eliminations, currency translation and minority interest calculations deterministically with full audit trails","Quote-based. The prophix.com/pricing page is a buyer education guide about how the category is priced rather than a price list, and publishes no figure, band or meter for Prophix One (checked Sep 2026)",Not recorded,source-checked,2026-09-23,https://www.prophix.com/pricing/,,no
corporate-performance-management-software,Solver,https://www.solverglobal.com/,mid-market,"Mid-market teams without a finance data warehouse already in place, since Solver includes one in the suite alongside planning, reporting, consolidation and workflows rather than requiring a separate data project","Quote-based, described as all-inclusive licensing. Three user types are published: Standard for full functionality including report building and security administration, Contributor for entering budgets and forecasts, and Viewer for reading published reports. Every subscription includes Solver Marketplace templates, connectors, unlimited support and automatic upgrades. No figure is published (checked Sep 2026)","Per named user across Standard, Contributor and Viewer licence types",source-checked,2026-09-23,https://www.solverglobal.com/product/pricing,,no
corporate-performance-management-software,Vena Solutions,https://www.venasolutions.com/,mid-market,"Finance teams whose existing models are in Excel and who want version control and workflow around them, since Vena builds its front end on Excel rather than replacing it","Quote-based, but packaging is published. Professional includes the Vena platform, Vena Copilot, a customer success manager, standard support and the customer portal; Complete adds Vena Insights, 24/7 premium support, a sandbox and expert managed services. No figure appears for either. Not-for-profit organisations and Microsoft Dynamics 365 Business Central users may qualify for a discount (checked Sep 2026)","Per user, across Power User, Contributor and View-Only licence types",source-checked,2026-09-23,https://www.venasolutions.com/resources/pricing,,no
corporate-performance-management-software,Workday Adaptive Planning,https://www.workday.com/en-us/products/adaptive-planning/overview.html,enterprise,"Organisations that plan headcount, operations and finance against each other rather than in sequence, which is how Workday describes the single model behind its financial, workforce and operational planning modules","Pricing varies. The packaging page names three routes and no figure: a free 30-day trial, the Workday Adaptive Planning package, and a Close and Consolidation package that bundles the two. Workday states the platform can also be bought through AWS Marketplace against an existing annual AWS commitment (checked Sep 2026)",Not recorded,source-checked,2026-09-23,https://www.workday.com/en-us/products/adaptive-planning/pricing.html,,no
courier-management-software,Cigo Tracker,https://cigotracker.com/,smb,"Courier and delivery fleets, including multi-depot operations, that want route optimisation, live tracking and customer notifications, as Cigo Tracker documents","The Cigo Tracker Canada page states that pricing starts at $150 per vehicle per month, with discounts for fleets over 20 vehicles, no setup fee and cancellation at any time. Currency is not stated. Other regional pages direct buyers to a quote (checked Sep 2026)",Per vehicle per month; cancel anytime; 14-day free trial,source-checked,2026-09-22,https://cigotracker.com/cigo-world/canada/,,no
courier-management-software,CXT Software,https://cxtsoftware.com/,mid-market,"Courier and last-mile carriers, including those moving specimens and medications, that want a white-labeled client portal, dispatch and accounting in one system, as CXT Software documents","Starting at $600 a month. The starting package lists unlimited shipments, unlimited integrations, an order and tracking portal, white labeling, API access, barcode scanning, photo and signature proof of delivery, chain-of-custody tracking and status-triggered notifications. Client Portal, Professional and Enterprise plans are compared on the pricing page and priced after a demo (checked Sep 2026)",Monthly price stated; contract terms not published,source-checked,2026-09-22,https://www.cxtsoftware.com/pricing,,no
courier-management-software,Dispatch Science,https://www.dispatchscience.com/,mid-market,"Courier and final-mile carriers that want dispatch, routing, driver settlements and invoicing in one TMS and plan to add portals, API and auto-dispatch as modules, as Dispatch Science documents","Starter from $675 a month, Growth from $1,900 a month and Enterprise from $4,900 a month, each plus $27 per driver per month. Add-ons are listed separately, including SMS messaging at $150, customer web portal at $200, finance at $200, API at $500, last-mile routing at $500 and auto-dispatch at $1,000. Prices are shown in USD, with Canadian pricing from sales (checked Sep 2026)",Monthly platform fee plus per-driver monthly fee,source-checked,2026-09-22,https://www.dispatchscience.com/pricing,,no
courier-management-software,e-Courier,https://www.e-courier.com/,mid-market,"Mid-sized and large courier companies with time-critical, medical or lab delivery work that need configurable workflows from order capture to invoicing, as e-Courier documents","No public pricing. e-Courier directs buyers to a sales conversation for its courier, shipper and 3PL products (checked Sep 2026)",Quote-based; terms not published,source-checked,2026-09-22,,https://www.e-courier.com/couriers/,no
courier-management-software,Elite EXTRA,https://www.eliteextra.com/,mid-market,"Distributors, auto parts and trade suppliers that run in-house delivery and want routing, tracking and third-party delivery options in one system, as Elite EXTRA documents",No public pricing. Elite EXTRA states that it sells on a month-to-month agreement with no long-term contracts. Buyers should request a quote (checked Sep 2026),Month-to-month agreement; no long-term contract,source-checked,2026-09-22,,https://www.eliteextra.com/delivery-network,no
courier-management-software,Onfleet,https://onfleet.com/courier-suite,mid-market,"Courier and carrier businesses that want Onfleet's routing and driver app with client order entry, custom rates and invoicing through the Courier Suite add-on, as Onfleet documents","Launch from $619 a month with 2,500 delivery or pickup tasks, Scale from $1,349 a month with 5,000 tasks and Enterprise from $3,099 a month with 10,000 or more tasks. The Courier Suite add-on starts at $299 a month and adds custom services and rates, client order entry and tracking portals, e-commerce order intake, client invoicing and label printing (checked Sep 2026)",Monthly plan with task allowance; Courier Suite billed as a monthly add-on; free trial,source-checked,2026-09-22,https://www.onfleet.com/pricing,https://onfleet.com/courier-suite,no
courier-management-software,OnTime 360,https://www.ontime360.com/,smb,"Courier, messenger and delivery companies that want to start on a low monthly plan and add a customer web portal, API and invoicing as they grow, as OnTime 360 documents","Core $49 a month with 100 shipments, then $0.35 per shipment, plus $99 onboarding. Team $99 a month with 250 shipments, then $0.30, plus $149 onboarding. Business $249 a month with 750 shipments, then $0.25, plus $199 onboarding. Enterprise $499 a month with 2,000 shipments, then $0.20, plus $249 onboarding. All plans include unlimited users (checked Sep 2026)",Month-to-month subscription; no contracts; 14-day free trial,source-checked,2026-09-22,https://www.ontime360.com/plans,,no
courier-management-software,SuiteFleet,https://www.suitefleet.com/,mid-market,"Courier and e-commerce delivery operators with distribution centres that need sorting, air waybill generation and multi-brand dispatch under one system, as SuiteFleet documents","Basic $399 a month with 5,000 tasks and unlimited users. Growth $599 a month with 10,000 tasks and API and webhook access. Enterprise by quote with unlimited tasks, route optimization, vehicle live tracking, ETA notifications, billing management, SMS notifications, 3PL connectivity and advanced reporting (checked Sep 2026)",Monthly price per plan with a task allowance,source-checked,2026-09-22,https://www.suitefleet.com/pricing,,no
courier-management-software,Tookan,https://jungleworks.com/tookan/,smb,"Small and growing delivery and courier businesses that want to start free and pay per task as volume grows, as Jungleworks documents for Tookan","Free Forever with 100 tasks a month and 2 drivers. Startup with 1,000 tasks, Growth with 3,000 and Standard with 6,000, each with unlimited drivers. The pricing page shows two price sets, $99, $249 and $399 a month and $129, $299 and $499 a month, and states that plans are sold monthly or annually, with annual plans paid upfront. Extra tasks cost $0.06 to $0.15. Enterprise is by quote. One-time lifetime licences start at $4,999 (checked Sep 2026)",Monthly or annual (paid upfront); task overage billed monthly,source-checked,2026-09-22,https://jungleworks.com/tookan/pricing/,,no
courier-management-software,Transvirtual,https://www.transvirtual.com/,mid-market,"Transport carriers, couriers and delivery businesses in Australia that want rate card management, automated invoicing and carrier integrations priced per consignment, as Transvirtual documents","From $0.40 per consignment note, with no upfront costs. The pricing page lists a delivery app for iOS and Android, rate card management, automated invoicing, app and carrier integrations, electronic proof of delivery and a customer portal with API and EDI consignment creation. The currency is not stated; Transvirtual positions itself as Australian software (checked Sep 2026)",Usage-based per consignment note; no upfront costs,source-checked,2026-09-22,https://www.transvirtual.com/pricing,,no
crm-software,Attio,https://attio.com/,specialist,Technical startups building a custom revenue workflow,Free tier; paid from $35/user/mo billed annually (checked Sep 2026),billed annually,source-checked,2026-09-08,https://attio.com/pricing,,no
crm-software,Close,https://www.close.com/,smb,High-volume inside sales and outbound calling teams,From $9/user/mo billed annually (checked Sep 2026),billed annually,source-checked,2026-09-08,https://www.close.com/pricing,,no
crm-software,Copper,https://www.copper.com/,smb,Google Workspace teams in relationship-led businesses,From $23/user/mo billed annually (checked Sep 2026),billed annually,source-checked,2026-09-08,https://www.copper.com/pricing,,no
crm-software,Freshsales,https://www.freshworks.com/crm/sales/,mid-market,Cost-conscious sales teams wanting built-in phone and email,From $9/user/mo billed annually (checked Sep 2026),billed annually,source-checked,2026-09-08,https://www.freshworks.com/crm/pricing/,,no
crm-software,HubSpot Sales Hub,https://www.hubspot.com/products/sales,mid-market,Marketing-led teams that want CRM and outreach together,Free tier; paid from $7/user/mo billed annually (checked Sep 2026),billed annually,source-checked,2026-09-08,https://www.hubspot.com/pricing/sales,,no
crm-software,Insightly,https://www.insightly.com/,mid-market,Services firms linking sales to project delivery,From $29/user/mo billed annually (checked Sep 2026),billed annually,source-checked,2026-09-08,https://www.insightly.com/pricing/,,no
crm-software,Keap,https://keap.com/,smb,Small service businesses automating marketing and billing,From $299/mo (checked Sep 2026),"Billed monthly; annual billing available at $2,988/year",source-checked,2026-09-08,https://keap.com/pricing,,no
crm-software,Microsoft Dynamics 365 Sales,https://www.microsoft.com/en-us/dynamics-365/products/sales,enterprise,Enterprises standardised on Microsoft 365 and Azure,From $65/user/mo billed annually (checked Sep 2026),billed annually,source-checked,2026-09-08,https://www.microsoft.com/en-us/dynamics-365/products/sales/pricing,,no
crm-software,monday CRM,https://monday.com/crm,mid-market,Teams wanting a configurable pipeline without an admin,From $12/user/mo billed annually (checked Sep 2026),billed annually,source-checked,2026-09-08,https://monday.com/crm/pricing,,no
crm-software,Salesforce Sales Cloud,https://www.salesforce.com/sales/,enterprise,Large sales organisations with complex processes,From $25/user/mo (checked Sep 2026),"Starter Suite billed monthly or annually; Pro Suite, Core, Advanced and Max billed annually",source-checked,2026-09-08,https://www.salesforce.com/sales/pricing/,,no
customer-data-platforms,Adobe Real-Time CDP,https://business.adobe.com/products/real-time-customer-data-platform/rtcdp.html,enterprise,"Enterprises using Adobe Experience Cloud that need B2C and B2B profiles and audiences, including federated audiences built from a warehouse","Quote-based; demo request, no list prices published (checked Sep 2026)",Not recorded,source-checked,2026-09-19,,https://business.adobe.com/products/real-time-customer-data-platform/rtcdp.html,no
customer-data-platforms,Amperity,https://amperity.com/,enterprise,"Consumer brands in retail, travel, hospitality and member-based financial services that need AI-driven identity resolution across messy offline and online records","Quote-based; contact sales, no list prices published (checked Sep 2026)",Not recorded,source-checked,2026-09-19,,https://amperity.com/platform,no
customer-data-platforms,Hightouch,https://hightouch.com/,mid-market,Marketing teams at companies with a mature data warehouse that want a composable CDP that activates data without copying it into a separate store,Usage-based and quote-based for the Composable CDP; free Basic Reverse ETL tier with up to 2 active syncs (checked Sep 2026),Usage-based; contract terms not published,source-checked,2026-09-19,https://hightouch.com/pricing,https://hightouch.com/platform/composable-cdp,no
customer-data-platforms,Lemnisk,https://www.lemnisk.co/,specialist,"Banks and insurers, particularly in India and Asia, that need a CDP deployable on-premise, in their own cloud or in-country for data residency",Quote-based; engagements start with an assessment request (checked Sep 2026),Not recorded,source-checked,2026-09-19,,https://www.lemnisk.co/banking/,no
customer-data-platforms,Rokt mParticle,https://www.mparticle.com/,enterprise,"Consumer finance, fintech and digital banking brands that need real-time mobile and web profiles with compliance controls for GLBA, GDPR and PSD2",Quote-based; the pricing page routes to a sales contact form (checked Sep 2026),Not recorded,source-checked,2026-09-19,https://www.mparticle.com/pricing/,https://www.rokt.com/rokt-mparticle/solutions/industries/financial-services,no
customer-data-platforms,RudderStack,https://www.rudderstack.com/,mid-market,"Data teams that want a warehouse-native, composable CDP where profiles and identity graphs are built inside their own data cloud","Free US$0 (250,000 events per month); Growth from US$265 per month for 1 million events; Enterprise custom (checked Sep 2026)",Monthly or annual; Growth includes a 30-day free trial; Enterprise by quote,source-checked,2026-09-19,https://www.rudderstack.com/pricing/,https://www.rudderstack.com/product/profiles/,no
customer-data-platforms,Salesforce Data 360,https://www.salesforce.com/data/,enterprise,"Organisations already running Salesforce clouds that want unified profiles feeding marketing, sales, service and Agentforce from one platform","Flex Credits US$500 per 100,000 credits; Profiles US$240 per 1,000 profiles per year; Enterprise Profiles US$420 per 1,000 profiles per year (checked Sep 2026)","Credits pre-purchased, pay-as-you-go or pre-committed; profile plans priced per year",source-checked,2026-09-19,https://www.salesforce.com/data/pricing/,https://www.salesforce.com/data/,no
customer-data-platforms,Tealium,https://tealium.com/,enterprise,"Large enterprises, including banks and insurers, that need real-time identity resolution with consent enforced at collection across web, app and server data",Quote-based; no list prices published (checked Sep 2026),Not recorded,source-checked,2026-09-19,,https://tealium.com/,no
customer-data-platforms,Twilio Segment,https://segment.com/,mid-market,Product and engineering teams that want to start with a free or low-cost event pipeline and add unified profiles and audiences later,"Connections Free US$0 per month (1,000 visitors); Team from US$120 per month (10,000 visitors); Business and full Customer Data Platform by quote (checked Sep 2026)",Monthly; Team includes a 14-day free trial; Business and CDP terms by quote,source-checked,2026-09-19,https://segment.com/pricing/connections/,https://segment.com/customer-data-platform/,no
customer-journey-orchestration-platforms,Adobe Journey Optimizer,https://business.adobe.com/products/journey-optimizer.html,enterprise,"Large enterprises that want real-time, event-triggered journeys and batch campaigns on unified customer profiles, as Adobe documents for Journey Optimizer","Not published. Adobe's product page offers a demo booking rather than a price list, so buyers need a quote. A separate B2B Edition covers account-based journeys (checked Sep 2026)",Not recorded,source-checked,2026-09-22,,https://experienceleague.adobe.com/en/docs/journey-optimizer/using/ajo-home,no
customer-journey-orchestration-platforms,Bloomreach,https://www.bloomreach.com/,enterprise,"Retailers and e-commerce brands that want journeys that use product catalogue data as well as customer data, as Bloomreach documents","Not published. Bloomreach sells Autonomous Marketing as an annual plan with a module fee and a usage fee. Usage depends on customers served, product catalogue size and events such as emails or SMS sent. Loomi AI is included (checked Sep 2026)",Annual plan; module fee plus usage fee,source-checked,2026-09-22,https://www.bloomreach.com/en/pricing,,no
customer-journey-orchestration-platforms,Braze,https://www.braze.com/,enterprise,"Consumer brands with large app and web audiences that want cross-channel journeys and AI-assisted personalization, as Braze documents in its platform editions","Not published. Braze sells four editions: Go, Select, Pro and Enterprise. Pricing scales with monthly active users, the customers who interact with the brand, rather than stored profiles. Braze offers a pricing request and a free trial (checked Sep 2026)",Priced by monthly active users; amount by quote,source-checked,2026-09-22,https://www.braze.com/pricing,,no
customer-journey-orchestration-platforms,CleverTap,https://clevertap.com/,mid-market,"App-led consumer brands in e-commerce, subscriptions, financial services and gaming that want journeys and behavioural analytics together, as CleverTap documents","Core starts at $85 a month at the smallest monthly active user band. Taxes apply, add-ons are excluded and billing starts after a 30-day trial. Pro and Ultimate are priced after a demo (checked Sep 2026)","Monthly, priced by monthly active users; billing starts after a 30-day trial",source-checked,2026-09-22,https://clevertap.com/pricing/,,no
customer-journey-orchestration-platforms,Insider One,https://insiderone.com/,mid-market,"Consumer brands that want journey orchestration, website personalization and a customer data platform from one vendor, as Insider One documents",Not published. The former Insider pricing URL now resolves to insiderone.com and returned HTTP 404 on 22 September 2026. Buyers should request a quote through a demo (checked Sep 2026),Not recorded,source-checked,2026-09-22,,https://insiderone.com/,no
customer-journey-orchestration-platforms,Iterable,https://iterable.com/,mid-market,"Lifecycle and growth marketing teams that want to build cross-channel journeys without code, as Iterable documents for Studio","Not published. The Iterable pricing URL redirected to the homepage on 22 September 2026, and the site offers a demo request (checked Sep 2026)",Not recorded,source-checked,2026-09-22,,https://iterable.com/product/features/studio/,no
customer-journey-orchestration-platforms,Lemnisk,https://www.lemnisk.co/,specialist,"Regulated enterprises, such as insurers and banks, that need real-time journeys on customer data kept in their own environment or region, as Lemnisk documents",Not published. Lemnisk's site offers a demo request and no price list (checked Sep 2026),Not recorded,source-checked,2026-09-22,,https://www.lemnisk.co/,no
customer-journey-orchestration-platforms,MoEngage,https://www.moengage.com/,mid-market,"B2C marketing and product teams, often mobile-first, that want behaviour-based journeys and analytics in one platform, as MoEngage documents","Not published. MoEngage sells Growth and Enterprise plans for cross-channel marketing and analytics, and a separate Inform product for transactional alerts. All are quoted after a sales call (checked Sep 2026)",Not recorded,source-checked,2026-09-22,https://www.moengage.com/plans-and-pricing/,,no
customer-journey-orchestration-platforms,Optimove,https://www.optimove.com/,enterprise,"CRM teams in retail and iGaming that want marketers to segment, create and optimize journeys without data or creative queues, as Optimove documents","Not published. The Optimove pricing URL returned HTTP 404 on 22 September 2026, and the site offers a demo (checked Sep 2026)",Not recorded,source-checked,2026-09-22,,https://www.optimove.com/,no
customer-journey-orchestration-platforms,WebEngage,https://webengage.com/,mid-market,"Consumer brands focused on retention, such as retailers, lenders, insurers and travel companies, as WebEngage's published customers show","Not published. The WebEngage pricing URL returned HTTP 404 on 22 September 2026, and the site offers a demo request instead (checked Sep 2026)",Not recorded,source-checked,2026-09-22,,https://webengage.com/blog/journey-designer/,no
dast-tools,Appknox,https://www.appknox.com/,specialist,Enterprises testing mobile applications before store release,Quote-based (checked Sep 2026),Not recorded,source-checked,2026-09-11,https://www.appknox.com/pricing,https://www.appknox.com/,no
dast-tools,Burp Suite (PortSwigger),https://portswigger.net/burp,specialist,Penetration testers and appsec teams wanting manual plus automated testing,From $499/user/year (checked Sep 2026),Not recorded,source-checked,2026-09-11,https://portswigger.net/burp/pro/pricing,https://portswigger.net/burp,no
dast-tools,Detectify,https://detectify.com/,mid-market,Companies scanning an external attack surface continuously,"Free tier; paid from EUR 2,500/year billed annually (checked Sep 2026)",billed annually,source-checked,2026-09-11,https://detectify.com/pricing,https://detectify.com/,no
dast-tools,Intruder,https://www.intruder.io/,smb,"Lean security teams covering infrastructure, cloud and web together",Free tier; paid from $239/mo billed annually plus per-target fees; Enterprise quote-based (checked Sep 2026),billed annually,source-checked,2026-09-11,https://www.intruder.io/pricing,https://www.intruder.io/,no
dast-tools,Invicti,https://www.invicti.com/,enterprise,Enterprises governing large web and API application portfolios,Quote-based (checked Sep 2026),Not recorded,source-checked,2026-09-11,https://www.invicti.com/pricing/,https://www.invicti.com/,no
dast-tools,OWASP ZAP,https://www.zaproxy.org/,open-source,Teams needing a free scanner they can script and self-host,Free and open source (checked Sep 2026),Not recorded,source-checked,2026-09-11,,https://www.zaproxy.org/,no
dast-tools,Rapid7 InsightAppSec,https://www.rapid7.com/products/insightappsec/,enterprise,Security teams wanting predictable per-application DAST pricing,"From $175/mo per app, billed annually (checked Sep 2026)",billed annually,source-checked,2026-09-11,https://www.rapid7.com/products/insightappsec/pricing/,https://www.rapid7.com/products/insightappsec/,no
dast-tools,StackHawk,https://www.stackhawk.com/,mid-market,Developer teams running security tests inside CI and coding agents,From $10/user/mo (checked Sep 2026),Not recorded,source-checked,2026-09-11,https://www.stackhawk.com/pricing/,https://www.stackhawk.com/,no
dast-tools,Tenable Web App Scanning,https://www.tenable.com/products/tenable-io/web-application-scanning,enterprise,Organisations already running Tenable vulnerability management,"From $3,578/year for 5 FQDNs (checked Sep 2026)",Not recorded,source-checked,2026-09-11,,https://www.tenable.com/products/tenable-io/web-application-scanning,no
dast-tools,Veracode Dynamic Analysis,https://www.veracode.com/products/dynamic-analysis-dast/,enterprise,"Regulated enterprises consolidating DAST, SAST and SCA reporting",Quote-based (checked Sep 2026),Not recorded,source-checked,2026-09-11,,https://www.veracode.com/products/dynamic-analysis-dast/,no
data-catalog-software,Alation,https://www.alation.com/product/data-catalog/,enterprise,Analyst-heavy organisations that search and query constantly,Quote-based (checked Sep 2026),Not recorded,source-checked,2026-09-11,,https://www.alation.com/product/data-catalog/,no
data-catalog-software,Atlan,https://atlan.com/,enterprise,Modern data teams cataloguing across many warehouses,Quote-based (checked Sep 2026),Not recorded,source-checked,2026-09-11,,https://atlan.com/,no
data-catalog-software,AWS Glue Data Catalog,https://aws.amazon.com/glue/pricing/,specialist,AWS lakes needing a shared technical metadata store,"Free for the first million objects; then $1.00 per 100,000 objects per month (checked Sep 2026)",Not recorded,source-checked,2026-09-11,https://aws.amazon.com/glue/pricing/,https://aws.amazon.com/glue/pricing/,no
data-catalog-software,Collibra,https://www.collibra.com/products/collibra-platform,enterprise,Regulated enterprises running formal governance programmes,Quote-based (checked Sep 2026),Not recorded,source-checked,2026-09-11,,https://www.collibra.com/products/collibra-platform,no
data-catalog-software,DataHub,https://datahub.com/,open-source,Platform teams needing an extensible open metadata model,Free and open source; DataHub Cloud quote-based (checked Sep 2026),Not recorded,source-checked,2026-09-11,,https://datahub.com/,no
data-catalog-software,Google Cloud Dataplex Universal Catalog,https://cloud.google.com/dataplex/pricing,enterprise,BigQuery-centred estates cataloguing inside Google Cloud,"Usage-based, from $2.00 per GiB of metadata per month (checked Sep 2026)",Not recorded,source-checked,2026-09-11,https://cloud.google.com/dataplex/pricing,https://cloud.google.com/dataplex/pricing,no
data-catalog-software,Microsoft Purview,https://azure.microsoft.com/en-us/pricing/details/purview/,enterprise,Azure and Microsoft 365 estates needing unified governance,"Usage-based, from $0.0165 per governed asset per day (checked Sep 2026)",Not recorded,source-checked,2026-09-11,https://azure.microsoft.com/en-us/pricing/details/purview/,https://azure.microsoft.com/en-us/pricing/details/purview/,no
data-catalog-software,OpenMetadata,https://open-metadata.org/,open-source,Engineering teams that prefer to self-host the catalog,Free and open source; Collate cloud quote-based (checked Sep 2026),Not recorded,source-checked,2026-09-11,https://www.getcollate.io/pricing,https://open-metadata.org/,no
data-catalog-software,Secoda,https://www.secoda.co/pricing,mid-market,Mid-sized data teams wanting fast catalog rollout,Quote-based (checked Sep 2026),Not recorded,source-checked,2026-09-11,https://www.secoda.co/pricing,https://www.secoda.co/pricing,no
data-integration-platforms,Airbyte,https://airbyte.com/,open-source,Teams that want to start self-hosted and move to a managed plan later,Core edition free and open source; Cloud Standard starts at $10 per month on volume pricing; Pro and Enterprise Flex are capacity-priced and quoted (checked Sep 2026),"Monthly for Standard; Pro and Enterprise Flex priced by Data Worker capacity through sales; separate agent plans at $0, $29 and $299 per month",source-checked,2026-09-18,https://airbyte.com/pricing,,no
data-integration-platforms,Boomi,https://boomi.com/platform/integration/,enterprise,Buyers pairing application integration with API management and EDI on one platform,"Quote-based; subscription plans and a pay-as-you-go option are published without prices, following a 30-day trial of full platform capabilities (checked Sep 2026)","Not recorded; either a capability-scoped subscription plan or usage-based pay-as-you-go, both quoted",source-checked,2026-09-18,https://boomi.com/pricing/,,no
data-integration-platforms,Celigo,https://www.celigo.com/platform/,mid-market,"Operations teams automating ERP, ecommerce and finance flows alongside warehouse loads","Quote-based; Standard, Professional and Enterprise editions are priced flat-rate on endpoints and flows rather than tasks or data volume, with no list price published (checked Sep 2026)","Not recorded; flat-rate edition subscription, with the pricing page stating no overage fees",source-checked,2026-09-18,https://www.celigo.com/pricing/,,no
data-integration-platforms,Estuary Flow,https://estuary.dev/,mid-market,Teams that need sub-second pipelines and want to model cost before committing,Free tier at 10 GB per month and two connector instances; Cloud at $0.50 per GB plus $100 per month for each of the first six connector instances and $50 per month thereafter (checked Sep 2026),"Monthly pay-as-you-go by card or 30-day invoice, or discounted prepay usable over up to 12 months; Enterprise invoiced, with annual contracts required for private and BYOC deployments",source-checked,2026-09-18,https://estuary.dev/pricing,,no
data-integration-platforms,Fivetran,https://www.fivetran.com/,enterprise,Teams replacing in-house connector maintenance with a managed catalogue,"Free plan (500,000 monthly active rows for connections); Standard, Enterprise and Business Critical are consumption-priced per monthly active row with no list price published (checked Sep 2026)",Monthly consumption billing; annual contracts save up to 22%; fixed-price Enterprise License Agreements offered,source-checked,2026-09-18,https://www.fivetran.com/pricing,,no
data-integration-platforms,Hevo Data,https://hevodata.com/,smb,Small and mid-sized data teams that need a published price before a sales call,Free plan up to 1 million events per month; Starter $239 per month billed annually or $299 monthly; Professional $679 annually or $849 monthly; Business Critical quoted (checked Sep 2026),Pay monthly or pay annually at 20 percent off; 14-day free trial with no credit card; usage above plan quota billed on demand,source-checked,2026-09-18,https://hevodata.com/pricing/,,no
data-integration-platforms,Informatica,https://www.informatica.com/products/cloud-data-integration.html,enterprise,Enterprises consolidating many integration patterns onto one governed platform,Quote-based; Intelligent Data Management Cloud is metered in Informatica Processing Units with no list price published (checked Sep 2026),Not recorded; the pricing page describes consumption against a purchased IPU pool without stating a billing cadence,source-checked,2026-09-18,https://www.informatica.com/products/cloud-integration/pricing.html,,no
data-integration-platforms,Matillion,https://www.matillion.com/,mid-market,Data teams building warehouse-native pipelines with low-code and SQL side by side,"Quote-based; Developer, Teams and Scale editions draw on a consumption-based credit pool, with no credit price published (checked Sep 2026)","Credits consumed against one subscription per account; the SLA requires an annual subscription; contracting direct or through AWS, Azure or Snowflake",source-checked,2026-09-18,https://www.matillion.com/pricing,,no
data-integration-platforms,Qlik Talend Cloud,https://www.qlik.com/us/products/qlik-talend-cloud,enterprise,Enterprises that need SAP and mainframe connectivity alongside data quality tooling,"Quote-based; Starter, Standard, Premium and Enterprise editions are listed without prices (checked Sep 2026)",Not recorded; the pricing page lists four subscription editions and a client-managed option without stating a cadence,source-checked,2026-09-18,https://www.qlik.com/us/pricing/data-integration,,no
data-integration-platforms,SnapLogic,https://www.snaplogic.com/products/intelligent-integration-platform,enterprise,Enterprises that want unlimited pipeline volume at a fixed package price,"Quote-based; Essential, Professional and Enterprise One packages are priced on the number of data and application endpoints connected, with no list price published (checked Sep 2026)","Not recorded; package subscription priced on endpoints, charged identically for CloudPlex and GroundPlex deployment",source-checked,2026-09-18,https://www.snaplogic.com/pricing,,no
data-mapping-tools-for-enterprise,BigID,https://bigid.com/data-mapping/,enterprise,Enterprises with large structured and unstructured estates that need scan-based discovery and approval workflows,Quote-based (checked Sep 2026),Not recorded,source-checked,2026-09-11,https://home.bigid.com/pricing,https://bigid.com/data-mapping/,no
data-mapping-tools-for-enterprise,MuleSoft,https://www.mulesoft.com/platform/enterprise-integration,enterprise,"Enterprises that need governed, reusable integration mapping across a large application estate",Quote-based (checked Sep 2026),Not recorded,source-checked,2026-09-11,https://www.salesforce.com/mulesoft/pricing/,https://docs.mulesoft.com/general/,no
data-mapping-tools-for-enterprise,OneTrust,https://www.onetrust.com/products/data-mapping-automation/,enterprise,"Enterprises that want the data map inside one privacy, AI governance and third-party risk system of record",Quote-based (checked Sep 2026),Not recorded,source-checked,2026-09-11,https://www.onetrust.com/pricing/,https://www.onetrust.com/products/data-mapping-automation/,no
data-mapping-tools-for-enterprise,Securiti,https://securiti.ai/data-mapping-automation/,enterprise,Enterprises that want privacy data mapping on the same discovery layer as data security posture and AI governance,Quote-based (checked Sep 2026),Not recorded,source-checked,2026-09-11,https://securiti.ai/pricing/,https://securiti.ai/data-mapping-automation/,no
data-mapping-tools-for-enterprise,Transcend,https://transcend.io/platform/data-inventory,specialist,Enterprises whose security policy requires discovery to run inside their own infrastructure with vendor-blind API keys,Quote-based (checked Sep 2026),Not recorded,source-checked,2026-09-11,https://transcend.io/pricing,https://transcend.io/platform/data-inventory,no
data-mapping-tools-for-enterprise,TrustArc,https://trustarc.com/products/privacy-data-governance/data-mapping-risk-manager/,enterprise,Enterprise privacy teams managing many vendors that want automated risk scoring across global privacy laws,Quote-based (checked Sep 2026),Not recorded,source-checked,2026-09-11,,https://trustarc.com/products/privacy-data-governance/data-mapping-risk-manager/,no
data-mapping-tools-for-startups,Altova MapForce,https://www.altova.com/mapforce,specialist,Developers at startups who need a one-time-licence desktop tool for file and schema conversion,"From EUR 289, one-time per named user, Basic Edition; EUR pricing shown (checked Sep 2026)",Not recorded,source-checked,2026-09-11,https://shop.altova.com/mapforce,https://www.altova.com/mapforce,no
data-mapping-tools-for-startups,Boomi,https://boomi.com/platform/integration/,mid-market,Startups that want to start integration mapping on a published monthly price with no annual contract,Free 30-day trial; paid from $99/mo plus usage (checked Sep 2026),Not recorded,source-checked,2026-09-11,https://boomi.com/pricing/,https://boomi.com/platform/integration/,no
data-mapping-tools-for-startups,DataGrail,https://www.datagrail.io/platform/live-data-map/,specialist,"Startups that want a first privacy data map quickly from pre-profiled applications, without a long discovery scan",Quote-based (checked Sep 2026),Not recorded,source-checked,2026-09-11,,https://www.datagrail.io/platform/live-data-map/,no
data-mapping-tools-for-startups,Osano,https://www.osano.com/products/data-mapping,specialist,Startups without a dedicated privacy team that need a data map and RoPA without relying on IT or Security,Quote-based; plans page references a free 30-day trial (checked Sep 2026),Not recorded,source-checked,2026-09-15,https://www.osano.com/plans,https://www.osano.com/products/data-mapping,no
data-mapping-tools-for-startups,Workato,https://www.workato.com/products/ipaas,mid-market,Startups that want to begin on a named Free or Pro credit tier and map fields between SaaS apps without code,Quote-based (checked Sep 2026),Not recorded,source-checked,2026-09-11,https://www.workato.com/pricing,https://www.workato.com/products/ipaas,no
data-mapping-tools,Altova MapForce,https://www.altova.com/mapforce,specialist,Developers and integration specialists needing a desktop tool for any-to-any format conversion,"From EUR 289, one-time per named user, Basic Edition; EUR pricing shown (checked Sep 2026)",Not recorded,source-checked,2026-09-11,https://shop.altova.com/mapforce,https://www.altova.com/mapforce,no
data-mapping-tools,BigID,https://bigid.com/data-mapping/,enterprise,Enterprises needing data mapping built on scan-based discovery across unstructured and structured data,Quote-based (checked Sep 2026),Not recorded,source-checked,2026-09-11,https://home.bigid.com/pricing,https://bigid.com/data-mapping/,no
data-mapping-tools,Boomi,https://boomi.com/platform/integration/,mid-market,"Teams wanting a published, self-service entry price into enterprise-grade integration mapping",Free 30-day trial; paid from $99/mo plus usage (checked Sep 2026),Not recorded,source-checked,2026-09-11,https://boomi.com/pricing/,https://boomi.com/platform/integration/,no
data-mapping-tools,DataGrail,https://www.datagrail.io/platform/live-data-map/,specialist,Privacy teams wanting AI-driven system detection without running manual discovery scans,Quote-based (checked Sep 2026),Not recorded,source-checked,2026-09-11,,https://www.datagrail.io/platform/live-data-map/,no
data-mapping-tools,MuleSoft,https://www.mulesoft.com/platform/enterprise-integration,enterprise,"Enterprises building governed, reusable integrations across a large application estate",Quote-based (checked Sep 2026),Not recorded,source-checked,2026-09-11,https://www.salesforce.com/mulesoft/pricing/,https://docs.mulesoft.com/general/,no
data-mapping-tools,OneTrust,https://www.onetrust.com/products/data-mapping-automation/,enterprise,Enterprises already standardised on OneTrust for privacy and AI governance,Quote-based (checked Sep 2026),Not recorded,source-checked,2026-09-11,https://www.onetrust.com/pricing/,https://www.onetrust.com/products/data-mapping-automation/,no
data-mapping-tools,Securiti,https://securiti.ai/data-mapping-automation/,enterprise,Organisations wanting data mapping unified with broader data security posture management,Quote-based (checked Sep 2026),Not recorded,source-checked,2026-09-11,https://securiti.ai/pricing/,https://securiti.ai/data-mapping-automation/,no
data-mapping-tools,Transcend,https://transcend.io/platform/data-inventory,specialist,Privacy teams wanting a zero-trust architecture where the vendor never touches raw data,Quote-based (checked Sep 2026),Not recorded,source-checked,2026-09-11,https://transcend.io/pricing,https://transcend.io/platform/data-inventory,no
data-mapping-tools,TrustArc,https://trustarc.com/products/privacy-data-governance/data-mapping-risk-manager/,enterprise,Privacy teams wanting AI-assisted record creation to speed up RoPA build-out,Quote-based (checked Sep 2026),Not recorded,source-checked,2026-09-11,,https://trustarc.com/products/privacy-data-governance/data-mapping-risk-manager/,no
data-mapping-tools,Workato,https://www.workato.com/products/ipaas,mid-market,Teams wanting a named self-service entry tier into enterprise automation and integration,Quote-based (checked Sep 2026),Not recorded,source-checked,2026-09-11,https://www.workato.com/pricing,https://www.workato.com/products/ipaas,no
data-privacy-management-software,BigID Privacy Suite,https://bigid.com/privacy-suite/,enterprise,"Enterprises with large structured and unstructured data estates that want DSARs, RoPA, assessments, retention and consent enforcement tied to discovered data, as BigID documents for its Privacy Suite",No published price. BigID sells the Privacy Suite after a demo request; bigid.com/pricing/ returns a 404 (checked Sep 2026),Not recorded,source-checked,2026-09-25,,https://bigid.com/privacy-suite/,no
data-privacy-management-software,DataGrail,https://www.datagrail.io/,mid-market,"Privacy, legal and security teams at companies with large SaaS estates that need DSR fulfilment, a live data map and assessments automated, as DataGrail documents for Request Manager and Live Data Map","No published price. DataGrail is sold after a demo request, and datagrail.io/pricing/ returns a 404 (checked Sep 2026)",Not recorded,source-checked,2026-09-25,,https://www.datagrail.io/solutions/dsr-management/,no
data-privacy-management-software,MineOS,https://mineos.ai/,mid-market,"Companies that want data mapping, RoPA, DSR automation and privacy risk assessments run by AI agents with a stated 30-day go-live, as MineOS documents for its platform",No published price. MineOS sells after a demo request; mineos.ai/pricing returns a 404 (checked Sep 2026),Not recorded,source-checked,2026-09-25,,https://mineos.ai/platforms/dsr-automation,no
data-privacy-management-software,OneTrust Privacy Automation,https://www.onetrust.com/solutions/privacy-automation/,enterprise,"Large organisations that need DSR fulfilment, data and activity mapping, privacy notices, assessments and regulatory research managed in one platform across jurisdictions, as OneTrust documents for Privacy Automation","No published price. OneTrust's pricing page lists Privacy Automation as one of its packages alongside AI Governance, Consent & Preferences and Third-Party Management, each with a Get Pricing request (checked Sep 2026)",Not recorded,source-checked,2026-09-25,https://www.onetrust.com/pricing/,,no
data-privacy-management-software,Osano,https://www.osano.com/,mid-market,"Organisations that want cookie consent, subject rights requests, data mapping, assessments and vendor risk managed together, starting from consent, as Osano documents for its data privacy management platform","No published price for the data privacy management platform. Osano's plans page offers a demo request and lists Cookie Consent, Subject Rights, Vendor Risk, Data Mapping, Assessments and a consent and preference hub (checked Sep 2026)",Not recorded,source-checked,2026-09-25,https://www.osano.com/plans,,no
data-privacy-management-software,PrivacyEngine,https://www.privacyengine.io/,smb,"Organisations with a small privacy function, often a single DPO, that need RoPA, DSAR logs, DPIAs, breach registers and staff training in one plan, as PrivacyEngine documents","Starter from €4,999 per year with a learning management system for up to 50 employees and two consulting hours. Standard from €7,999 per year for organisations up to 150 employees, adding DPIA and SSO. Advanced from €14,999 per year for up to 500 employees, with eight consulting hours. Enterprise is quoted (checked Sep 2026)",Per year by plan; Enterprise quoted,source-checked,2026-09-25,https://www.privacyengine.io/privacyengine-pricing/,,no
data-privacy-management-software,Privado AI,https://www.privado.ai/,specialist,"Privacy and engineering teams at software-driven companies that want data maps, RoPA and PIAs populated from code, SaaS and document scans, and web and app compliance checked continuously, as Privado documents","Web Auditor starts at $600 per website per month billed annually, with a four-website minimum. App Auditor starts at $800 per app per month billed annually, with iOS and Android counted as two apps. The Wren AI privacy agent starts at $4,200 per month billed annually for up to 500 assessments. The Privacy Management Platform is custom priced (checked Sep 2026)","Per website or app per month, billed annually; Wren per month billed annually; platform custom",source-checked,2026-09-25,https://www.privado.ai/pricing,,no
data-privacy-management-software,Securiti Data Privacy,https://securiti.ai/products/data-privacy/,enterprise,"Large organisations that want data mapping, DSR automation, assessments, vendor risk, consent and breach management on the same platform as data security posture management, as Securiti documents for its Data Privacy product",No published price. Securiti's pricing page describes personalised pricing in which customers procure modules by use case (checked Sep 2026),Not recorded,source-checked,2026-09-25,https://securiti.ai/pricing/,,no
data-privacy-management-software,Transcend,https://transcend.io/,enterprise,"Enterprises with complex customer data stacks that need access, deletion, opt-out and Do Not Train requests executed across every connected system, as Transcend documents for DSR Automation",No published price. transcend.io/pricing is a contact form for meeting a solutions engineer (checked Sep 2026),Not recorded,source-checked,2026-09-25,,https://transcend.io/platform/dsr-automation,no
data-privacy-management-software,TrustArc,https://trustarc.com/,enterprise,"Privacy teams that want a guided programme plan, assessments, data mapping and DSR automation in one governance suite, as TrustArc documents for PrivacyCentral, Assessment Manager and its DSR product","No published price. TrustArc sells its governance suite after a demo request, and trustarc.com/pricing/ returns a 404 (checked Sep 2026)",Not recorded,source-checked,2026-09-25,,https://trustarc.com/products/privacy-data-governance/,no
data-quality-tools,Anomalo,https://www.anomalo.com/,enterprise,"Enterprises that want automated monitoring of the data inside their tables, configured without code or through an API, with AI agents that investigate and report on changes, as Anomalo documents for its data quality platform","No usable published price. Anomalo's AWS Marketplace listing sells 12-, 24- and 36-month contracts in a single unit dimension priced at $1.00 per unit for 12 months, but does not state what a unit covers; the listing directs buyers to the vendor to size the quantity. Contracts are therefore quoted in practice (checked Sep 2026)","Contract units for 12, 24 or 36 months (AWS Marketplace)",source-checked,2026-09-25,https://aws.amazon.com/marketplace/pp/prodview-sodj3n3wjs67s,,no
data-quality-tools,Ataccama ONE,https://www.ataccama.com/platform/data-quality,enterprise,"Large and regulated enterprises that want data quality, observability, lineage, catalog, reference data and master data management on one platform, with an AI agent acting as a digital data steward, as Ataccama documents for Ataccama ONE","No published figure. Ataccama's pricing page states that the tier is set by three dimensions: named users with full access, data objects managed in the platform such as tables, views, pipelines and BI reports, and active data quality configurations run in the past 90 days. Read-only consumer users are unlimited, all limits are soft, and exceeding them does not trigger retroactive charges. Each named user receives an annual AI query allocation, with more available as an add-on. Configurations are scoped with Ataccama (checked Sep 2026)",Not recorded,source-checked,2026-09-25,https://www.ataccama.com/pricing,,no
data-quality-tools,Bigeye,https://www.bigeye.com/,enterprise,"Enterprise data teams that need data quality monitoring with lineage across both modern and legacy data stacks, and that also want to find sensitive data and govern AI access, as Bigeye documents for its AI Trust Platform","Bigeye's AWS Marketplace listing prices a Starter Package at $45,000 for 12 months, including 100 actively monitored tables, two Core Lineage Plus connectors and the browser extension, and an Enterprise Starter Package at $75,000 for 12 months with 300 actively monitored tables. The listing states no refunds. Bigeye does not publish prices on its own site, and other modules are quoted (checked Sep 2026)",12-month package contract by monitored tables (AWS Marketplace),source-checked,2026-09-25,https://aws.amazon.com/marketplace/pp/prodview-w4yis4dzpm4u2,,no
data-quality-tools,DQLabs,https://www.dqlabs.ai/,enterprise,"Enterprises that want data quality, observability and data discovery in one package priced by data source rather than by users or assets, as DQLabs documents for its PRIZM platform","DQLabs' AWS Marketplace listing shows a 12-month platform fee of $140,000 and states that fees are non-cancellable and non-refundable except as required by law. Its pricing page describes one package covering the full PRIZM platform, one data source type with unlimited assets, volume, users and rules, one workflow integration, one catalog integration, two alert channels, onboarding and 8x5 support. Add-ons such as extra data sources, tenants, native cataloging and extended support are quoted (checked Sep 2026)",12-month platform fee plus optional add-ons (AWS Marketplace),source-checked,2026-09-25,https://www.dqlabs.ai/pricing/,https://aws.amazon.com/marketplace/pp/prodview-ms2pwuvh42xby,no
data-quality-tools,Elementary,https://www.elementary-data.com/,specialist,"Analytics and data engineers who build with dbt and want anomaly tests, monitors and lineage configured inside their dbt project, as Elementary documents for Elementary OSS and Elementary Cloud","Elementary OSS, the open-source CLI and dbt package, is released under the Apache 2.0 licence with no licence fee. Elementary Cloud is priced by seats, environments and monitored tables across Scale, Enterprise and Unlimited plans, with figures available on request; AI agents carry additional credit-based pricing. A 30-day free trial covers the Essentials plan features without limits on seats, environments or monitored tables (checked Sep 2026)",Cloud plans by seats and tables; open source free,source-checked,2026-09-25,https://www.elementary-data.com/pricing,https://github.com/elementary-data/elementary,no
data-quality-tools,Great Expectations (GX Core),https://greatexpectations.io/,open-source,"Data engineers and analysts who want to define data quality tests in Python, run them inside their own pipelines and publish readable validation results, as Great Expectations documents for GX Core",GX Core is open source under the Apache 2.0 licence and carries no licence fee; hosting and engineering time fall on the user. The GX Cloud pricing page lists a free Developer option and Team and Enterprise plans without published figures. In May 2026 Great Expectations announced that FICO had agreed to acquire GX Cloud and that Fivetran would become steward of GX Core and its community (checked Sep 2026),"Open source, no licence fee",source-checked,2026-09-25,https://greatexpectations.io/pricing/,https://github.com/great-expectations/great_expectations,no
data-quality-tools,Informatica Data Quality,https://www.informatica.com/products/data-quality.html,enterprise,"Large enterprises that need profiling, cleansing, standardisation, validation and observability across many data sources, especially those already using Informatica's Intelligent Data Management Cloud, as Informatica documents for Data Quality and Observability","No published figure. Informatica's data quality page states that the product uses consumption-based pricing, so customers pay for what they use within its Intelligent Data Management Cloud; rates are quoted (checked Sep 2026)",Consumption-based,source-checked,2026-09-25,,https://www.informatica.com/products/data-quality.html,no
data-quality-tools,Monte Carlo,https://www.montecarlodata.com/,enterprise,"Enterprise data teams that want automated monitoring across warehouses, lakes, ETL, BI and AI tools, with field-level lineage and root cause analysis, as Monte Carlo documents for its Data + AI Observability Platform","Monte Carlo sells credits consumed at published consumption rates, with the cost per credit set by tier: Start (up to 10 users, pay per monitor up to 1,000), Scale, Enterprise and Business Critical; prices are on request. Its AWS Marketplace listing shows a 12-month contract of Monte Carlo Credits at $50,000, with overage at $0.01 per unit, and states that all fees are non-cancellable (checked Sep 2026)",12-month credit contract with usage overage (AWS Marketplace),source-checked,2026-09-25,https://aws.amazon.com/marketplace/pp/prodview-hikicsfohm3gg,,no
data-quality-tools,Sifflet,https://www.siffletdata.com/,mid-market,"Data teams that want data quality monitoring, a searchable catalog and lineage in one observability platform, with a self-serve route for up to 500 monitored assets, as Sifflet documents for its platform","Sifflet's AWS Marketplace listing shows a 12-month contract of Data Observability Platform Credits at $48,000 and states that fees are non-cancellable and non-refundable except as required by law. Its own pricing page sets tiers by assets monitored, up to 500, up to 1,000 and above 1,000, bought self-serve, sales-assisted or through enterprise sales, without published figures (checked Sep 2026)",12-month credit contract (AWS Marketplace),source-checked,2026-09-25,https://aws.amazon.com/marketplace/pp/prodview-lz6cw37v4bkna,,no
data-quality-tools,Soda,https://www.soda.io/,mid-market,"Data engineering and data governance teams that want to test data in CI/CD, monitor production data for anomalies and agree data contracts between producers and consumers, as Soda documents for its data quality platform","Soda's pricing page lists a Free plan at $0 per month with free Soda Processing Units, pipeline testing, metrics observability and alerting integrations, and no credit card required. Team costs $750 per month and adds unlimited users, pay-as-you-go additional processing units, catalog integrations and add-ons. Enterprise is custom priced and adds collaborative data contracts, the no-code interface, advanced AI features, audit logs, SSO and private deployment. Annual billing and volume discounts are available (checked Sep 2026)",Monthly plan price; annual billing and volume discounts available,source-checked,2026-09-25,https://www.soda.io/pricing,https://docs.soda.io/,no
data-visualization-tools,amCharts,https://www.amcharts.com/,specialist,"Developers who want a one-time perpetual charting licence, or a SaaS or OEM licence bought per seat without a sales conversation","amCharts 5 Charts Basic $80 per seat annually or $180 perpetual; SaaS licence $280 annually or $650 perpetual; OEM $1,200 annually or $2,700 perpetual; support $190 per seat annually (checked Sep 2026)","Per developer seat, annual subscription or one-time perpetual purchase",source-checked,2026-09-20,https://www.amcharts.com/online-store/,,no
data-visualization-tools,Apache ECharts,https://echarts.apache.org/,open-source,"Developers who need a broad open-source charting library with more than 20 chart types and no licence fee, including for commercial products",No licence fee; distributed as an Apache Software Foundation open-source project (checked Sep 2026),No charge,source-checked,2026-09-20,,https://echarts.apache.org/en/feature.html,no
data-visualization-tools,Chart.js,https://www.chartjs.org/,open-source,"Web developers who need a small set of common chart types on an HTML canvas, under a permissive licence, with minimal configuration",No licence fee; MIT licensed open-source library (checked Sep 2026),No charge,source-checked,2026-09-20,,https://www.chartjs.org/docs/latest/,no
data-visualization-tools,Datawrapper,https://www.datawrapper.de/,specialist,"Editorial and communications teams that publish interactive charts, maps and tables on the web and want per-user prices they can read before buying","Free plan; Pro $21 per user a month; Business $39 per user a month, both excluding VAT; Enterprise by quote; custom theme $499 a month plus $299 a month per extra theme (checked Sep 2026)","Per user, per month, monthly or annual in USD",source-checked,2026-09-20,https://www.datawrapper.de/pricing,,no
data-visualization-tools,Flourish,https://flourish.studio/,specialist,"Teams building data stories and scrollytelling explainers, and Canva Business or Enterprise customers who want interactive charts inside existing designs","Free plan with unlimited projects and public publishing with attribution; Presenter available through a Canva Business or Enterprise plan; Publisher and Enterprise by enquiry, no figure published (checked Sep 2026)",Not recorded,source-checked,2026-09-20,https://flourish.studio/pricing/,,no
data-visualization-tools,Grafana,https://grafana.com/,mid-market,"Engineering and platform teams visualizing time-series and operational data from many sources in one dashboard, either self-hosted or on Grafana Cloud","Grafana Cloud Free always $0 with limited usage; Pro from $19 a month plus usage, metrics from $6.50 per 1,000 series; Enterprise starts at $25,000 a year spend commitment (checked Sep 2026)","Monthly subscription plus usage, or an annual spend commitment on Enterprise",source-checked,2026-09-20,https://grafana.com/pricing/,,no
data-visualization-tools,Highcharts,https://www.highcharts.com/,specialist,Product and engineering teams that embed charts in a commercial application and need a per-developer licence with clear redistribution terms,"Highcharts Core 366 USD per seat; Dashboards 264 USD per seat; Grid Pro 316 USD per seat; add-ons Stock +366, Maps +128, Gantt +73, Highcharts for Python +110 yearly (checked Sep 2026)","Per developer seat, annual subscription or perpetual with an extra charge",source-checked,2026-09-20,https://shop.highcharts.com/,,no
data-visualization-tools,Microsoft Power BI,https://www.microsoft.com/en-us/power-platform/products/power-bi,enterprise,"Organisations already on Microsoft 365 or Azure that want per-user visualization licences, with Power BI Pro included in Microsoft 365 E5 and Office 365 E5","Free account; Pro $14 per user a month, paid yearly; Premium Per User $24 per user a month, paid yearly; Embedded variable (checked Sep 2026)","User/month, paid yearly",source-checked,2026-09-20,https://www.microsoft.com/en-us/power-platform/products/power-bi/pricing,,no
data-visualization-tools,Preset,https://preset.io/,mid-market,Teams that want managed Apache Superset dashboards with a published per-user price and the option to keep the open-source engine underneath,"Starter $0 forever for up to 5 users; Professional $20 per user a month billed annually, or $25 billed monthly; embedded dashboards add-on $500 a month for 50 viewers; Enterprise by quote (checked Sep 2026)","Per user, per month, billed annually or monthly",source-checked,2026-09-20,https://preset.io/pricing/,,no
data-visualization-tools,Tableau,https://www.tableau.com/,enterprise,"Analysts who want a mature visual analysis tool with desktop, prep and browser authoring, deployable as Tableau Cloud or self-managed Tableau Server","Tableau Standard from $15 per user a month; Tableau Enterprise from $35 per user a month, both billed annually; Tableau Cloud+ and the Tableau+ Bundle by quote (checked Sep 2026)",Billed annually,source-checked,2026-09-20,https://www.tableau.com/pricing/teams-orgs,,no
debt-collection-software,C&R Software Debt Manager,https://www.crsoftware.com/,enterprise,"Banks and large lenders that need an enterprise collections system of record with a configurable decision engine and add-on AI, communications and self-service modules",No public price list; quote-based (checked Sep 2026),Not recorded,source-checked,2026-09-19,,https://www.crsoftware.com/,no
debt-collection-software,Collect! by Comtech Systems,https://www.collect.org/,mid-market,"Collection agencies, credit unions and billing offices that want a full receivables management system with published cloud pricing and every module included","Cloud: Entrepreneur from $699/month (3 users, up to 100,000 debtor accounts), Professional from $2,400/month (10 users, 500,000 accounts), Corporate from $4,995/month (20 users, unrestricted accounts); additional users $104/month; annual plans from $6,990/year (checked Sep 2026)",Monthly or annual,source-checked,2026-09-19,https://www.collect.org/solutions/pricing-cloud/,,no
debt-collection-software,Debtrak,https://debtrak.com/,enterprise,"Government agencies, banks, insurers and multi-client collection agencies, particularly in Australia, the UK and New Zealand, that need a highly configurable platform with data residency options","Quote-based; licensed per operator per month, with the per-seat rate falling as seat count rises; implementation scoped separately (checked Sep 2026)",Per operator per month,source-checked,2026-09-19,https://debtrak.com/pricing,,no
debt-collection-software,Katabat,https://www.katabat.com/,enterprise,"Banks, lenders and enterprises that want a cloud, digital-first collections platform with an omnichannel contact strategy engine",No public price list; demo and quote on request (checked Sep 2026),Not recorded,source-checked,2026-09-19,,https://www.katabat.com/,no
debt-collection-software,Prodigal,https://www.prodigaltech.com/,specialist,"Consumer lenders, loan servicers and collection agencies that want AI agents, propensity-to-pay scoring and real-time agent assist in one platform",No public price list; demo and quote on request (checked Sep 2026),Not recorded,source-checked,2026-09-19,,https://www.prodigaltech.com/,no
debt-collection-software,Receive by InDebted,https://www.indebted.co/solution/receive/,enterprise,"Enterprise lenders, fintechs, telcos, utilities and government bodies that want AI-native first-party collections with vendor-managed implementation",No public price list; custom demo and quote (checked Sep 2026),Not recorded,source-checked,2026-09-19,,https://www.indebted.co/solution/receive/,no
debt-collection-software,Simplicity Collect,https://finvi.com/simplicity-collect,smb,"Small and growing collection agencies and collection law firms that want low-cost, web-based agency software with unlimited clients","Essential $399/month (3 users, 50k accounts, $699 start-up), Scale $599/month (10 users, 250k accounts, $999 start-up), Expansion $999/month (25 users, 600k accounts, $1,999 start-up), Enterprise $1,999/month (50 users, unlimited accounts, $2,999 start-up); extra users $99 each (checked Sep 2026)",Monthly,source-checked,2026-09-19,https://finvi.com/simplicity-collect,,no
debt-collection-software,Skit.ai,https://www.skit.ai/,specialist,"Collection agencies, lenders and law firms that want voice AI and digital agents to work early-stage and high-volume accounts under built-in US collections compliance rules",No public price list; demo and quote on request (checked Sep 2026),Not recorded,source-checked,2026-09-19,,https://www.skit.ai/,no
decision-intelligence-platforms,Aera Technology,https://www.aeratechnology.com/,enterprise,"Large enterprises that want recurring operational decisions, such as inventory moves, forecasts and production capacity, recommended and executed from live system data, as Aera documents for its Decision Cloud",No published price. Aera Decision Cloud is sold after a demo request (checked Sep 2026),Not recorded,source-checked,2026-09-23,,https://www.aeratechnology.com/platform,no
decision-intelligence-platforms,Cloverpop,https://www.cloverpop.com/,enterprise,"Commercial, innovation, insights and IT teams in consumer goods, pharma and retail that make recurring cross-functional decisions, since Cloverpop documents zero-code decision playbooks, routed approvals and a decision system of record","No published price. The pricing URL returns the main product page, and the platform is sold after a demo request (checked Sep 2026)",Not recorded,source-checked,2026-09-23,,https://www.cloverpop.com/decision-intelligence-platform,no
decision-intelligence-platforms,Diwo,https://diwo.ai/,specialist,"Retail, banking and other regulated enterprises that want operators to receive prioritised opportunities rather than dashboards, as Diwo documents for its Decide product running on the customer's data warehouse","No published price. The pricing page is a contact form for enterprise sales, covering security review, deployment model and SLA (checked Sep 2026)",Not recorded,source-checked,2026-09-23,https://diwo.ai/pricing,https://diwo.ai/platform,no
decision-intelligence-platforms,Faculty Frontier,https://faculty.ai/frontier,enterprise,"Enterprises in life sciences, healthcare, consumer goods and defence that need to test decision strategies against KPIs, since Faculty documents simulation and optimisation for uses such as clinical trial design and portfolio prioritisation",No published price. Frontier is sold after a demo request (checked Sep 2026),Not recorded,source-checked,2026-09-23,,https://faculty.ai/frontier,no
decision-intelligence-platforms,Palantir AIP,https://www.palantir.com/platforms/aip/,enterprise,"Large enterprises and public sector bodies that want to build AI applications and agents on top of a model of their own operations, since Palantir documents AIP and the Foundry Ontology for operational decision making across 13 industries",No published price. The AIP page offers access on request (checked Sep 2026),Not recorded,source-checked,2026-09-23,,https://www.palantir.com/platforms/foundry/,no
decision-intelligence-platforms,Peak,https://www.peak.ai/,specialist,"Retailers and manufacturers that want packaged AI for pricing, inventory and merchandising decisions without a large in-house data science team, as Peak documents for its Pricing AI and Inventory AI products",No published price. Peak products are sold after a demo request (checked Sep 2026),Not recorded,source-checked,2026-09-23,,https://peak.ai/pricing-ai/,no
decision-intelligence-platforms,Pyramid Analytics,https://www.pyramidanalytics.com/,enterprise,"Enterprises that want business users and data teams on one governed analytics platform covering data preparation, machine learning, semantic models and reporting, as Pyramid documents for its decision intelligence platform","No published figure. Pyramid quotes based on who uses the platform and how, for either Pyramid Deployed (on premises, private cloud or hybrid) or Pyramid Managed (hosted by Pyramid) (checked Sep 2026)",Quoted; no public billing terms,source-checked,2026-09-23,https://www.pyramidanalytics.com/pricing/,,no
decision-intelligence-platforms,Quantexa,https://www.quantexa.com/,enterprise,"Financial services, insurance, telecom and public sector organisations whose decisions depend on linking customer, counterparty and transaction records, since Quantexa documents entity resolution and graph generation as the base of its platform",No published price. The Decision Intelligence Platform is sold after a demo request (checked Sep 2026),Not recorded,source-checked,2026-09-23,,https://www.quantexa.com/platform/,no
decision-intelligence-platforms,Rulex,https://www.rulex.ai/,mid-market,"Operations and analytics teams that want business users to maintain decision logic themselves, since Rulex documents a no-code environment that combines data preparation, rule engines, explainable machine learning and optimisation","Factory Lite is $110 per month or $1,160 per year, a desktop installation with data limited to 10 million cells. Factory Personal is $630 per month or $6,900 per year with unlimited data and a support portal. Factory Enterprise, which adds scheduling, a REST API, versioning and cloud deployment, is quoted. Studio Personal dashboards are $1,500 per year. Prices are also listed in euro (checked Sep 2026)",Monthly or yearly; Enterprise tiers quoted,source-checked,2026-09-23,https://www.rulex.ai/pricing/,https://www.rulex.ai/rulex-platform/,no
decision-intelligence-platforms,Tellius,https://www.tellius.com/,mid-market,"Commercial, finance and pharma analytics teams that want recurring root-cause analysis delivered as finished outputs, since Tellius documents Kaiya agents that monitor data, test drivers of change and send briefings on a schedule","Two plans, both marked Customized on the pricing page. Premium covers up to 10 users, up to 50 million rows in live mode and 10 GB of storage on Tellius Cloud. Enterprise has unlimited users and data, AutoML, SSO, APIs, embedding and deployment on customer cloud or on premises (checked Sep 2026)",Not recorded,source-checked,2026-09-23,https://www.tellius.com/pricing,,no
delivery-management-software,Detrack,https://www.detrack.com/,smb,"Delivery teams with a large back office relative to fleet size, because dispatchers, admins and managers are unlimited and only drivers are billed",Pro $29 per driver a month billed monthly; Advanced $39 per driver a month billed monthly; annual billing listed at 10% off; Enterprise custom; 14-day trial of Advanced with no card (checked Sep 2026),"Per driver app per month, billed monthly or annually",source-checked,2026-09-20,https://www.detrack.com/pricing/,,no
delivery-management-software,DispatchTrack,https://www.dispatchtrack.com/,enterprise,"Retailers and distributors delivering heavy or installed goods, where time on site varies by stop and a missed appointment costs a second truck roll",No published prices; the pricing address opens a demo request form that asks for industry and fleet size (checked Sep 2026),Not recorded,source-checked,2026-09-20,https://www.dispatchtrack.com/pricing,https://www.dispatchtrack.com/proof-of-delivery,no
delivery-management-software,eLogii,https://elogii.com/distribution,mid-market,Distribution and field service operations with roughly 50 to 500 or more people in the field that need routes to replan during the day rather than only at dawn,"No list prices; the pricing page runs a configurator that returns an estimate from $1,500 a month after contact details are entered, with final pricing quoted (checked Sep 2026)",Not recorded,source-checked,2026-09-20,https://elogii.com/pricing,,no
delivery-management-software,Onfleet,https://onfleet.com/,mid-market,"Delivery operations that mix in-house drivers with outsourced couriers and want auto-dispatch, a rated driver app and photo or signature proof on published task-based plans","Launch from $619 a month with 2,500 tasks; Scale from $1,349 a month with 5,000 tasks; Enterprise from $3,099 a month with 10,000+ tasks; Courier Suite add-on from $299 a month; 14-day trial (checked Sep 2026)","Monthly or yearly subscription, paid by card",source-checked,2026-09-20,https://onfleet.com/pricing,,no
delivery-management-software,OptimoRoute,https://optimoroute.com/,smb,"Fleets where cost tracks headcount rather than order volume, and where each stop type needs a different proof requirement",Lite $35.10 and Pro $44.10 per driver a month billed annually; Custom by quote; annual billing carries a 10% discount; no setup fees; 30-day free trial (checked Sep 2026),"Per driver per month, billed monthly with no contract or annually at a 10% discount",source-checked,2026-09-20,https://optimoroute.com/pricing/,https://optimoroute.com/proof-of-delivery/,no
delivery-management-software,RouteManager by WorkWave,https://www.workwave.com/route-manager/,mid-market,"Distribution, courier and white-glove fleets that prefer per-vehicle pricing decoupled from delivery volume, with a single account manager for onboarding","Listed as low as $54 per month per vehicle with a four-vehicle minimum; full package pricing by contact with sales; monthly, quarterly and annual terms offered (checked Sep 2026)","Per vehicle per month, on monthly, quarterly or annual terms",source-checked,2026-09-20,https://www.workwave.com/route-manager/pricing/,,no
delivery-management-software,Routific,https://routific.com/,smb,"Local delivery businesses with part-time or variable driver pools that want dispatch, the driver app and proof of delivery included at every volume level","Free up to 100 orders a month; $150 a month for 101 to 1,000 orders; then 15 cents falling to 3 cents per additional order by volume band; above 50,000 orders a month by quote (checked Sep 2026)","Monthly, charged on orders scheduled to a route",source-checked,2026-09-20,https://routific.com/pricing,,no
delivery-management-software,Shipday,https://www.shipday.com/,smb,"Restaurants, pizzerias and local retailers that dispatch a small driver pool and want a free starting tier before paying for branding or third-party courier access","Basic free up to 300 orders a month; Professional Lite $19 a month; Professional $39 a month; Branded Premium $39 a month; Elite $99 a month; Business AI $349 a month; Enterprise from $2,499 a month (checked Sep 2026)","Per month in USD, with per-order overage above the included 300 orders",source-checked,2026-09-20,https://www.shipday.com/pricing,,no
delivery-management-software,Tookan,https://jungleworks.com/tookan/,mid-market,"Operators who want separate agent, manager, picker and customer apps under one dispatch platform, or a white-label build bought outright","Free Forever with 100 tasks a month and 2 agents; Startup listed at $99 a month against a struck-through $129; Growth $249 against $299; Standard $399 against $499; Enterprise custom; one-time white-label licences from $4,999 (checked Sep 2026)","Per month with per-task overage, or a one-time licence fee for the lifetime white-label editions",source-checked,2026-09-20,https://jungleworks.com/tookan/pricing/,,no
delivery-management-software,Track-POD,https://www.track-pod.com/,mid-market,"Fleets whose main problem is delivery evidence rather than routing, including teams that need PIN confirmation, barcode load checks and a branded electronic delivery note","Advanced $49 per driver a month billed annually or $59 month-to-month; Advanced Plus $69 or $79; Ultimate $89 or $99; minimum 3 drivers; per-order S plan $285 a month for 1,500 orders; Enterprise by quote with a 20-driver minimum (checked Sep 2026)","Per driver or vehicle per month, billed annually or month-to-month; per-order plans billed monthly",source-checked,2026-09-20,https://www.track-pod.com/pricing-delivery-app/,,no
dispatch-management-software,BigChange,https://www.bigchange.com/,mid-market,UK field service operations that want hardwired vehicle tracking included as standard and bulk reassignment of a whole week of jobs,"No published rates. The pricing page lists what all plans include and separately chargeable extras covering AI dashcams, vehicle finance, fuel cards, a data service, and a rugged tablet or smartphone with unlimited data (checked Sep 2026)",Not recorded,source-checked,2026-09-20,https://www.bigchange.com/pricing/,https://www.bigchange.com/features/job-scheduling,no
dispatch-management-software,Commusoft,https://www.commusoft.com/,mid-market,Contractors running SLA-bound commercial work who need skill and certification filters on assignment plus hardwired vehicle tracking,"No published rates. Plans are Go Paperless, Customer Journey and Automation over the core Jobs product, with Fleet+, Sales+, AI:den+ and Analytics+ sold as separate modules; licences are contracted on a 12-month term, monthly rolling for seasonal workers, or daily for subcontractors billed on days used (checked Sep 2026)","Per licence, as a 12-month contracted term, a rolling monthly licence, or a daily licence billed monthly on days used",source-checked,2026-09-20,https://www.commusoft.us/pricing/plans,https://www.commusoft.com/en-gb/features/job-scheduling-software/,no
dispatch-management-software,Kickserv,https://www.kickserv.com/,smb,Small home-service businesses that need a shared schedule and GPS check-ins at a flat monthly price with a fixed number of included users,"Start $60 a month for 5 users; Run $119 a month for 10 users; Scale $199 a month for 20 users; 20% saving on annual subscription; 30-day free trial on each plan; a 5% Kickback discount applies above a monthly online payment minimum of $1,000, $2,000 or $3,000 by plan (checked Sep 2026)",Monthly or annual subscription with a fixed user allowance per plan,source-checked,2026-09-20,https://www.kickserv.com/pricing/,https://www.kickserv.com/features/,no
dispatch-management-software,Praxedo,https://www.praxedo.com/,mid-market,Operations that want to move from manual drag-and-drop assignment to algorithmic and then automated scheduling on the same platform,"Four published per-user tiers at $39, $69, $99 and $149 per user a month, plus customised plans; plans require a minimum of 5 users a month; listed rates exclude one-time implementation and setup fees (checked Sep 2026)","Per user per month, with a five-user minimum and separately priced modules",source-checked,2026-09-20,https://www.praxedo.com/pricing/,,no
dispatch-management-software,Service Fusion,https://www.servicefusion.com/,smb,Trades offices that want a technician-by-hour dispatch grid and a holding queue for unassigned work on plans that do not meter users,"Three published tiers at $208, $325 and $533 a month billed annually, each with unlimited users; the entry tier is named Starter; month-to-month rates of $245 and $382 are published for the first two tiers; annual billing is listed as a 15% saving (checked Sep 2026)","Per month with unlimited users, charged as one annual payment at sign-up, or month-to-month",source-checked,2026-09-20,https://www.servicefusion.com/pricing,https://www.servicefusion.com/field-service-scheduling-software,no
dispatch-management-software,ServiceTrade,https://servicetrade.com/,mid-market,Commercial service contractors that schedule contracted maintenance and reactive calls from the same board and need technician capacity planning,"No published rates. Three suites, Select, Premium and Enterprise, are described as priced mainly on the number of technicians supported, each behind a Request Pricing form; unlimited office users are listed in Select and the Dispatch Board tech capacity planner in Enterprise (checked Sep 2026)",Not recorded,source-checked,2026-09-20,https://www.servicetrade.com/pricing/,https://servicetrade.com/products/servicetrade-platform/features/dispatch/,no
dispatch-management-software,Smart Service,https://www.smartservice.com/,smb,QuickBooks-based service businesses that want assignment suggestions reviewed and approved by a dispatcher before anything moves,"No published rates. Smart Service Cloud and Smart Service Desktop are each offered as Standard and Enterprise subscriptions, with a 20% saving stated for annual subscription and a licence purchase option on Desktop; Mission Control is described as included in Smart Service Cloud (checked Sep 2026)",Not recorded,source-checked,2026-09-20,https://www.smartservice.com/pricing/,https://www.smartservice.com/features/mission-control,no
dispatch-management-software,Synchroteam,https://www.synchroteam.com/,smb,Service teams that want per-seat pricing with a scheduling assistant that proposes a technician and slot rather than assigning automatically,"Standard $39.49 per user a month and Premium $64.79 per user a month, with Premium adding route optimisation; the first administrator account is free alongside one paid mobile worker account; month to month with no contract and no setup or hosting fees (checked Sep 2026)","Per user per month, collected monthly in advance, with annual billing available and pro-rated mid-month additions",source-checked,2026-09-20,https://www.synchroteam.com/pricing.php,https://www.synchroteam.com/product-tour-plan-dispatch.php,no
dispatch-management-software,Towbook,https://www.towbook.com/,specialist,"Towing and roadside operators whose dispatch volume is measured in calls rather than seats, including motor-club and law-enforcement work","Basic $109 a month up to 250 calls; Professional $209 a month up to 500 calls; Ultimate+ $319 a month up to 1,000 calls; Enterprise $429 a month up to 1,500 calls; Enterprise+ by contact; all plans billed monthly and cancellable at any time, with no setup or hidden fees (checked Sep 2026)","Billed monthly with no contract commitment, metered on calls completed per month",source-checked,2026-09-20,https://www.towbook.com/pricing,,no
dispatch-management-software,Workiz,https://www.workiz.com/,smb,Home-service teams that want an AI assistant proposing job assignments and a technician map used to pick the closest available crew,"No published rates. The pricing page lists Standard, Pro and Ultimate plans with figures supplied on request, states automation allowances of 5, 10 and 30 per plan, and sells Genius Phone, Genius Answering and Genius Marketing separately (checked Sep 2026)",Not recorded,source-checked,2026-09-20,https://www.workiz.com/pricing/,https://www.workiz.com/features/dispatching/,no
distribution-management-software,Acctivate,https://acctivate.com/,smb,Small distributors that have outgrown QuickBooks inventory handling but do not want to replace their accounting system,"Package contents are published without figures. Starter covers one user, Professional five users, Enterprise ten users, and modules can be added later. Acctivate states the subscription is paid annually, that third-party financing is available for a fee where monthly payments are needed, and that setup and onboarding is mandatory and billed at 1,000 US dollars each month until the go-live date, typically within 90 days (checked Sep 2026)",Subscription paid annually; onboarding billed monthly until go-live,source-checked,2026-09-23,https://acctivate.com/pricing/,,no
distribution-management-software,Aptean Distribution ERP,https://www.aptean.com/en-US/solutions/erp/retail-and-distribution-erp,mid-market,"Consumer goods importers and wholesale distributors selling into retailers, where EDI compliance and chargebacks decide the margin","Quote-based: the aptean.com/en-US/pricing path returns 404, and no rate card, entry tier or unit price appears on the retail and distribution ERP page, which routes enquiries to contact forms (checked Sep 2026)",Not recorded,source-checked,2026-09-23,,https://www.aptean.com/en-US/solutions/erp/products/aptean-wholesale-distribution-erp,no
distribution-management-software,Blue Link ERP,https://www.bluelinkerp.com/,smb,"Small and mid-sized North American wholesalers and importers, including regulated pharmaceutical distributors, that want accounting and inventory in one system","Quote-based: Blue Link publishes a pricing article rather than a rate card, placing itself in the middle ERP tier for businesses with 5 to 200 employees and stating that a sales call is the way to get a figure. The article names licence fees plus implementation as the cost components, and says licence fees can be billed upfront or monthly (checked Sep 2026)","Licence fees billed upfront or monthly, per the vendor pricing article",source-checked,2026-09-23,https://www.bluelinkerp.com/blog/blue-link-erp-pricing/,,no
distribution-management-software,Cavallo,https://www.cavallo.com/,specialist,Distributors running Microsoft Dynamics 365 Business Central or Dynamics GP that need distribution order workflow without replacing the ERP,"Quote-based: the cavallo.com/pricing path returns 410 Gone, no rate card or entry tier appears on the product pages, and enquiries route to a demo request (checked Sep 2026)",Not recorded,source-checked,2026-09-23,,https://www.cavallo.com/,no
distribution-management-software,DDI System Inform ERP,https://ddisystem.com/,mid-market,"Wholesale distributors whose margin depends on per-customer pricing, and who want that logic in the core system rather than a bolt-on","Quote-based: the ddisystem.com/pricing path serves the product page rather than a rate card, and the Advantive pricing page asks buyers to contact sales for a customised quote covering licensing and projected implementation fees (checked Sep 2026)",Not recorded,source-checked,2026-09-23,https://www.advantive.com/pricing/,https://ddisystem.com/,no
distribution-management-software,Distribution One,https://www.advantive.com/products/distribution-one/,mid-market,Small and mid-sized specialised distributors that want one system for operations and a B2B storefront fed by live ERP data,"Quote-based: the Advantive pricing page states that a customised quote covers pricing, licensing costs and projected implementation fees, and publishes no figure, band or unit rate (checked Sep 2026)",Not recorded,source-checked,2026-09-23,https://www.advantive.com/pricing/,https://www.advantive.com/products/distribution-one/,no
distribution-management-software,Epicor Prophet 21,https://www.epicor.com/en-us/products/enterprise-resource-planning-erp/prophet-21/,enterprise,Mid-sized and large wholesale distributors in industrial trades that want an ERP designed for distribution rather than a configured general suite,"Quote-based: no rate card, entry tier or unit price appears on the Prophet 21 product pages, which route enquiries to a free demo and a contact form (checked Sep 2026)",Not recorded,source-checked,2026-09-23,,https://www.epicor.com/en-us/products/enterprise-resource-planning-erp/prophet-21/technology/,no
distribution-management-software,Infor CloudSuite Distribution,https://www.infor.com/products/cloudsuite-distribution,enterprise,Wholesale distributors whose sub-industry appears in the CloudSuite range and who want vertical functionality without building it through configuration,"Quote-based: the infor.com/pricing path returns 404, and no rate card, entry tier or unit price appears on the CloudSuite distribution page, which routes to a demo (checked Sep 2026)",Not recorded,source-checked,2026-09-23,,https://www.infor.com/products/cloudsuite-distribution,no
distribution-management-software,Kechie ERP,https://www.myofficeapps.com/kechie-erp/,smb,Small and mid-sized distributors that want a cloud ERP sized to a module set rather than a full suite licence,"Quote-based, but the meter is published. My Office Apps states that Kechie is priced per user with no per-SKU fees, no transaction surcharges and no consumption charges, that the core package covers inventory, warehouse, procurement, CRM, orders and reporting, and that financial management and manufacturing are separately purchased add-ons. No figure appears, and a demo produces the quote (checked Sep 2026)","Per user, by module package, per the vendor pricing statement",source-checked,2026-09-23,https://www.myofficeapps.com/,,no
distribution-management-software,VAI S2K Enterprise,https://www.vai.net/solutions/wholesale-distribution,mid-market,"Mid-market wholesale distributors with multi-warehouse buying, where purchase quantities must respect pack sizes and freight economics","Quote-based: the vai.net/pricing path returns 404, no rate card or entry tier appears on the wholesale distribution page, and enquiries route to a demo request or the published sales address (checked Sep 2026)",Not recorded,source-checked,2026-09-23,,https://www.vai.net/solutions/s2k-enterprise/order-mangement,no
ecommerce-fulfillment-companies,Amazon Multichannel Fulfillment,https://supplychain.amazon.com/multi-channel-fulfillment,smb,"Sellers already using Fulfillment by Amazon that want the same inventory to fill orders from their own site, social channels and other marketplaces","Standard (3-day) fulfilment from US$7.34 for a one-unit small standard order up to 4 oz, falling to US$3.64 per unit on 4+ unit orders; expedited from US$10.70; 3.5 per cent US fuel and logistics surcharge (checked Sep 2026)","Per unit, pay as used; rate card as of June 1, 2026",source-checked,2026-09-19,https://supplychain.amazon.com/docs/rate-card,,no
ecommerce-fulfillment-companies,Flexport,https://www.flexport.com/,mid-market,"Importing ecommerce brands that want ocean and air freight, customs, retailer dropship and DTC fulfilment handled by one provider",Quote-based; no fulfilment rates published on the ecommerce fulfilment page (checked Sep 2026),Not recorded,source-checked,2026-09-19,,https://www.flexport.com/products/ecommerce-fulfillment/,no
ecommerce-fulfillment-companies,Flowspace,https://flow.space/,mid-market,"Brands fulfilling 1,000 or more orders a month across DTC and retail that need FDA-registered storage, lot tracking or expiry control",Quote-based; pricing is requested through a demo booking (checked Sep 2026),Not recorded,source-checked,2026-09-19,https://flow.space/pricing/,,no
ecommerce-fulfillment-companies,Fulfillrite,https://www.fulfillrite.com/,smb,"Small ecommerce sellers and Kickstarter or other crowdfunding campaigns that want same-day shipping, no long-term contract and a named account representative","Quote-based; separate quote forms for ecommerce and crowdfunding, including start-up volume (checked Sep 2026)","No long-term contracts, per the pricing page",source-checked,2026-09-19,https://www.fulfillrite.com/get-started/,,no
ecommerce-fulfillment-companies,Red Stag Fulfillment,https://redstagfulfillment.com/,specialist,"Ecommerce and omnichannel brands shipping large, heavy or high-value products that want written accuracy, shrinkage and on-time guarantees","Quote-based; custom quote after a form covering package weight, monthly volume, pallets and SKU count (checked Sep 2026)",Not recorded,source-checked,2026-09-19,https://redstagfulfillment.com/pricing/,,no
ecommerce-fulfillment-companies,Ryder E-commerce,https://www.ryder.com/en-us/e-commerce/e-commerce-fulfillment,enterprise,"Emerging and enterprise brands that need shared or dedicated warehousing near US ports, extensive value-added services and retail or wholesale fulfilment alongside DTC","Quote-based; the page describes a single, predictable cost and routes pricing through a contact form (checked Sep 2026)",Not recorded,source-checked,2026-09-19,,https://www.ryder.com/en-us/e-commerce/e-commerce-fulfillment,no
ecommerce-fulfillment-companies,ShipBob,https://www.shipbob.com/,mid-market,"Direct-to-consumer brands that want an outsourced 3PL with its own merchant dashboard, US 2-day shipping and fulfilment centres in several countries","Quote-based; fees cover implementation, receiving, storage and pick, pack and ship, with software included at no charge (checked Sep 2026)",Not recorded,source-checked,2026-09-19,https://www.shipbob.com/pricing/,,no
ecommerce-fulfillment-companies,Shipfusion,https://www.shipfusion.com/,mid-market,"Growing DTC brands shipping 2,000 or more orders a month in supplements, beauty, food and beverage, books, pet and CPG",Quote-based; custom quote with a cost analysis prepared by an account executive (checked Sep 2026),Not recorded,source-checked,2026-09-19,https://www.shipfusion.com/pricing/,,no
ecommerce-fulfillment-companies,ShipMonk,https://www.shipmonk.com/,mid-market,"DTC brands, including subscription and crowdfunding sellers, that want an owned-and-operated 3PL network with seven-day operations and US, Canadian and European sites","Quote-based; storage, volume-based fulfilment fees, special projects and shipping billed separately, with itemised invoices (checked Sep 2026)",Not recorded,source-checked,2026-09-19,https://www.shipmonk.com/pricing,https://www.shipmonk.com/locations,no
ecommerce-fulfillment-companies,Stord,https://www.stord.com/,enterprise,"High-volume DTC and B2B brands that want fulfilment bundled with an order management system, warehouse software and cold-chain or dedicated capacity",Quote-based; the pricing page asks brands to schedule a consultation and publishes no rates (checked Sep 2026),Not recorded,source-checked,2026-09-19,https://www.stord.com/pricing,https://www.stord.com/fulfillment,no
ecommerce-inventory-management-software,Cin7 Core,https://www.cin7.com/,mid-market,"Online sellers running several channels who also kit, assemble or manufacture stock, as the Cin7 pricing and plan comparison document","Published ladder: Standard $349 a month for 5 users, 2 ecommerce or app integrations and 6,000 sales orders a year; Pro $599 for 10 users, 4 integrations, 24,000 orders and material requirements planning; Advanced $1,199 for 15 users, 6 integrations, 120,000 orders and advanced warehouse management. Cin7 Omni is quoted. Prices exclude taxes (checked Sep 2026)","Stated per month in USD, excluding taxes; extra users, integrations and order volume are purchasable",source-checked,2026-09-23,https://www.cin7.com/pricing/,https://www.cin7.com/,no
ecommerce-inventory-management-software,Fulfil.io,https://fulfil.io/,mid-market,"Growing Shopify Plus and direct-to-consumer brands that want inventory, fulfilment and accounting in one system rather than integrated across three, as Fulfil's product pages document","Quote-based. The pricing page states only that every brand is different and that pricing is tailored to order volume, channels and operational complexity, given after a demo. No tier, floor or range is published (checked Sep 2026)",Not recorded; the vendor states a quote follows a demo,source-checked,2026-09-23,https://fulfil.io/pricing,https://fulfil.io/,no
ecommerce-inventory-management-software,Inventory Planner by Sage,https://www.inventory-planner.com/,mid-market,"Multi-channel and multi-location retailers whose buying decisions span stores and warehouses and who need budget planning rather than stock sync, as the Inventory Planner pricing page documents","Quote-based. The pricing page states that pricing is based on the volume of inventory managed, that it is given upfront after a request, and that unlimited users are included at no extra cost. The vendor states that costs shrink as a percentage of revenue as a business grows. No figure or band is published (checked Sep 2026)",Not recorded; the vendor states pricing is based on inventory volume and includes unlimited users,source-checked,2026-09-23,https://www.inventory-planner.com/pricing/,https://www.inventory-planner.com/,no
ecommerce-inventory-management-software,Linnworks,https://www.linnworks.com/,mid-market,"Sellers whose stock sits across many marketplaces and carts and who need automated order routing as much as accurate counts, as the Linnworks pricing page documents","Quote-based. The pricing page states that plans are priced on order volume rather than revenue, that there are no percentage fees, and that advanced functionality is sold as add-on modules so a buyer pays only for what is used. Every package is stated to include a guided onboarding plan. No figure is published (checked Sep 2026)",Not recorded; the vendor states pricing is tailored and set by order volume,source-checked,2026-09-23,https://www.linnworks.com/pricing/,https://www.linnworks.com/,no
ecommerce-inventory-management-software,Prediko,https://www.prediko.io/,smb,"Shopify merchants whose stock counts are already correct but whose reorder decisions are made in spreadsheets, as the Prediko pricing page documents","Published GMV ladder starting at $49 a month for merchants under $100,000 in trailing twelve-month gross merchandise value, with bands rising through $100k–$500k, $500k–$2m and upward to $50m and above. Annual plans are advertised as two months free. A 14-day full-featured free trial is offered, and billing runs through Shopify Billing. SKUs, stores and warehouses are stated as unlimited on every band (checked Sep 2026)",Monthly or annual through Shopify Billing; the band is set by trailing twelve-month GMV,source-checked,2026-09-23,https://www.prediko.io/pricing,https://www.prediko.io/,no
ecommerce-inventory-management-software,Sellercloud,https://www.sellercloud.com/,mid-market,"Multichannel marketplace sellers that manage large catalogues and need listing, purchasing and shipping in the same system as the stock ledger, as the Sellercloud pricing page documents","Published starting price of $1,349 a month on an annual subscription, with the figure set by order volume and selected add-ons. The plan is described as including unlimited users, plugins and integrations, plus inventory, warehouse, product, order and listing management, predictive purchasing, an order rule engine, shipping software, reports, API access and 24/7 emergency support. Enterprise support and private cloud are listed as available (checked Sep 2026)","Annual subscription quoted per month, based on order volume and add-ons; the vendor states no revenue share",source-checked,2026-09-23,https://www.sellercloud.com/pricing/,https://www.sellercloud.com/,no
ecommerce-inventory-management-software,ShipHero,https://shiphero.com/,enterprise,"Ecommerce brands and 3PLs whose warehouse labour is the constraint and who need mobile picking, cycle counting and rate shopping in one system, as the ShipHero plan page documents","Published starting prices: Standard WMS for Brands from $1,995 a month, stated as including 5 users, 10 store connections, unlimited SKUs and unlimited orders; WMS for 3PLs from $2,145 a month, adding 3PL billing, customer portals, a sandbox account and marketplace listing; Enterprise WMS for Brands is quoted and adds dynamic slotting, a raised API rate and a dedicated customer success manager. Setup and training are stated as included (checked Sep 2026)",Stated in USD per month as a starting price; contract options are listed on the 3PL and Enterprise plans,source-checked,2026-09-23,https://get.shiphero.com/ecommerce-wms/,https://shiphero.com/,no
ecommerce-inventory-management-software,Veeqo,https://www.veeqo.com/,smb,"Sellers shipping across Amazon, Shopify, eBay and Walmart who want carrier rates and label printing at no subscription cost, as the Veeqo pricing page documents","Three plans. Shipping is free with unlimited orders, unlimited users, products and warehouses, and up to 5% back in Veeqo Credits. Inventory starts at $19 a month and adds cross-channel stock sync, demand forecasting and the Veeqo scanner. High Volume starts at $350 a month and adds NetSuite integration, priority support and an account manager. The Inventory and High Volume prices vary with monthly order volume; Amazon FBA and MCF orders are excluded from the chargeable count (checked Sep 2026)","Per month, with Inventory and High Volume priced on imported monthly order volume",source-checked,2026-09-23,https://www.veeqo.com/pricing,https://www.veeqo.com/,no
ecommerce-inventory-management-software,Zenventory,https://zenventory.com/,mid-market,"Sellers and third-party logistics providers that need warehouse execution and client billing rather than only channel stock sync, as the Zenventory pricing page documents","Published ladder: Starter $499 a month covering 10,000 shipments and 1 warehouse; Growth $799 a month covering 50,000 shipments and 3 warehouses; Enterprise quoted above 50,000 shipments. A one-time setup and onboarding charge of $1,000 applies to both published tiers, additional warehouses cost $100 a month each, and a 50% discount on the first three months is advertised for new customers (checked Sep 2026)","Per month with no long commitment stated, plus a one-time $1,000 setup charge and $100 per additional warehouse",source-checked,2026-09-23,https://zenventory.com/pricing/,https://zenventory.com/,no
ecommerce-inventory-management-software,Zoho Inventory,https://www.zoho.com/inventory/,smb,"Smaller multichannel sellers that want a published, low entry price and are willing to trade breadth for cost, as the Zoho Inventory pricing page documents","Free plan at 50 orders a month, 1 user and 1 location. Paid tiers are priced per organization per month billed annually: Standard $29 at 500 orders, 3 users and 2 locations; Premium $79 at 3,000 orders, 5 users and 4 locations; Plus $129 at 7,500 orders; Enterprise $249 at 15,000 orders and 10 locations. Add-ons are published separately, including $7.50 per user, $7.50 per 500 orders and $10 per location (checked Sep 2026)","Per organization per month, billed annually; monthly billing and 20 currencies are offered on the same page",source-checked,2026-09-23,https://www.zoho.com/inventory/pricing/,https://www.zoho.com/inventory/,no
ecommerce-order-management-software,Aptos Order Management,https://www.aptos.com/product/order-management,enterprise,"Specialty retailers that want order management from the same vendor as their point of sale, merchandising and customer data rather than as a standalone layer","Quote-based: the product page publishes no figure, tier or rate card, and directs buyers to a data sheet and a contact form (checked Sep 2026)",Not recorded,source-checked,2026-09-20,,https://www.aptos.com/solutions,no
ecommerce-order-management-software,Blue Yonder Order Management,https://blueyonder.com/solutions/order-management-and-commerce,enterprise,"Retailers and distributors running complex order networks, including wholesale operations that need contract-aware promising alongside retail fulfilment","Quote-based: the solution page publishes no rate card, edition list or entry figure, and routes buyers to a demo request and to Blue Yonder Professional Services for implementation (checked Sep 2026)",Not recorded,source-checked,2026-09-20,,https://blueyonder.com/solutions/order-management-and-commerce,no
ecommerce-order-management-software,Deck Commerce,https://www.deckcommerce.com/,mid-market,Direct-to-consumer brands that have outgrown an ERP or homegrown order logic and want the vendor to own implementation rather than hand over software,"Quote-based: the site has no pricing page, and the vendor describes its commercial position only in relative terms, stating a 78 percent lower total cost of ownership without a base figure (checked Sep 2026)",Not recorded,source-checked,2026-09-20,,https://www.deckcommerce.com/why-deck-commerce,no
ecommerce-order-management-software,Fluent Commerce,https://fluentcommerce.com/order-management-system/,enterprise,"Engineering-led retail teams that want to write their own sourcing logic and order workflows against an API-first, event-driven order platform","Quote-based: the pricing page carries no rate card, tier list or figure, and directs buyers to regional sales contacts. It quotes The Forrester Wave: Order Management Systems, Q1 2025 describing the vendor's pricing as straightforward (checked Sep 2026)",Not recorded,source-checked,2026-09-20,https://fluentcommerce.com/pricing/,https://fluentcommerce.com/order-management-system/,no
ecommerce-order-management-software,IBM Sterling Order Management,https://www.ibm.com/products/order-management,enterprise,"Large multi-geography, multi-site retailers that want a published per-order-line rate and a choice between hosted SaaS and self-managed containers","IBM publishes rates per order line on its own pricing page: Essentials at 2.8 cents per line monthly and Standard at 4.5 cents per line monthly as SaaS on IBM Cloud, Professional at 1.5 cents per line and Enterprise at 1.8 cents per line on containers (checked Sep 2026)","Per order line, monthly for the two SaaS editions; container editions are licensed per order line, with entitlement blocks documented at 100,000 order lines per year and a 1 million order line RVU license",source-checked,2026-09-20,https://www.ibm.com/products/order-management/pricing,https://www.ibm.com/products/order-management,no
ecommerce-order-management-software,Manhattan Active Order Management,https://www.manh.com/solutions/omnichannel-software-solutions/order-management-system,enterprise,"Retailers running stores as fulfilment nodes across multiple brands and countries that want order orchestration, promising and customer service in one application","Quote-based: Manhattan publishes no rate card. The product page documents three editions, Essentials, Enterprise and Enterprise Premier, with feature depth rising by tier and no figure attached to any of them (checked Sep 2026)",Not recorded,source-checked,2026-09-20,,https://www.manh.com/solutions/omnichannel-software-solutions/activeorder,no
ecommerce-order-management-software,NewStore,https://www.newstore.com/platform/,enterprise,"Brand retailers whose fulfilment problem starts in the store, and who want order management attached to a mobile point of sale rather than to a back-office platform","Quote-based: the page reached at the pricing URL is the platform page and carries no rate card, tier list or figure, directing buyers to book time with the sales team (checked Sep 2026)",Not recorded,source-checked,2026-09-20,https://www.newstore.com/pricing/,https://www.newstore.com/platform/,no
ecommerce-order-management-software,Oracle Fusion Cloud Order Management,https://www.oracle.com/scm/order-management/,enterprise,"Manufacturers and B2B sellers whose order problem is configuration, pricing and order-to-cash across systems rather than retail store fulfilment",Quote-based: the product page publishes no rate card or edition list and routes buyers to a one-page overview document and a contact path (checked Sep 2026),Not recorded,source-checked,2026-09-20,,https://www.oracle.com/scm/order-management/,no
ecommerce-order-management-software,Salesforce Order Management,https://www.salesforce.com/commerce/order-management/,enterprise,Retailers already running Salesforce B2C or B2B Commerce and Service Cloud that want order management and service agents working from the same customer record,"Quote-based: the pricing page lists two editions, Order Visibility and Growth, and states contact for pricing against every line of both. The Growth edition is documented as covering omni-channel inventory across up to 500 locations (checked Sep 2026)",Not recorded,source-checked,2026-09-20,https://www.salesforce.com/commerce/order-management/pricing/,https://www.salesforce.com/commerce/order-management/,no
ecommerce-order-management-software,Unicommerce,https://unicommerce.com/order-management-system/,mid-market,"Indian ecommerce and omnichannel retailers that need marketplace order processing, warehouse operations and courier allocation managed from one panel","Quote-based for the software: the plans and pricing path returns a 404 and no rate card appears on the product pages. The only published rate is for the separate courier aggregation service, quoted from 19 rupees per 500 grams (checked Sep 2026)",Not recorded,source-checked,2026-09-20,,https://unicommerce.com/,no
ecommerce-platforms,Adobe Commerce,https://business.adobe.com/products/commerce.html,enterprise,"Mid-size and large brands with development teams that need a highly customizable platform for multiple brands, regions and large catalogs","Quote-based; Adobe Commerce as a Cloud Service (SaaS), Adobe Commerce on Cloud (PaaS) and Adobe Commerce Optimizer each list Get pricing; Magento Open Source is free (checked Sep 2026)",Not recorded,source-checked,2026-09-19,https://business.adobe.com/products/commerce/pricing.html,https://business.adobe.com/products/magento/open-source.html,no
ecommerce-platforms,BigCommerce,https://www.bigcommerce.com/,mid-market,"Growing online retailers that want a hosted store with built-in promotions, multi-currency and customer segmentation, priced by annual sales","Core US$29, Growth US$79, Scale US$299 per month billed annually; Performance custom from US$1,499 per month billed annually (checked Sep 2026)",Monthly or annual; annual billing saves 25%,source-checked,2026-09-19,https://www.bigcommerce.com/essentials/pricing/,,no
ecommerce-platforms,commercetools,https://commercetools.com/,enterprise,"Enterprises building a headless, API-first commerce stack across many channels, brands or business models with in-house engineering","Quote-based; order-based pricing rather than GMV, with unlimited catalogs, channels and storefronts and optional add-ons; available through AWS and Google Cloud marketplaces (checked Sep 2026)",Not recorded,source-checked,2026-09-19,https://commercetools.com/pricing,https://commercetools.com/commerce-platform,no
ecommerce-platforms,Ecwid,https://www.ecwid.com/,smb,"Small sellers that want to add a store to an existing website or social profile, starting with a very low-cost plan","Starter US$5 per month; Venture US$29, Business US$49, Unlimited US$119 per month paid annually (US$35, US$65, US$149 paid monthly); taxes excluded (checked Sep 2026)",Monthly or annual; annual billing saves 16%,source-checked,2026-09-19,https://www.ecwid.com/pricing,,no
ecommerce-platforms,Salesforce Commerce Cloud (B2C Commerce),https://www.salesforce.com/commerce/b2c-ecommerce/,enterprise,"Large consumer brands and retailers running many sites, brands or regions that already use or plan to use Salesforce",Commerce Cloud B2C Premium: contact for pricing; Premier Success Plan listed at 30% of net license fees (checked Sep 2026),Not recorded,source-checked,2026-09-19,https://www.salesforce.com/commerce/pricing/,,no
ecommerce-platforms,Shift4Shop,https://www.shift4shop.com/,smb,Budget-conscious US merchants that want an unlimited hosted store with most features built in rather than added through apps,End-to-End eCommerce plan at US$41 per month per the vendor's plan page; the FAQ adds that a monthly SaaS fee may be charged depending on plan and monthly processing amount (checked Sep 2026),Monthly,source-checked,2026-09-19,https://www.shift4shop.com/end-to-end-plan.html,,no
ecommerce-platforms,Shopify,https://www.shopify.com/,mid-market,"Small and growing brands that want a hosted store, built-in checkout and in-person selling from one admin without managing hosting","Basic US$29, Grow US$79, Advanced US$299 per month billed yearly; Basic is US$39 billed monthly; card rates from 2.9% + 30¢ on Basic (checked Sep 2026)",Monthly or yearly,source-checked,2026-09-19,https://www.shopify.com/pricing,,no
ecommerce-platforms,Squarespace,https://www.squarespace.com/ecommerce-website,smb,"Design-focused brands, creators and service businesses that want a template-led website with products, services and memberships in one plan","Four plans (Basic, Core, Plus, Advanced) starting at US$19 per month paid annually; pricing varies by plan and location; 2% online store transaction fee on the first plan, 0% on the others (checked Sep 2026)",Monthly or annual; annual billing saves up to 36%,source-checked,2026-09-19,https://www.squarespace.com/pricing,https://www.squarespace.com/about/faq,no
ecommerce-platforms,Wix,https://www.wix.com/ecommerce/website,smb,"Small businesses and creators that want a drag-and-drop website with a store, bookings and marketing tools under one plan","Free plan without payments; paid plans Light, Core, Business and Business Elite, with online payments from Core; prices vary by location and are displayed for yearly billing (checked Sep 2026)",Displayed prices are for yearly subscriptions; other subscription periods available,source-checked,2026-09-19,https://www.wix.com/plans,,no
ecommerce-platforms,WooCommerce,https://woocommerce.com/,open-source,"WordPress site owners and developers who want a free, open-source store and are prepared to choose and manage their own hosting and extensions",Core plugin free with no platform fee or revenue share; vendor estimates hosting at US$25 to US$350 per month and extensions at US$29 to US$299 per year each (checked Sep 2026),No subscription for the core platform; paid extensions billed per year,source-checked,2026-09-19,https://woocommerce.com/pricing/,,no
ecommerce-shipping-software-platforms,2Ship,https://www.2ship.com/,smb,"Shippers who move both small parcels and heavy freight, since every 2Ship subscription tier publishes an included count of bills of lading next to its parcel label allowance","A free tier covers a single user on 2Ship supplied carrier services with no monthly bill, paid by card at the time of shipping. A pay as you go tier adds your own carrier accounts for transaction fees only. Five subscription tiers follow: Starter at 23 USD a month for 100 parcel labels and no bills of lading, Basic at 35 USD for 250 labels and 3 bills of lading, Enhanced at 60 USD for 500 and 10, Premium at 109 USD for 1,000 and 25, and Ultimate at 149 USD for 2,000 and 50. Add-ons are 23 USD per extra location a month, 0.21 USD per extra package label and 2.50 USD per extra pallet. A 30 day free trial applies (checked Sep 2026)","Monthly subscription by label and bill of lading count, with per-unit overage and per-location add-ons",source-checked,2026-09-23,https://www.2ship.com/small-business/,,no
ecommerce-shipping-software-platforms,eShipz,https://www.eshipz.com/,enterprise,"Operations teams that need proof of delivery for audit, since eShipz prices IntelliProof as a named module capturing photo, signature and geo-tag evidence with central access","Priced as modules rather than plans, each with a published floor. Pre-Shipping, covering AI carrier planning and allocation, automatic label, invoice and manifest generation, rule-based allocation and OMS, WMS or ERP integration, starts at 25,000 rupees a month. Post-Shipping, covering multi-carrier tracking, automated NDR and redelivery workflows, branded tracking pages, a control tower dashboard and delivery analytics, also starts at 25,000 rupees a month. IntelliProof, the electronic proof of delivery module, starts at 40,000 rupees a month. Opt-in services including AI estimated delivery dates, returns automation, post-shipment notifications and freight audit are listed without figures (checked Sep 2026)","Monthly module subscriptions with published floors, plus unpriced opt-in services",source-checked,2026-09-23,https://www.eshipz.com/pricing,,no
ecommerce-shipping-software-platforms,Intuitive Shipping,https://intuitiveshipping.com/,specialist,"Stores where shipping cost at checkout drives cart abandonment, since Intuitive Shipping prices the rate calculation itself and lists unlimited rules and carriers on all four plans","Four plans billed in US dollars every 30 days: Growth at 70 USD a month for 500 orders, Business at 150 USD for 2,000, Professional at 300 USD for 5,000 and Enterprise at 450 USD for 10,000. Additional orders are 0.30 USD each on the first three plans and 0.04 USD on Enterprise. Unlimited rules, unlimited carriers, the dimensional shipping algorithm, advanced rate blending and a one to one onboarding session appear on every plan. A 15 day free live mode trial and an unlimited free sandbox mode apply. White Glove Service is quoted separately and starts at 499 USD (checked Sep 2026)","Recurring and usage-based charges billed in US dollars every 30 days, by order count",source-checked,2026-09-23,https://intuitiveshipping.com/pricing,,no
ecommerce-shipping-software-platforms,Packlink PRO,https://www.packlink.com/en-GB/,smb,"Sellers listing across several marketplaces who need one booking dashboard, since Packlink PRO connects Amazon, eBay, Etsy, AliExpress and the main webshop platforms without a subscription","Free to use. The product page states there is no fee and that merchants pay only for what they ship. Store and marketplace integrations are connected at no charge. More than 30 carriers are available on registration, covering national, international, express and standard services, with collection, pick-up and drop-off options. Shipment prices are the carrier rates quoted in the dashboard at booking time (checked Sep 2026)",No subscription and no integration fee; payment per shipment at the rate quoted at booking,source-checked,2026-09-23,,https://www.packlink.com/en-GB/how-it-works-pro/,no
ecommerce-shipping-software-platforms,Pirate Ship,https://www.pirateship.com/,smb,"US sellers whose volume does not justify a subscription, because Pirate Ship states no monthly fee, no payment fee and no markup on the carrier rate at any volume","Free. The company states no monthly fees, no payment fees and no hidden costs, and its commercial pricing page states that it adds no markup, label fee or monthly cost on top of the carrier rate. Merchants pay USPS and UPS discounted rates directly, with no minimums or volume commitments, and the published USPS rate tables are linked from the site. Savings are stated as up to 87 percent off Post Office retail pricing, which is a vendor figure (checked Sep 2026)",No subscription; postage paid per label at carrier discounted rates with no added fee,source-checked,2026-09-23,https://www.pirateship.com/usps/commercial-pricing,,no
ecommerce-shipping-software-platforms,Ship&co,https://www.shipandco.com/en/,smb,"Sellers who want the monthly bill computable in advance, because the pricing page publishes both fee tables and then works three complete examples at 35, 548 and 1,600 labels","Two charges combine. Labels are priced progressively by monthly band: 22 yen each for the first 50, 18 yen from 51 to 1,000, 15 yen from 1,001 to 3,000, 13 yen from 3,001 to 5,000, 11 yen from 5,001 to 10,000 and 10 yen above 10,001, published alongside US dollar and euro equivalents from 0.17 down to 0.08 dollars. A monthly infrastructure fee applies on the same bands, from 1,100 yen at up to 50 labels to 11,000 yen above 10,001. The minimum infrastructure fee is charged even in a month with no labels. A 30 day free trial applies with no card (checked Sep 2026)","Progressive per-label charge plus a banded monthly infrastructure fee, tax included, charged even at zero volume",source-checked,2026-09-23,https://www.shipandco.com/en/pricing/,,no
ecommerce-shipping-software-platforms,Shipmondo,https://shipmondo.com/,smb,"Stores with uneven monthly volume, because Shipmondo publishes no shipment ceiling on any plan and applies volume discounts to the per-label price automatically rather than through a tier change","Three feature plans priced in Danish kroner: Free at 0 DKK a month, Essentials at 99 DKK and Pro at 249 DKK. Labels are metered separately from 0.03 euro to 0.08 euro each, published as 0.18 DKK to 0.64 DKK, with automatic monthly volume discounts and no prepaid volume. Connecting your own carrier agreements carries a one-time setup fee per carrier customer number, reduced on a yearly plan. Essentials allows at most 2 of your own carrier agreements and Pro allows unlimited (checked Sep 2026)","Low monthly feature plan plus a metered per-label charge, with one-time carrier setup fees",source-checked,2026-09-23,https://shipmondo.com/pricing/,,no
ecommerce-shipping-software-platforms,ShippyPro,https://www.shippypro.com/en/,mid-market,"Merchants who want label creation, tracking, notifications, returns, checkout pickup points and carrier invoice auditing bought as one subscription, because the pricing page lists all seven products against every published plan","Three published plans, each capped by monthly shipment count. Pro2000 is 159.20 euro a month for up to 2,000 shipments, Pro4000 is 207.20 euro for up to 4,000 and Pro6000 is 279.20 euro for up to 6,000. All three include up to 10 carrier integrations, unlimited marketplace integrations, 100 WhatsApp notifications a month and 1,000 automation runs a month. Enterprise covers unlimited shipments, unlimited carriers and full Multicarrier API access at a quoted price (checked Sep 2026)","Monthly subscription capped by shipment count, with metered notifications and automation runs",source-checked,2026-09-23,https://www.shippypro.com/en/pricing,,no
ecommerce-shipping-software-platforms,Shipway,https://shipway.com/,smb,"Indian sellers who need pan-India courier coverage with cash on delivery remittance, since Shipway states 20 or more courier partners across more than 19,000 pin codes on one dashboard","Shipway sells the freight rather than a licence, and states shipping starting at 19 rupees per 500 grams on its own site. Subscription or plan pricing is not published: the pricing links in the site navigation route to a seller account login, so no figure could be source checked from the public site. A promotional wallet offer of 1,700 rupees on a first recharge of 1,000 rupees was displayed at the time of checking (checked Sep 2026)",Freight charged by 500 gram slab from a prepaid wallet; plan pricing not published publicly,source-checked,2026-09-23,,https://shipway.com/,no
ecommerce-shipping-software-platforms,Webshipper,https://webshipper.com/,mid-market,"Stores that connect many carriers at low shipment volume, since every published Webshipper plan lists unlimited carriers while capping shipments at 500 on the entry tier","Three published plans by monthly shipment ceiling. Essentials is 149 euro a month for 500 shipments, 1 workstation and no workflows. Pro is 344 euro for 2,000 shipments, 5 workflows and 5 workstations, and adds cost sheets, the return portal and the API. Advanced is 766 euro for 5,000 shipments, 10 workflows and 10 workstations, and adds click and collect, the HTML email editor and branded notifications. Enterprise is quoted and is described on the page as an nShift product (checked Sep 2026)","Monthly subscription by shipment ceiling, with workflow and workstation counts fixed per plan",source-checked,2026-09-23,https://webshipper.com/pricing/,,no
email-finder-tools,Anymail Finder,https://anymailfinder.com/,specialist,"Buyers running bulk or API email searches who want to pay only for addresses verified live against the recipient's mail server, including catch-all domains","Monthly plans from $29 for 400 credits to $799 for 100,000 credits, with $49 for 1,000, $149 for 5,000 and $199 for 10,000 between them. Yearly plans deliver credits upfront, from $228 for 4,800 to $6,420 for 1.2 million. Custom plans cover 100,000 or more credits a month. Prices exclude tax (checked Sep 2026)",Per account by credit volume; monthly or yearly billing with yearly credits delivered upfront,source-checked,2026-09-22,https://anymailfinder.com/pricing,,no
email-finder-tools,Findymail,https://www.findymail.com/,specialist,"Outbound teams and agencies that need verified emails, including catch-all addresses, pushed into Clay, CRMs or sending tools, and that value a written bounce-rate refund policy","Starter at $99 per month for 5,000 finder credits and 5,000 bonus verifier credits, with volume options from 1,000 to more than 100,000 contacts a month; yearly billing gives two months free. Enterprise is custom. Datacare CRM hygiene starts from $500 per month billed annually (checked Sep 2026)",Per account per month by credit volume; monthly or yearly billing,source-checked,2026-09-22,https://www.findymail.com/pricing/,,no
email-finder-tools,GetProspect,https://getprospect.com/,smb,"Sales, business development and recruiting teams that export lead lists from LinkedIn Sales Navigator and want verified emails, a B2B database and basic cold email in one tool","Free with 50 valid emails and 100 verifications a month. Starter at $49 per month, or $588 a year, for 1,000 valid emails and 2,000 verifications. Growth from $99 per month, or $1,188 a year, for 5,000 valid emails, with 20,000 and 50,000 options at $199 and $399 per month. Annual billing saves 30% (checked Sep 2026)",Per account per month; monthly or annual billing; verification credits also sold without a subscription,source-checked,2026-09-22,https://getprospect.com/pricing,,no
email-finder-tools,Hunter,https://hunter.io/,mid-market,"Marketing, sales and partnership teams that want domain search, single email lookups, verification and simple cold email sequences in one account with unlimited team members","Free with 50 credits per month. Starter at €49, Growth at €149 and Scale at €299 per month on monthly billing, or €34, €104 and €209 per month billed yearly (30% less). Enterprise is custom. Prices were displayed in euros on the checked page (checked Sep 2026)",Per account per month; monthly or yearly billing; unlimited team members on every plan,source-checked,2026-09-22,https://hunter.io/pricing,,no
email-finder-tools,Kaspr,https://www.kaspr.io/,smb,"Sales and recruitment teams prospecting on LinkedIn, especially in Europe, that need phone numbers alongside emails from a Chrome extension","Free with 15 B2B email credits, 5 phone credits and 5 direct email credits. Starter is listed at $49 and $65 per user per month and Business at $79 and $99; the checked page showed two figures per plan without labelling the billing term for each in its text. Organization is annual only with a five-user minimum (checked Sep 2026)",Per user per month; monthly or annual billing; Organization annual only,source-checked,2026-09-22,https://www.kaspr.io/pricing,,no
email-finder-tools,Skrapp.io,https://skrapp.io/,smb,"Sales teams, recruiters and marketers who build lead lists from LinkedIn, Sales Navigator or LinkedIn Recruiter and need verified business emails for those profiles","Free with 50 credits. Professional from $29 per month billed annually, or $39 monthly, for 2,000 credits and two users, with larger credit options. Enterprise from $262 per month billed annually, or $349 monthly, for 50,000 credits (checked Sep 2026)",Per account per month by credit volume; monthly or annual billing,source-checked,2026-09-22,https://skrapp.io/pricing,,no
email-finder-tools,Snov.io,https://snov.io/,smb,"Small sales teams and agencies that want email finding, seven-tier verification, email warm-up, multichannel sequences and a basic CRM under one subscription","Starter at $39 per month with 1,000 credits and 5,000 recipients. Pro S at $99 per month with 5,000 credits, with Pro M at $189, Pro L at $369 and Ultra at $738 above it. Annual subscriptions are 25% off. LinkedIn automation slots cost $69 per month each (checked Sep 2026)","Per account per month; monthly, 3-month (-5%) or annual (-25%) billing; unlimited team seats",source-checked,2026-09-22,https://snov.io/pricing,https://snov.io/email-finder,no
email-finder-tools,Tomba,https://tomba.io/,smb,"Teams that need a single credit pool across email finding, domain search, author finding, phone lookup and verification, bought by monthly volume or as a one-time purchase","Priced by credit volume from 5,000 to 2 million credits. At the default 10,000 credits (5,000 finder and search plus 5,000 free verification) the Growth estimate is $89 per month, or $8.90 per 1,000 credits. Yearly billing is offered with three months free, and pay-as-you-go credits last 12 months (checked Sep 2026)","Per account by credit volume; monthly, yearly or one-time purchase",source-checked,2026-09-22,https://tomba.io/pricing,,no
embedded-analytics-platforms,Embeddable,https://embeddable.com/,specialist,"Developer-led product teams that want native, non-iframe dashboards and conversational self-serve in their app on a flat, unlimited-usage subscription",Flat monthly subscription with unlimited usage; custom quote after a scoping call (checked Sep 2026),Flat monthly subscription,source-checked,2026-09-19,https://embeddable.com/pricing,,no
embedded-analytics-platforms,GoodData,https://www.gooddata.com/,mid-market,"Software companies serving many customer tenants that want a semantic layer, hierarchical multi-tenant workspaces and a choice of React SDK, Web Components or iframe embedding","Professional: platform fee plus number of workspaces, unlimited users and data; Enterprise: custom use-case pricing; 30-day trial (checked Sep 2026)",Not recorded,source-checked,2026-09-19,https://www.gooddata.com/pricing/,https://www.gooddata.com/embedded-analytics/,no
embedded-analytics-platforms,Luzmo,https://www.luzmo.com/,mid-market,"SaaS companies that want customer-facing dashboards and AI answers inside their product, plus in chat tools and agents, on one published plan with no per-seat licences","From €1,995 a month, billed annually; 500 AI conversations and 100 million Warp rows included, then €0.25 per extra million rows (checked Sep 2026)",Billed annually,source-checked,2026-09-19,https://www.luzmo.com/pricing,,no
embedded-analytics-platforms,Metabase,https://www.metabase.com/,open-source,"Startups and smaller software companies that want an open-source BI tool with a published price path to multi-tenant, white-label embedded analytics","Open Source free; Pro (includes embedding) $575 a month with 10 users, then $12 per user a month; Enterprise from $20,000 a year (checked Sep 2026)",Monthly or yearly; yearly billing saves 10%,source-checked,2026-09-19,https://www.metabase.com/pricing/,https://www.metabase.com/product/embedded-analytics,no
embedded-analytics-platforms,Microsoft Power BI Embedded,https://azure.microsoft.com/en-us/pricing/details/power-bi-embedded/,enterprise,ISVs and developers already on Microsoft Azure and Power BI that want to embed Power BI reports in customer-facing apps without end users needing Power BI licences,"Azure capacity pricing by A SKU (A1 to A8), billed hourly; rates vary by region and agreement and did not display on the fetched page (checked Sep 2026)","Billed hourly, computed to the second; no charge while paused",source-checked,2026-09-19,https://azure.microsoft.com/en-us/pricing/details/power-bi-embedded/,https://learn.microsoft.com/en-us/power-bi/developer/embedded/embedded-analytics-power-bi,no
embedded-analytics-platforms,Omni,https://omni.co/,mid-market,"Software companies that want one semantic model shared between internal BI and customer-facing analytics, with developer workflows such as branches and CI/CD for embedded content",No public price list or pricing page found; pricing through sales (checked Sep 2026),Not recorded,source-checked,2026-09-19,,https://omni.co/embedded-analytics,no
embedded-analytics-platforms,Reveal,https://www.revealbi.io/,specialist,"Software vendors building in .NET, Java or Node with React, Angular, Blazor or Vue front ends that want SDK-embedded analytics at a flat rate with unlimited users","Flat-rate pricing by quote; unlimited users, no per-customer embed charge, data connectors included; 30-day SDK trial (checked Sep 2026)",Not recorded,source-checked,2026-09-19,https://www.revealbi.io/pricing,,no
embedded-analytics-platforms,Sisense,https://www.sisense.com/,enterprise,"Software companies, including those in regulated industries, that need embedded analytics with multi-tenant isolation, a code-first SDK and SaaS, private-cloud or on-premises deployment","Self-Serve and Enterprise plans; no public prices, contact sales (checked Sep 2026)",Not recorded,source-checked,2026-09-19,https://www.sisense.com/pricing/,https://sisense.dev/guides/sdk/,no
embedded-analytics-platforms,ThoughtSpot Embedded,https://www.thoughtspot.com/,enterprise,"Software companies that want to embed an AI analyst, search-based exploration and AI-augmented dashboards in a multi-tenant product and charge customers for it",Embedded plans on flexible pricing aligned to use case and go-to-market; no list price (checked Sep 2026),Not recorded,source-checked,2026-09-19,https://www.thoughtspot.com/pricing,https://www.thoughtspot.com/product/embedded-analytics,no
embedded-analytics-platforms,Yellowfin,https://www.yellowfinbi.com/,mid-market,"ISVs and OEMs that want white-label embedded BI priced to match their own go-to-market model, with automated monitoring and data storytelling for end customers","Quote-based; per-unit, revenue-share or server-core models for software vendors (checked Sep 2026)",Not recorded,source-checked,2026-09-19,https://www.yellowfinbi.com/pricing,https://www.yellowfinbi.com/solutions/embedded-analytics,no
employee-engagement-software,15Five,https://www.15five.com/,mid-market,"Companies that want engagement surveys tied to manager coaching and performance, as 15Five documents for its Engage, Perform and Total Platform plans","Engage is $4 per user per month, Perform $11 and Total Platform $16, each billed annually. Manager learning and coaching add-ons are sold separately. The page states it was updated in February 2026 (checked Sep 2026)",Annual,source-checked,2026-09-25,https://www.15five.com/pricing,,no
employee-engagement-software,Achievers,https://www.achievers.com/,enterprise,"Enterprise and mid-market employers that want recognition, rewards and years-of-service awards across many countries, with pulse surveys alongside, as Achievers documents for its recognition platform","No published price. Achievers provides a custom quote and states that there are no hidden fees, shipping charges or markups on rewards, and no annual points commitment (checked Sep 2026)",Not recorded,source-checked,2026-09-25,https://www.achievers.com/pricing/,,no
employee-engagement-software,Bonusly,https://bonus.ly/,smb,"Teams that want peer recognition and small rewards woven into Slack or Microsoft Teams, with pulse checks and milestone celebrations, as Bonusly documents for its Free, Team and Organization plans","Free for up to 8 users. Team is listed at $5 per user per month on the annual view, which Bonusly marks as two months free against monthly billing. Organization is custom priced. Bizy AI is listed at $2 per user per month and is on by default for Team and Organization plans, with an opt-out. Rewards are charged at face value when redeemed. The FAQ states that plans are billed annually (checked Sep 2026)",Annual or monthly shown; FAQ states annual billing,source-checked,2026-09-25,https://bonus.ly/pricing,,no
employee-engagement-software,Culture Amp,https://www.cultureamp.com/,mid-market,"HR teams that want research-backed engagement surveys, benchmarks and AI-guided action planning, which Culture Amp documents in its Engage product, with performance management available in the same platform","No published price. Culture Amp states that pricing depends on the number of employees, the product chosen and the service tier, and that all products are billed annually. Separate service packages are described for organisations under 200, 200 to 999, and 1,000 or more employees (checked Sep 2026)",Annual,source-checked,2026-09-25,https://www.cultureamp.com/pricing,https://www.cultureamp.com/platform/engage,no
employee-engagement-software,Lattice,https://lattice.com/,mid-market,"Companies that want engagement surveys connected to performance reviews, goals and one-on-ones, since Lattice sells Engagement as a base product on the same platform as Performance and Goals","Engagement is $4 per seat per month, Performance $10 and Goals and OKRs $8. Compensation and Grow add-ons are $6 and $4 per seat per month. All contracts are billed annually in USD, and the minimum annual agreement is $4,000 (checked Sep 2026)","Annual, $4,000 minimum",source-checked,2026-09-25,https://lattice.com/pricing,,no
employee-engagement-software,Qualtrics Employee Experience,https://www.qualtrics.com/employee-experience/,enterprise,"Large employers that want engagement, pulse, lifecycle and 360 feedback programmes on one platform, and that want to connect employee data to customer outcomes, as Qualtrics documents for its Employee Experience suite",No published price. The Qualtrics pricing page lists Employee Experience as a product line with pricing on request (checked Sep 2026),Not recorded,source-checked,2026-09-25,https://www.qualtrics.com/pricing/,https://www.qualtrics.com/employee-experience/,no
employee-engagement-software,Quantum Workplace,https://www.quantumworkplace.com/,mid-market,"HR teams that want a validated engagement survey, pulse and lifecycle surveys, and optional analyst support to interpret results, as Quantum Workplace documents for its engagement software and service plans","Quoted. Base pricing is set by total employee count, with multi-product and volume discounts. The minimum annual contract is $15,000. Service plans are Signature, Signature Plus and Premium, with Signature included with most plans (checked Sep 2026)","Annual contract, $15,000 minimum",source-checked,2026-09-25,https://www.quantumworkplace.com/pricing,https://www.quantumworkplace.com/employee-engagement-software,no
employee-engagement-software,Staffbase,https://staffbase.com/,enterprise,"Internal communications and HR teams at large employers that need to reach frontline workers as well as office staff, as Staffbase documents for its employee experience platform","No published price. Staffbase quotes tiered custom pricing scaled to the size of the workforce, from 500 desk workers to 50,000 frontline staff (checked Sep 2026)",Not recorded,source-checked,2026-09-25,https://www.staffbase.com/pricing,,no
employee-engagement-software,Vantage Circle,https://www.vantagecircle.com/,mid-market,"Employers that want recognition, employee perks, wellness challenges and pulse feedback from one vendor, as Vantage Circle documents across its Grow, Transform and Scale plans","No published price. Grow, Transform and Scale are all listed as custom pricing. Employee feedback features such as eNPS and lifecycle surveys sit in the Scale plan (checked Sep 2026)",Not recorded,source-checked,2026-09-25,https://www.vantagecircle.com/pricing/,,no
employee-engagement-software,Workday Peakon Employee Voice,https://www.workday.com/en-us/products/employee-voice/overview.html,enterprise,"Organisations, especially existing Workday HCM customers, that want frequent employee listening with AI theme analysis and turnover forecasting, which Workday documents for Peakon Employee Voice",No published price. Workday Peakon Employee Voice is sold through Workday's sales team (checked Sep 2026),Not recorded,source-checked,2026-09-25,,https://www.workday.com/en-us/products/employee-voice/overview.html,no
employee-engagement-software,Workleap,https://workleap.com/,smb,"Small and mid-size organisations that want anonymous feedback, pulse surveys and peer recognition with AI-suggested actions for managers, as Workleap documents for its Officevibe survey product","Standard starts at $4,999 USD and Pro at $11,999 USD. Plans are billed annually and the listed prices apply to new customers. Organisations with more than 250 employees are quoted on the Enterprise plan (checked Sep 2026)",Annual,source-checked,2026-09-25,https://workleap.com/pricing,https://workleap.com/officevibe/surveys,no
employee-onboarding-software,Appical,https://www.appical.com/,mid-market,"Mid-sized and large organisations that want new hires to work through branded, interactive onboarding content on mobile before and after day one, as Appical documents for its app","Starter from €399 per month, with one onboarding course, one language and limited admin seats. Professional from €799 per month, with three courses, two languages, custom styling, a manager toolkit and personalised journeys. Enterprise, which adds workflows, SSO, digital signing, HR forms and three system integrations, is quoted (checked Sep 2026)",Per month by plan; Enterprise quoted,source-checked,2026-09-25,https://www.appical.com/pricing,,no
employee-onboarding-software,BambooHR,https://www.bamboohr.com/,smb,"Small and mid-sized companies that want onboarding checklists and new hire packets inside the same HR system that holds employee records, time off and hiring, as BambooHR documents on its pricing page","Core from $10 per employee per month, Pro from $17 and Elite from $25. Companies with 25 employees or fewer pay a flat monthly rate starting at $250. BambooHR offers month-to-month or longer terms and adjusts pricing automatically for volume (checked Sep 2026)",Per employee per month; month-to-month or extended terms,source-checked,2026-09-25,https://www.bamboohr.com/pricing/,,no
employee-onboarding-software,Click Boarding,https://www.clickboarding.com/,mid-market,"HR and talent acquisition teams hiring in volume that want preboarding, onboarding and offboarding automated and synced to their HRIS, as Click Boarding documents for its platform",No published price. Click Boarding is sold after a demo request (checked Sep 2026),Not recorded,source-checked,2026-09-25,,https://www.clickboarding.com/platform/,no
employee-onboarding-software,Enboarder,https://www.enboarder.com/,mid-market,"Organisations that need onboarding coordinated across HR, IT, managers and other stakeholders on top of an existing HR stack, including frontline staff without email, as Enboarder documents for its journey platform","No published price. Enboarder quotes each customer. Its pricing page lists three packages, Intelligent Onboarding, AI-Assisted Employee Journeys and New Hire Enablement, and a Compliance add-on covering US federal, state and local forms, W-4, I-9 and E-Verify (checked Sep 2026)",Not recorded,source-checked,2026-09-25,https://www.enboarder.com/pricing,,no
employee-onboarding-software,HR Cloud,https://www.hrcloud.com/,mid-market,"Mid-market and enterprise employers with distributed or frontline workforces that want onboarding, I-9 and E-Verify added on top of an existing payroll system, as HR Cloud documents for its Onboard Suite","Fixed annual licence quoted by headcount band rather than per seat. The Onboard Suite covers new hire onboarding, offboarding and People HRIS; the HR Suite adds an ATS, performance management and time off. Paying yearly saves 20 per cent. Implementation is included; ADP Marketplace customers pay a flat $500 implementation fee (checked Sep 2026)",Fixed annual licence; yearly payment saves 20%,source-checked,2026-09-25,https://www.hrcloud.com/software-pricing-and-program-trials,,no
employee-onboarding-software,Onboarded,https://www.onboarded.com/,specialist,"Staffing firms, high-volume employers and software platforms that need onboarding and compliance requirements resolved automatically for each placement, as Onboarded documents for its platform","No published price. Onboarded offers a demo request and a sign-up link, but no rate card (checked Sep 2026)",Not recorded,source-checked,2026-09-25,,https://www.onboarded.com/platform,no
employee-onboarding-software,Rival (formerly SilkRoad),https://www.silkroad.com/onboarding/,enterprise,"Enterprises that want onboarding, provisioning and compliance forms automated across their current ATS, HCM and IT systems, as Rival documents for its onboarding product","No published price. Rival products are sold after a demo request, as a full suite or individually (checked Sep 2026)",Not recorded,source-checked,2026-09-25,,https://www.silkroad.com/onboarding/,no
employee-onboarding-software,ServiceNow Enterprise Onboarding and Transitions,https://www.servicenow.com/products/employee-journey.html,enterprise,"Large organisations that already use ServiceNow and want onboarding tasks for HR, IT, Facilities, Finance and Legal run as one lifecycle event, as ServiceNow documents for Enterprise Onboarding and Transitions",No published price. Enterprise Onboarding and Transitions and Employee Journey Management are available with ServiceNow HR Service Delivery and quoted by ServiceNow sales (checked Sep 2026),Not recorded,source-checked,2026-09-25,,https://www.servicenow.com/docs/r/employee-service-management/employee-journey-management/understanding-enterprise-onboarding-and-transitions.html,no
employee-onboarding-software,Trainual,https://trainual.com/,smb,"Small and mid-sized businesses that onboard new staff through documented processes, role responsibilities and assigned training, as Trainual documents for its training suite","The pricing page lists Core, Pro, Premium and Enterprise plans for the training suite and states a one-time implementation fee of $1,000. Plan prices were not shown in the page copy retrieved (checked Sep 2026)","Not recorded; one-time $1,000 implementation fee",source-checked,2026-09-25,https://trainual.com/pricing,,no
employee-onboarding-software,WorkBright,https://workbright.com/,specialist,"US employers in staffing, healthcare and other high-volume or seasonal hiring that need new hire paperwork, I-9 and E-Verify completed and kept audit-ready, as WorkBright documents","Software pricing is not published; the former pricing URL redirects to the homepage. The WorkBright+ managed service, which handles I-9 and E-Verify cases with compliance staff, is $25 per I-9 record with a minimum annual cost of $25,000 (checked Sep 2026)","WorkBright+ per I-9 record, $25,000 annual minimum; software quoted",source-checked,2026-09-25,https://workbright.com/products/i-9-management/,,no
enterprise-talent-acquisition-software,Avature,https://www.avature.net/solutions/applicant-tracking-system/,enterprise,"Global employers running different hiring models across regions, business units or brands that need configurable workflows, approvals and data capture rather than one standard process, as Avature documents for its applicant tracking system","Avature publishes no price. The pricing URL returns a 404 and every product page ends in a demo booking. There are no named plans, no seat rates and no stated billing periods, so the applicant tracking system, the candidate relationship management modules and agency management are all quoted. The site also carries no entry configuration to anchor a comparison (checked Sep 2026)",Not recorded,source-checked,2026-09-23,,https://www.avature.net/solutions/recruiting/,no
enterprise-talent-acquisition-software,Cornerstone Recruiting,https://www.cornerstoneondemand.com/platform/recruiting-and-onboarding/,enterprise,"Organisations already using Cornerstone for learning and talent development that want hiring and onboarding on the same skills data, as Cornerstone documents for Recruiting and TalentLink","Cornerstone publishes no price for Recruiting. The /pricing/ URL resolves to a learning management product page rather than a rate card, and the recruiting pages route to a custom demo. No plan names, per-employee rates or billing periods appear, so both Cornerstone Recruiting and TalentLink are quoted (checked Sep 2026)",Not recorded,source-checked,2026-09-23,,https://www.cornerstoneondemand.com/platform/talentlink-recruitment/,no
enterprise-talent-acquisition-software,Dayforce Recruiting,https://www.dayforce.com/how-we-help/dayforce/talent-intelligence/talent-acquisition-software,enterprise,"Employers already running Dayforce for payroll and human resources that want recruiting and onboarding to write into the same worker record, which Dayforce documents as a single data layer with no integration required","Dayforce publishes no price for Recruiting. The talent acquisition page routes to a demo request. The only commercial detail stated is structural: Dayforce says talent modules may be purchased individually or as a full suite, so recruiting can be bought without the rest of the talent set. Rates, seat counts and billing periods are absent, and the figure for any configuration comes from sales (checked Sep 2026)",Modules sold individually or as a suite; rates not published,source-checked,2026-09-23,,https://help.dayforce.com/r/documents/Recruiting-Guide/Getting-Started-with-Recruiting,no
enterprise-talent-acquisition-software,iCIMS,https://www.icims.com/products/,enterprise,"Enterprises hiring at volume across many countries that need a configurable applicant tracking system able to sit on top of an existing Workday, SAP SuccessFactors, Oracle, ADP or UKG record, as iCIMS documents in its integration list","iCIMS publishes no price. The site has no pricing page: /pricing/ returns a 404, and the product pages route to a demo request or a sales telephone number. Plan names, seat rates, hire-volume tiers and billing periods are all absent, so a buyer cannot size any configuration before contacting sales (checked Sep 2026)",Not recorded,source-checked,2026-09-23,,https://www.icims.com/products/hiring-software/enterprise-applicant-tracking-system/,no
enterprise-talent-acquisition-software,Jobvite,https://www.jobvite.com/products/applicant-tracking-system/,mid-market,"Talent acquisition teams with complex hiring that want to start with an applicant tracking system and add onboarding, referrals and recruitment marketing over time, as Jobvite documents on its pricing page","Jobvite publishes no figure but does publish the structure. The pricing page states that a buyer starts with the core Jobvite applicant tracking system and adds modules such as Onboarding, AI Companion and recruitment marketing as needed, so the organisation pays only for the features it takes. Named add-ons include the AI Interview Companion, Onboarding and Advanced Employee Referrals. Rates, seat counts and billing periods are absent and every path ends at Get My Quote (checked Sep 2026)",Core applicant tracking system plus priced add-on modules; rates not published,source-checked,2026-09-23,https://www.jobvite.com/pricing/,,no
enterprise-talent-acquisition-software,Oracle Fusion Cloud Recruiting,https://www.oracle.com/human-capital-management/recruiting/,enterprise,"Enterprises running Oracle Fusion Cloud HCM that want recruiting, internal mobility and onboarding journeys unified with the rest of the business, as Oracle documents for Recruiting and Recruiting Booster","Oracle publishes no price on the Recruiting product page, and the human capital management pricing path returns a 404. The page routes to a product tour, an overview PDF and a sales contact. The split between Oracle Fusion Cloud Recruiting and the separately named Recruiting Booster is described in capability terms only, with no rate attached to either, so both the base module and the add-on are quoted (checked Sep 2026)",Not recorded,source-checked,2026-09-23,,https://www.oracle.com/human-capital-management/,no
enterprise-talent-acquisition-software,PageUp,https://www.pageuppeople.com/products/talent-acquisition/,enterprise,"Public sector, healthcare and higher education employers that need branded career sites, talent pooling and structured onboarding under local compliance rules, as PageUp documents for its talent acquisition suite","PageUp publishes no price. The /pricing/ URL resolves to platform marketing content with no figures, plan names or billing periods anywhere on it. The talent acquisition suite, the Clinch recruitment marketing module, the applicant tracking system and onboarding are all quoted, and the site provides return-on-investment calculators instead of rates (checked Sep 2026)",Not recorded,source-checked,2026-09-23,,https://www.pageuppeople.com/pricing/,no
enterprise-talent-acquisition-software,Radancy,https://www.radancy.com/platform/,specialist,"Large employers that need to reduce third-party agency and job-board spend and treat candidate attraction as the bottleneck, as Radancy documents for its Talent Acquisition Cloud","Radancy publishes no price. The pricing URL returns a 404 and the platform page ends in a demo request. No plans, media minimums or per-hire rates appear. This matters more here than elsewhere on the page, because a media-led platform carries advertising spend as well as a licence, and neither component is public (checked Sep 2026)",Not recorded,source-checked,2026-09-23,,https://www.radancy.com/,no
enterprise-talent-acquisition-software,SmartRecruiters for SAP SuccessFactors,https://www.sap.com/products/hcm/recruiting-software.html,enterprise,"Organisations standardising on SAP SuccessFactors that want hiring workflows aligned to the wider human experience management suite, and buyers who need an entry figure before opening a procurement process","The SmartRecruiters pricing page lists four plans. Essential covers applicant tracking, CRM, onboarding, SMS messaging, job distribution and dynamic scheduling, and is marked Starting at $14,995. The page does not state whether that figure is monthly or annual. Professional, High Volume and Complete show Contact Sales in place of a price, and the comparison table marks advanced analytics, advanced sandbox and custom in-app guidance as add-ons on the lower tiers (checked Sep 2026)",Billing period not stated on the pricing page for the Essential figure; higher tiers quoted,source-checked,2026-09-23,https://www.smartrecruiters.com/pricing/,,no
enterprise-talent-acquisition-software,Workday Recruiting,https://www.workday.com/en-us/products/talent-management/talent-acquisition.html,enterprise,"Large employers that already run Workday for human capital management and want hiring, internal mobility and headcount planning on the same data core, which Workday documents as the Talent Acquisition suite","Workday publishes no price on the Talent Acquisition page. The page routes to a demo request and to a contact form instead. Plan names, per-worker rates and billing periods are absent, so the cost of Workday Recruiting, Workday Candidate Engagement and the two agents is established in a sales conversation and cannot be checked against a published rate card (checked Sep 2026)",Not recorded,source-checked,2026-09-23,,https://doc.workday.com/workday-education/en-us/course-manuals/recruiting-for-administrators/introduction-to-workday-recruiting.html,no
erp-software,Acumatica,https://www.acumatica.com/,mid-market,Growing distributors and manufacturers with many light users,Quote-based (checked Sep 2026),Not recorded,source-checked,2026-09-11,https://www.acumatica.com/pricing/,https://www.acumatica.com/,no
erp-software,Brightpearl,https://www.brightpearl.com/,specialist,Retail and wholesale brands automating order fulfilment,Quote-based (checked Sep 2026),Not recorded,source-checked,2026-09-11,https://www.brightpearl.com/pricing,https://www.brightpearl.com/,no
erp-software,Cin7 Core,https://www.cin7.com/,smb,Multi-channel product sellers needing inventory-first ERP,From $349/mo (checked Sep 2026),Not recorded,source-checked,2026-09-11,https://www.cin7.com/pricing/,https://www.cin7.com/,no
erp-software,Deskera,https://www.deskera.com/,smb,"Small manufacturers wanting ERP, CRM and HR bundled","From $199/user/mo billed annually, 5-user minimum (checked Sep 2026)",billed annually,source-checked,2026-09-11,https://www.deskera.com/pricing,https://www.deskera.com/,no
erp-software,ERPNext,https://frappe.io/erpnext,open-source,Technical teams wanting open-source ERP without licence fees,Free and open source self-hosted; hosted from $5/mo (checked Sep 2026),Not recorded,source-checked,2026-09-11,https://frappe.io/erpnext/pricing,https://frappe.io/erpnext,no
erp-software,Katana,https://katanamrp.com/,smb,Small manufacturers and makers moving off spreadsheets,Free tier; paid from $299/mo (checked Sep 2026),Not recorded,source-checked,2026-09-11,https://katanamrp.com/pricing/,https://katanamrp.com/,no
erp-software,Microsoft Dynamics 365 Business Central,https://www.microsoft.com/en-us/dynamics-365/products/business-central,mid-market,Mid-market firms standardised on Microsoft 365,From $80/user/mo billed annually (checked Sep 2026),billed annually,source-checked,2026-09-11,https://www.microsoft.com/en-us/dynamics-365/products/business-central,https://www.microsoft.com/en-us/dynamics-365/products/business-central,no
erp-software,Odoo,https://www.odoo.com/,smb,Cost-sensitive SMBs wanting one suite for everything,"Free tier; paid from Rs 725/user/mo billed annually, INR pricing shown from India (checked Sep 2026)",billed annually,source-checked,2026-09-11,https://www.odoo.com/pricing,https://www.odoo.com/,no
erp-software,Striven,https://www.striven.com/,smb,Service and contracting firms needing ERP on a small budget,From $35/user/mo; 5-user minimum for the base rate (checked Sep 2026),Not recorded,source-checked,2026-09-11,https://www.striven.com/pricing,https://www.striven.com/,no
erp-software,SYSPRO,https://www.syspro.com/,mid-market,Discrete and process manufacturers with deep shop-floor needs,Quote-based (checked Sep 2026),Not recorded,source-checked,2026-09-11,,https://www.syspro.com/,no
erp-systems,Acumatica,https://www.acumatica.com/pricing/,mid-market,Growing companies that need broad user access without seat fees,Quote-based (checked Sep 2026),Not recorded,source-checked,2026-09-11,https://www.acumatica.com/pricing/,https://www.acumatica.com/pricing/,no
erp-systems,Deltek Costpoint,https://www.deltek.com/en/products/erp/costpoint,specialist,Government contractors needing FAR and DFARS compliant accounting,Quote-based (checked Sep 2026),Not recorded,source-checked,2026-09-11,,https://www.deltek.com/en/products/erp/costpoint,no
erp-systems,IFS Cloud,https://www.ifs.com/solutions/enterprise-resource-planning,enterprise,"Asset-intensive industrial firms combining ERP, EAM and service",Quote-based (checked Sep 2026),Not recorded,source-checked,2026-09-11,,https://www.ifs.com/solutions/enterprise-resource-planning,no
erp-systems,Infor CloudSuite,https://www.infor.com/products,enterprise,Manufacturers wanting industry-specific ERP without heavy customisation,Quote-based (checked Sep 2026),Not recorded,source-checked,2026-09-11,,https://www.infor.com/products,no
erp-systems,Microsoft Dynamics 365 Finance & Supply Chain,https://www.microsoft.com/en-us/dynamics-365/products/finance/pricing,enterprise,Microsoft-centred enterprises wanting published per-user pricing,From $210/user/mo billed annually (checked Sep 2026),billed annually,source-checked,2026-09-11,https://www.microsoft.com/en-us/dynamics-365/products/finance/pricing,https://www.microsoft.com/en-us/dynamics-365/products/finance/pricing,no
erp-systems,Oracle Fusion Cloud ERP,https://www.oracle.com/erp/,enterprise,Large finance organisations standardising on one cloud suite,"From $625/user/mo, 10-user minimum (checked Sep 2026)",Not recorded,source-checked,2026-09-11,https://www.oracle.com/a/ocom/docs/corporate/pricing/oracle-fusion-cloud-global-price-list.pdf,https://www.oracle.com/erp/,no
erp-systems,Oracle NetSuite,https://www.netsuite.com/portal/products/erp.shtml,enterprise,Multi-entity groups consolidating financials and operations in one suite,"Quote-based, annual license fee plus one-time implementation fee (checked Sep 2026)",Not recorded,source-checked,2026-09-11,https://www.netsuite.com/portal/products/erp.shtml,https://www.netsuite.com/portal/products/erp.shtml,no
erp-systems,SAP S/4HANA Cloud,https://www.sap.com/products/erp/s4hana.html,enterprise,Global manufacturers and distributors standardising core processes,Quote-based (checked Sep 2026),Not recorded,source-checked,2026-09-11,,https://www.sap.com/products/erp/s4hana.html,no
erp-systems,Workday Financial Management,https://www.workday.com/en-us/products/financial-management/overview.html,enterprise,Services organisations unifying finance with workforce data,Quote-based (checked Sep 2026),Not recorded,source-checked,2026-09-11,,https://www.workday.com/en-us/products/financial-management/overview.html,no
etl-tools,Airbyte,https://airbyte.com/,open-source,"Engineering teams that want an open-source connector catalogue they can self-host, extend with a connector builder, and drive from Airflow, Dagster or Prefect","Self-managed open-source edition free; hosted Standard from $10 a month on data volume; Pro priced on compute capacity; Enterprise Flex by quote. Agent plans run $0 Free, $29 Individual and $299 Team a month (checked Sep 2026)",Monthly,source-checked,2026-09-20,https://airbyte.com/pricing,,no
etl-tools,AWS Glue,https://aws.amazon.com/glue/,enterprise,"AWS-based teams that want serverless Spark ETL jobs billed by the second, sharing one Data Catalog with Athena, Redshift and EMR","ETL jobs and interactive sessions $0.44 per DPU-hour billed by the second; Data Catalog free for the first million metadata objects, then $1.00 per 100,000 objects a month; crawlers, DataBrew and data quality billed separately; rates vary by region (checked Sep 2026)",Hourly rate billed per second,source-checked,2026-09-20,https://aws.amazon.com/glue/pricing/,,no
etl-tools,Dataddo,https://www.dataddo.com/,smb,"Smaller teams that want warehouse ETL, reverse ETL and database replication in one low-priced plan, or that need to feed a BI dashboard directly without a warehouse","Free $0 for 3 flows and 100,000 rows a month; Data to Dashboards and Data Anywhere both $99 a month billed annually or $129 billed monthly, each with 10 million rows; Enterprise custom (checked Sep 2026)",Monthly or annual; annual billing is around 25% cheaper,source-checked,2026-09-20,https://www.dataddo.com/pricing,,no
etl-tools,dbt,https://www.getdbt.com/,mid-market,"Data teams that load raw data with a separate tool and want the transform step defined as version-controlled SQL models with tests, documentation and lineage","Developer free for one seat with 3,000 models built a month; Starter $100 per user a month with five developer seats and 15,000 models; Enterprise and Enterprise+ custom (checked Sep 2026)",Per user/month,source-checked,2026-09-20,https://www.getdbt.com/pricing,,no
etl-tools,Fivetran,https://www.fivetran.com/,enterprise,"Teams that want the extract and load steps fully managed, with transformation handled afterwards by dbt projects that Fivetran schedules against the destination warehouse","Free plan up to 500,000 monthly active rows for connections and 5,000 model runs; Standard, Enterprise and Business Critical billed on consumption, with up to 22% off on an annual contract (checked Sep 2026)",Usage-based monthly; discounts on annual contract,source-checked,2026-09-20,https://www.fivetran.com/pricing,,no
etl-tools,Informatica,https://www.informatica.com/products/cloud-data-integration.html,enterprise,"Large enterprises that need ETL, ELT, Spark and serverless execution patterns plus data quality under one governed platform and one procurement contract",Consumption-based. Intelligent Data Management Cloud is subscribed in Informatica Processing Units drawn down across eligible cloud services. No unit price is published (checked Sep 2026),"IPU subscription drawn down monthly, or annually on Flex IPU",source-checked,2026-09-20,https://www.informatica.com/products/cloud-integration/pricing.html,,no
etl-tools,Integrate.io,https://www.integrate.io/,mid-market,"Operations and analytics teams that want a predictable flat fee and a low-code builder covering ETL, ELT, CDC and reverse ETL in one product","Core $1,999 a month with unlimited data volumes, pipelines, connectors and users; a higher tier adding advanced security, role-based access control and HIPAA readiness is by quote (checked Sep 2026)",Flat monthly fee,source-checked,2026-09-20,https://www.integrate.io/pricing/,,no
etl-tools,Keboola,https://www.keboola.com/,mid-market,"Small teams that want a hosted pipeline platform with a free tier, paying only for the compute minutes their jobs actually consume","Free plan $0 with unlimited ETL/ELT pipelines, one project and 120 compute minutes in the first month then 60 a month; extra minutes $0.14 each; Enterprise by quote (checked Sep 2026)","Per compute minute, topped up by card or contracted as Time Credits",source-checked,2026-09-20,https://www.keboola.com/pricing,,no
etl-tools,Matillion,https://www.matillion.com/,mid-market,"Teams that want to design both the load and the transform steps on a low-code canvas, with SQL and Python components and Git version control included on every tier","Developer, Teams and Scale plans on a consumption-based credit system; no plan prices are published on the pricing page (checked Sep 2026)",Consumption-based credits,source-checked,2026-09-20,https://www.matillion.com/pricing,,no
etl-tools,Portable,https://portable.io/,specialist,"Analytics teams blocked by a niche SaaS source that mainstream connector catalogues do not carry, where connector development matters more than transformation features","Standard $1,800 a month for 6 data flows; Pro $2,800 for 15; Advanced $4,200 for 25; all billed monthly with unlimited data volumes. Bespoke connector development $2,000 a month on Standard and included from Pro (checked Sep 2026)",Billed monthly,source-checked,2026-09-20,https://portable.io/pricing,,no
exemption-certificate-management-software,Anrok,https://www.anrok.com/exemption-certificate-management,mid-market,Software companies with global B2B exempt customers,From $50/market/mo for eCommerce; $100/market/mo otherwise (checked Sep 2026),Billed monthly per market on Starter; Custom plan billing varies by contract,source-checked,2026-09-08,https://www.anrok.com/pricing,,no
exemption-certificate-management-software,Avalara Exemption Certificate Management,https://www.avalara.com/us/en/products/sales-and-use-tax/certcapture.html,enterprise,Sellers already running AvaTax across many ERP systems,Quote-based (checked Sep 2026),Not recorded,source-checked,2026-09-08,https://www.avalara.com/us/en/products/pricing.html,,no
exemption-certificate-management-software,EXEMPTAX,https://exemptax.com/,specialist,Distributors and manufacturers wanting published certificate pricing,From $250/mo on a 12-month term (checked Sep 2026),Standard plan requires a 12-month term; Enterprise billing is custom,source-checked,2026-09-08,https://exemptax.com/pricing,,no
exemption-certificate-management-software,Numeral Exemption Certificate Management,https://www.numeral.com/product/exemption-certificate-management,mid-market,Ecommerce and software sellers wanting fast automated validation,Free for the first 50 certificates; filing plans from $75/filing (checked Sep 2026),Month-to-month by default; multi-year contracts available,source-checked,2026-09-08,https://www.numeral.com/pricing,,no
exemption-certificate-management-software,ONESOURCE Certificate Manager,https://tax.thomsonreuters.com/en/products/onesource-certificate-manager,enterprise,Large tax departments standardised on Thomson Reuters ONESOURCE,Quote-based (checked Sep 2026),Not recorded,source-checked,2026-09-08,https://tax.thomsonreuters.com/en/products/onesource-certificate-manager,,no
exemption-certificate-management-software,Sovos CertManager,https://sovos.com/sut/products/sovos-certmanager/,enterprise,Tax teams evaluating certificate automation alongside Sovos services,Quote-based (checked Sep 2026),Not recorded,source-checked,2026-09-08,https://sovos.com/sut/products/sovos-certmanager/,,no
exemption-certificate-management-software,TaxCloud,https://taxcloud.com/,smb,Small multichannel sellers needing certificates with filing,From $39/mo (checked Sep 2026),Monthly or annual billing; annual saves up to 16%,source-checked,2026-09-08,https://taxcloud.com/pricing,,no
exemption-certificate-management-software,TaxJar,https://www.taxjar.com/,smb,Ecommerce sellers with occasional exempt customers,From $39/mo (checked Sep 2026),Monthly billing; annual saves 10% or more,source-checked,2026-09-08,https://www.taxjar.com/pricing,,no
exemption-certificate-management-software,Vertex Certificate Center,https://www.vertexinc.com/solutions/products/vertex-certificate-center,enterprise,Enterprises running the Vertex tax engine on SAP or Oracle,Quote-based (checked Sep 2026),Not recorded,source-checked,2026-09-08,https://www.vertexinc.com/solutions/products/vertex-certificate-center,,no
expense-management-software,BILL Spend & Expense,https://www.bill.com/product/spend-and-expense,smb,"Businesses that want corporate cards with budgets, real-time expense tracking and free reimbursements, and that accept the BILL Divvy Card, as BILL documents","BILL Spend & Expense is $0 per user a month. It includes corporate cards, budgets, expense tracking and access to credit lines from $1,000 to $5M, which are not guaranteed and depend on application approval. BILL states there are no subscription or per-user software fees and that standard card and payment fees apply where applicable (checked Sep 2026)",No subscription or per-user fee; credit subject to approval; standard card and payment fees,source-checked,2026-09-22,https://www.bill.com/product/pricing,,no
expense-management-software,ExpensePoint,https://www.expensepoint.com/,mid-market,"Organisations with 25 or more users, including nonprofits and trades companies across several job sites, that want configured expense automation with support included, as ExpensePoint documents","Not published. ExpensePoint prices by team size, usage, structure and configuration and gives a quote after a form and demo. It supports teams from 25 users to more than 2,000 employees and states that onboarding, implementation, training and support carry no extra fee (checked Sep 2026)",Quoted subscription; minimum of 25 users,source-checked,2026-09-22,https://www.expensepoint.com/pricing/,,no
expense-management-software,Expensify,https://www.expensify.com/,smb,"Companies that want employees to scan receipts, submit reports and get reimbursed in one app, with accounting sync to QuickBooks, Xero, NetSuite or Sage Intacct, as Expensify documents","Collect is $5 per unique member a month on a pay-per-use subscription, for organisations whose first workspace was created on or after April 1, 2025. Control is $18 per member a month on a 12-month annual subscription, plus $36 for each active member above the subscription size, or $36 per active member a month on pay-per-use. Control with the Expensify Card can fall to as low as $9 per member a month on an annual subscription (checked Sep 2026)",Collect pay-per-use only; Control annual (12-month commitment) or pay-per-use; card-usage discount on Control,source-checked,2026-09-22,https://help.expensify.com/articles/new-expensify/billing-and-subscriptions/explore-plans-subscriptions-and-pricing/Understand-Expensify-Pricing.html,,no
expense-management-software,Happay,https://happay.com/,enterprise,"Enterprises operating in India that want expense capture, automated audit, GST management, travel self-booking and prepaid cards in one platform, as Happay documents","Not published on Happay's site. Happay states a SaaS pricing model that depends on the modules and the size of operations, quoted by its sales team. Its AWS Marketplace listing prices Standard Modules at $4.00 per user for a 12-month contract, with Budgeting at $1.00, Route Tracker at $2.00 and Smart Audit at $1.50 per user, and discounts on 24- and 36-month contracts (checked Sep 2026)","Quoted SaaS subscription; marketplace contracts of 12, 24 or 36 months",source-checked,2026-09-22,https://aws.amazon.com/marketplace/pp/prodview-zwrxbg3i2g3ts,https://happay.com/happay-faq/,no
expense-management-software,ITILITE,https://www.itilite.com/,mid-market,"Companies that want expense reimbursement, automatic GL coding and ERP reconciliation alongside a corporate travel booking tool, as ITILITE documents","Expense Management is $6 per active user a month on annual billing or $9 on monthly billing. Corporate Travel is $10 per trip, or $7 per trip with the ITILITE wallet. The Corporate Card is free and lists 1.5% cashback on spend. Some integrations carry a one-time fee depending on complexity (checked Sep 2026)",Per active user per month for expense; per trip for travel; no platform or support fees,source-checked,2026-09-22,https://www.itilite.com/pricing/,,no
expense-management-software,Rydoo,https://www.rydoo.com/,mid-market,"Companies with employees in several countries that need expense capture, local compliance, per diems and multi-level approvals, as Rydoo documents","Essentials is $9 per user a month billed annually or $12 billed monthly. Pro is $11 per user a month billed annually or $14 billed monthly. Both start at 5 users. Business starts at 30 active users and Enterprise at 50 active users, with prices from sales. Euro and sterling prices are also listed (checked Sep 2026)","Per user per month, annual or monthly billing; minimum user counts by plan",source-checked,2026-09-22,https://www.rydoo.com/pricing/,,no
expense-management-software,Sage Expense Management,https://www.fylehq.com/,smb,"Small and mid-sized companies, including Sage Intacct and QuickBooks users, that want real-time feeds from existing cards and receipt collection by text message, as Sage documents","Growth is $11.99 per active user a month billed annually, with minimum billing of 5 users. Business is $14.99 per active user a month billed annually, with minimum billing of 10 users and a one-time implementation fee for some integrations. Enterprise is custom priced for organisations with 250 or more employees. An active user creates at least one expense or has a connected card with a transaction in the month. Pricing may differ for existing Sage Intacct customers (checked Sep 2026)",Annual billing per active user; minimum user counts; implementation fee on some integrations,source-checked,2026-09-22,https://www.fylehq.com/pricing,,no
expense-management-software,SAP Concur Expense,https://www.concur.com/,enterprise,"Organisations that want expense reporting connected to corporate travel booking and invoice processing, with custom plans built from add-on products, as SAP Concur documents","Not published. SAP Concur prices each plan by contract. The pricing page lists Base, Plus and Premium plans with unlimited users and states that the more a customer purchases with the contract, the less it pays per report. Price can vary with monthly commitment (checked Sep 2026)",Contract pricing tied to report volume and monthly commitment,source-checked,2026-09-22,https://www.concur.com/about/pricing,,no
expense-management-software,Webexpenses,https://www.webexpenses.com/,mid-market,"Organisations, particularly in the UK, that want expense claims, mileage, policy rules and expense cards with published per-user prices, as Webexpenses documents","Essential is £7.50 per user a month, Scale £9 and Pro £13. Scale adds 0.5% cashback on expense card purchases and integrations for NetSuite, Sage Intacct and Business Central. Pro adds 0.75% cashback, direct reimbursement, user management and an API. Demos are booked for every plan (checked Sep 2026)",Per user per month; regional pricing for APAC,source-checked,2026-09-22,https://www.webexpenses.com/pricing/,,no
expense-management-software,Zoho Expense,https://www.zoho.com/expense/,smb,"Small and mid-sized businesses that want expense reporting, card reconciliation and reimbursement at a low per-user price, with travel booking on the Premium plan, as Zoho documents","Free for up to 3 users. Standard is $4 per user a month billed monthly or $3 billed annually. Premium is $6 per user a month billed monthly or $5 billed annually. Receipt scanning limits are 20 per user a month on Free, 200 on Standard and 1,000 on Premium. Enterprise plans are quoted. Prices exclude local taxes (checked Sep 2026)",Pay-as-you-go monthly or annual subscription; no contract; 14-day free trial,source-checked,2026-09-22,https://www.zoho.com/expense/pricing/,,no
field-service-management-software,FieldEdge,https://www.fieldedge.com/pricing/,mid-market,"Multi-truck HVAC, plumbing and electrical operations scaling dispatch and reporting",Quote-based (checked Sep 2026),Not recorded,source-checked,2026-09-11,https://www.fieldedge.com/pricing/,https://www.fieldedge.com/pricing/,no
field-service-management-software,Housecall Pro,https://www.housecallpro.com/pricing/,smb,Home service teams wanting published pricing with payments and financing built in,From $59/mo billed annually (checked Sep 2026),billed annually,source-checked,2026-09-11,https://www.housecallpro.com/pricing/,https://www.housecallpro.com/pricing/,no
field-service-management-software,IFS Field Service Management,https://www.ifs.com/products/fsm,enterprise,Manufacturers wanting field service embedded in a broader ERP deployment,Quote-based (checked Sep 2026),Not recorded,source-checked,2026-09-11,,https://www.ifs.com/products/fsm,no
field-service-management-software,Jobber,https://www.getjobber.com/pricing/,smb,"Solo operators and small crews wanting booking, quoting and payments live immediately","From $29/mo for one user, billed annually (checked Sep 2026)",billed annually,source-checked,2026-09-11,https://www.getjobber.com/pricing/,https://www.getjobber.com/pricing/,no
field-service-management-software,Salesforce Field Service,https://www.salesforce.com/service/field-service-management/pricing/,enterprise,Enterprises already on Salesforce needing dispatch tied to CRM data,"From $175/user/month for Dispatcher or Technician, billed annually (checked Sep 2026)",billed annually,source-checked,2026-09-11,https://www.salesforce.com/service/field-service-management/pricing/,https://www.salesforce.com/service/field-service-management/pricing/,no
field-service-management-software,ServiceMax,https://www.servicemax.com/,enterprise,Manufacturers and industrial firms servicing complex assets under contract,Quote-based (checked Sep 2026),Not recorded,source-checked,2026-09-11,,https://www.servicemax.com/,no
field-service-management-software,ServiceNow Field Service Management,https://www.servicenow.com/products/field-service-management.html,enterprise,Enterprises already on ServiceNow wanting field dispatch on the same platform,No list price on reviewed page (checked Sep 2026),Not recorded,source-checked,2026-09-11,,https://www.servicenow.com/products/field-service-management.html,no
field-service-management-software,ServiceTitan,https://www.servicetitan.com/pricing,enterprise,Established multi-truck trades operations wanting a full operations hub,Quote-based (checked Sep 2026),Not recorded,source-checked,2026-09-11,https://www.servicetitan.com/pricing,https://www.servicetitan.com/pricing,no
field-service-management-software,Simpro,https://www.simprogroup.com/us/pricing,mid-market,"Multi-trade contractors wanting quoting, inventory, dispatch and accounting under one vendor",Quote-based (checked Sep 2026),Not recorded,source-checked,2026-09-11,https://www.simprogroup.com/pricing,https://www.simprogroup.com/us/pricing,no
field-service-management-software,Skedulo,https://www.skedulo.com/pricing/,specialist,"Large, often non-trades mobile workforces needing scheduling and dispatch on top of Salesforce",Quote-based (checked Sep 2026),Not recorded,source-checked,2026-09-11,https://www.skedulo.com/pricing/,https://www.skedulo.com/pricing/,no
financial-consolidation-software,Anaplan Financial Consolidation,https://www.anaplan.com/solutions/financial-consolidation/,mid-market,"Anaplan planning customers and mid-market to large groups that want an out-of-the-box, no-code consolidation application connected to their planning models",Quote-based; the pricing link leads to a contact form (checked Sep 2026),Not recorded,source-checked,2026-09-19,,https://help.anaplan.com/introduction-to-financial-consolidation--reporting-36ebcefe-b6f1-4c19-ae2d-53d64908ac21,no
financial-consolidation-software,Board,https://www.board.com/,enterprise,"Enterprises that want consolidation, close and reporting on the same platform as Board planning, with AI assistance for controllers",Quote-based; the pricing page offers customised quotes by solution area (checked Sep 2026),Not recorded,source-checked,2026-09-19,https://www.board.com/en/pricing,https://www.board.com/finance/financial-consolidation,no
financial-consolidation-software,CCH Tagetik,https://www.wolterskluwer.com/en/solutions/cch-tagetik,enterprise,"Global groups with complex structures, M&A activity and multi-GAAP requirements, particularly those running SAP HANA, that want a rules-based consolidation engine without scripting",Quote-based; the product page routes pricing to a sales contact (checked Sep 2026),Not recorded,source-checked,2026-09-19,,https://www.wolterskluwer.com/en/solutions/cch-tagetik/financial-close-consolidation,no
financial-consolidation-software,IBM Controller,https://www.ibm.com/products/cognos-controller,enterprise,"Groups already using IBM Planning Analytics or Cognos Analytics that want cloud-based close, consolidation and statutory reporting in the IBM stack",Quote-based; the IBM pricing link returns the product page with no prices (checked Sep 2026),Not recorded,source-checked,2026-09-19,,https://www.ibm.com/products/cognos-controller,no
financial-consolidation-software,Lucanet,https://www.lucanet.com/,mid-market,"Mid-sized and larger groups, especially in Europe, that want audit-certified consolidation with multi-GAAP support that finance can administer without IT","Quote-based; Basic, Advanced and Professional tiers are listed without prices (checked Sep 2026)",Not recorded,source-checked,2026-09-19,https://www.lucanet.com/en/pricing/,https://www.lucanet.com/en/solutions/financial-consolidation/,no
financial-consolidation-software,OneStream,https://www.onestream.com/,enterprise,"Large, multi-ERP groups that want consolidation, journals, account reconciliation, tax provision and ESG reporting on one finance platform instead of several point tools",Quote-based; no public price list (checked Sep 2026),Not recorded,source-checked,2026-09-19,,https://documentation.onestream.com/docs/Content/Design%20and%20Reference/Financial%20Model%20Guides/Consolidation.html,no
financial-consolidation-software,Oracle Cloud EPM Financial Consolidation and Close,https://www.oracle.com/performance-management/financial-consolidation-close/,enterprise,"Enterprises that want a preconfigured IFRS and GAAP consolidation model inside Oracle's EPM suite, with a published per-user list price",Oracle price list: EPM Standard Cloud Service $250 per hosted named user a month (minimum 10); EPM Enterprise Cloud Service $500 per hosted named user a month (minimum 25); standard term three years (checked Sep 2026),Monthly subscription price; standard term three years,source-checked,2026-09-19,https://www.oracle.com/a/ocom/docs/corporate/pricing/oracle-fusion-cloud-global-price-list.pdf,,no
financial-consolidation-software,Planful,https://planful.com/,mid-market,"Mid-market and upper mid-market groups that want close, consolidation, reporting and FP&A on a shared data foundation run by the accounting team",Quote-based; no public price list (checked Sep 2026),Not recorded,source-checked,2026-09-19,,https://planful.com/solutions/accounting/,no
financial-consolidation-software,Prophix One,https://www.prophix.com/,mid-market,Controllers and group finance teams consolidating roughly 10 to 100+ entities who want finance-owned statutory consolidation with strong audit reporting,"Quote-based; the pricing page publishes buying guidance, not prices (checked Sep 2026)",Not recorded,source-checked,2026-09-19,https://www.prophix.com/pricing/,https://www.prophix.com/use-case/financial-consolidation/,no
financial-consolidation-software,SAP S/4HANA Finance for group reporting,https://www.sap.com/products/financial-management/s4hana-financial-consolidation.html,enterprise,"Groups already running SAP S/4HANA that want consolidation to run inside the operational ERP, with drill-down from group reports to entity journals",Quote-based through SAP; no public price list (checked Sep 2026),Not recorded,source-checked,2026-09-19,,https://learning.sap.com/courses/outlining-consolidation-with-group-reporting/outlining-group-reporting_bbf2b6ca-1b18-4d2f-9744-825445c100a8,no
finops-tools,AWS Cost Explorer,https://aws.amazon.com/aws-cost-management/aws-cost-explorer/,smb,Single-account AWS teams needing a free baseline,"Free console access; $0.01 per API request; hourly granularity $0.01 per 1,000 usage records/mo (checked Sep 2026)",Pay-as-you-go; hourly-granularity charge billed daily on trailing 14-day usage records,source-checked,2026-09-08,https://aws.amazon.com/aws-cost-management/aws-cost-explorer/pricing/,,no
finops-tools,CloudZero,https://www.cloudzero.com/,enterprise,Unit economics such as cost per customer or feature,Quote-based; single subscription covering all capabilities (checked Sep 2026),No published billing cadence; custom quote scaled to environment,source-checked,2026-09-08,https://www.cloudzero.com/pricing/,,no
finops-tools,Datadog Cloud Cost Management,https://www.datadoghq.com/product/cloud-cost-management/,mid-market,Existing Datadog users correlating cost with telemetry,"Free (Cost Visibility, Datadog costs only); Pro from $5, Enterprise from $10 per $1,000 monitored cloud/SaaS spend/mo (checked Sep 2026)","Billed annually; on-demand available at $7.20 (Pro) / $15 (Enterprise) per $1,000",source-checked,2026-09-08,https://www.datadoghq.com/pricing/?product=cloud-cost-management,,no
finops-tools,Finout,https://www.finout.io/,enterprise,"Unifying cloud, Kubernetes, SaaS and AI billing",Quote-based; flat fee by committed-spend tier (Business/Pro/Enterprise) (checked Sep 2026),Annual contracts; fixed fee for the term rather than a percentage of spend,source-checked,2026-09-08,https://www.finout.io/pricing,,no
finops-tools,Flexera One Cloud Cost Optimization,https://www.flexera.com/products/flexera-one/cloud-cost-optimization,enterprise,Hybrid estates spanning cloud and on-premise IT,Quote-based (checked Sep 2026),Not recorded,source-checked,2026-09-11,,https://www.flexera.com/products/flexera-one/cloud-cost-optimization,no
finops-tools,IBM Cloudability,https://www.apptio.com/products/cloudability/,enterprise,Large enterprises with formal cloud financial governance,Quote-based (checked Sep 2026),Not recorded,source-checked,2026-09-11,,https://www.apptio.com/products/cloudability/,no
finops-tools,Infracost,https://www.infracost.io/,specialist,Shifting cost checks left into pull requests,"Free tier; Starter $250/mo; Cloud $1,000/mo; Enterprise custom (checked Sep 2026)",Monthly billing on Starter/Cloud; 30-day money-back guarantee,source-checked,2026-09-08,https://www.infracost.io/pricing/,,no
finops-tools,nOps,https://www.nops.io/,mid-market,AWS-centric teams combining visibility with automated savings,Quote-based; fixed fee by cloud spend (Cost Visibility) or share of savings (Rate Optimisation) (checked Sep 2026),"Not published; 14-day free trial on Cost Visibility, free savings analysis on Rate Optimisation",source-checked,2026-09-08,https://www.nops.io/pricing,,no
finops-tools,ProsperOps,https://www.prosperops.com/,specialist,Automated commitment and discount portfolio management,Quote-based; share of realised savings (ADM) or flat monthly fee per managed resource (ARM) (checked Sep 2026),Monthly by default; longer terms available; free savings analysis offered up front,source-checked,2026-09-08,https://www.prosperops.com/pricing/,,no
finops-tools,Vantage,https://www.vantage.sh/,mid-market,"Engineering-led teams wanting published, flat-rate pricing",Free tier (Starter); Pro $30/mo; Business $200/mo; Enterprise custom (checked Sep 2026),Billed monthly on published tiers; Enterprise is quote-based,source-checked,2026-09-08,https://www.vantage.sh/pricing,,no
fintech-seo-agencies,Bird Marketing,https://bird.marketing/,mid-market,"Banks, payment gateways and investment platforms that want finance search work bought together with web design, hosting and ongoing site support from one supplier",No fee published on the finance SEO page; engagements quoted (checked Sep 2026),Not recorded,source-checked,2026-09-20,,https://bird.marketing/seo/finance/,no
fintech-seo-agencies,CSTMR,https://cstmr.com/,specialist,"Lending, banking, payments and insurance companies that want search run inside one financial services marketing programme rather than as a standalone retainer",No fee published; engagements start with a free consultation call with the agency's chief executive (checked Sep 2026),Not recorded,source-checked,2026-09-20,,https://cstmr.com/financial-marketing-services/,no
fintech-seo-agencies,Editorial.Link,https://editorial.link/,specialist,Fintech teams that already run technical search and content in-house and need editorial backlinks bought at a published per-link price,"Base rate US$375 per backlink; Startup package US$1,750 for five links at US$350 each; Growth package US$6,000 for twenty links at US$300 each; Bespoke quoted (checked Sep 2026)",Priced per link or per package; orders from one link per month are accepted,source-checked,2026-09-20,https://editorial.link/pricing/,https://editorial.link/case/capital-com/,no
fintech-seo-agencies,First Page Sage,https://firstpagesage.com/,mid-market,"Payments, embedded finance and other fintech companies that want thought leadership content and lead tracking with a compliance review step built into production","No agency fee published; its own pricing survey places full-service SEO agencies at US$10,000 to US$15,000 per month without stating the firm's own rate (checked Sep 2026)",Not recorded,source-checked,2026-09-20,https://firstpagesage.com/seo-blog/seo-agency-pricing-survey/,https://firstpagesage.com/fintech-lead-generation-company/,no
fintech-seo-agencies,Garit Boothe Digital,https://garitboothe.com/,specialist,"Fintech companies in business credit, financing, credit repair, payments, wealth tech and tax or bookkeeping software that want an SEO-only supplier with a published starting fee","Fintech SEO stated to start at US$5,000 per month, with most fintech clients described as spending US$5,000 to US$10,000 per month (checked Sep 2026)",Monthly fee; contract length and notice period not published,source-checked,2026-09-20,https://garitboothe.com/fintech-seo-agency,https://garitboothe.com/case-studies,no
fintech-seo-agencies,Mint Position,https://mintposition.co/,specialist,"Business and consumer fintechs in investment, payments, lending, open banking and payroll that want expert-interview content as the main search asset",No rate card published; quoted after a free strategy review (checked Sep 2026),Not recorded,source-checked,2026-09-20,,https://mintposition.co/industries/fintech-seo-agency/,no
fintech-seo-agencies,NinjaPromo,https://ninjapromo.io/,mid-market,"Fintech and crypto companies that want a published hour-block subscription covering search alongside paid media, content, design and development","Starter 40 hours US$4,000 per month; Growth 80 hours US$7,200; Scale 160 hours US$12,800; Enterprise 400+ hours US$20,000 to US$100,000 (checked Sep 2026)","Monthly subscription priced per hour block, with 10 per cent off a six-month term and 20 per cent off a twelve-month term",source-checked,2026-09-20,https://ninjapromo.io/pricing,https://ninjapromo.io/industries/finance/fintech,no
fintech-seo-agencies,SeoProfy,https://seoprofy.com/,mid-market,"Trading platforms, brokers and financial analytics software that need indexation, international and link work at a published package price","Monthly packages published at US$3,000 Basic, US$6,000 Advanced and US$10,000 Enterprise (checked Sep 2026)",Monthly package; contract length and notice period not published,source-checked,2026-09-20,https://seoprofy.com/services/monthly-seo/,https://seoprofy.com/services/finance-seo/,no
fintech-seo-agencies,Vested,https://fullyvested.com/,enterprise,"Fintech brands whose main requirement is media relations, executive communications and brand reputation, with content and search handled inside the same programme",No fee published on the fintech or services pages; engagements quoted (checked Sep 2026),Not recorded,source-checked,2026-09-20,,https://fullyvested.com/who-we-work-with/fintech-brands/,no
fraud-detection-software,Featurespace,https://www.featurespace.com/,enterprise,"Banks, issuers, acquirers and processors that want adaptive behavioural analytics for transaction fraud and scams, deployed on-premises or as a hosted cloud service",Quote-based; no pricing page is published (checked Sep 2026),Not recorded,source-checked,2026-09-19,,https://www.featurespace.com/solutions,no
fraud-detection-software,Feedzai,https://www.feedzai.com/,enterprise,"Banks and payment processors that need real-time transaction fraud detection across every payment channel, with behavioural profiling and optional AML on the same platform",Quote-based; no pricing page is published (checked Sep 2026),Not recorded,source-checked,2026-09-19,,https://www.feedzai.com/solutions/transaction-fraud/,no
fraud-detection-software,Forter,https://www.forter.com/,enterprise,"Large merchants that want one processor-agnostic decision layer for fraud, payment optimisation and AI shopping agents across the customer journey",Quote-based; pricing page is a contact-sales form (checked Sep 2026),Not recorded,source-checked,2026-09-19,https://www.forter.com/pricing/,https://www.forter.com/fraud-management/,no
fraud-detection-software,NICE Actimize,https://www.niceactimize.com/,enterprise,"Banks and credit unions that want enterprise fraud management across payments, scams, mule accounts and new accounts, with a packaged option for smaller institutions",Quote-based; no pricing is published (checked Sep 2026),Not recorded,source-checked,2026-09-19,,https://www.niceactimize.com/xceed/,no
fraud-detection-software,Riskified,https://www.riskified.com/,enterprise,"Enterprise ecommerce merchants, including travel and digital goods sellers, that want guaranteed approval performance with chargeback cover and tools for policy abuse and disputes",Quote-based; Chargeback Guarantee charges only for approved orders (checked Sep 2026),Charged on approved orders,source-checked,2026-09-19,https://www.riskified.com/pricing/,https://www.riskified.com/chargeback-guarantee/,no
fraud-detection-software,Sardine,https://www.sardine.ai/,mid-market,"Fintechs, banks and merchants that need fraud scoring across cards and bank rails such as ACH, RTP and FedNow, alongside AML and identity checks in one platform",Quote-based; no pricing page is published (checked Sep 2026),Not recorded,source-checked,2026-09-19,,https://www.sardine.ai/bank-transactions,no
fraud-detection-software,SEON,https://seon.io/,mid-market,"Online businesses, fintechs and gaming operators that want API-first fraud checks with a published entry plan, and the option to add AML compliance later","Starter $699 a month with 2,500 fraud checks, 10 users and 50 custom rules; Premium custom (checked Sep 2026)",Per month,source-checked,2026-09-19,https://seon.io/pricing/,,no
fraud-detection-software,Sift,https://sift.com/,mid-market,"Digital businesses and marketplaces with in-house fraud analysts that want explainable risk scores, configurable workflows and coverage of payment fraud plus account takeover",Quote-based; no pricing page is published (checked Sep 2026),Not recorded,source-checked,2026-09-19,,https://sift.com/platform/payment-protection/,no
fraud-detection-software,Signifyd,https://www.signifyd.com/,mid-market,Ecommerce merchants that want approved orders backed by a financial guarantee against fraud chargebacks and prefer a fee tied to approved order value,Percentage of the order total on approved orders; no charge when an order is declined for fraud; rate set by quote (checked Sep 2026),Charged per approved order,source-checked,2026-09-19,https://www.signifyd.com/pricing/,https://www.signifyd.com/guaranteed-fraud-protection/,no
fraud-detection-software,Stripe Radar,https://stripe.com/radar,mid-market,"Businesses already taking card payments on Stripe that want transaction fraud screening without a separate integration, with an enterprise option for non-Stripe payments","Radar Lite included on standard Stripe payments pricing; Standard from $10, Plus from $14, Pro from $20 a month, or pay as you go; platform tiers from $20, $44 and $70 a month; enterprise custom (checked Sep 2026)",Monthly subscription or pay as you go,source-checked,2026-09-19,https://stripe.com/radar/pricing,https://docs.stripe.com/radar/how-radar-works,no
grc-software,Drata,https://drata.com/,mid-market,Compliance automation teams scaling into enterprise GRC,Quote-based (checked Sep 2026),Not recorded,source-checked,2026-09-11,,https://drata.com/,no
grc-software,Hyperproof,https://hyperproof.io/,mid-market,Compliance operations across many overlapping frameworks,Quote-based (checked Sep 2026),Not recorded,source-checked,2026-09-11,https://hyperproof.io/pricing/,https://hyperproof.io/,no
grc-software,LogicGate Risk Cloud,https://www.logicgate.ai/,enterprise,Configurable risk workflows without developer effort,"Quote-based; priced by applications purchased and Power User count, no figures published (checked Sep 2026)",Not disclosed; customized demo required for a quote,source-checked,2026-09-08,https://www.logicgate.ai/pricing/,,no
grc-software,OneTrust,https://www.onetrust.com/,enterprise,"Privacy, consent and AI governance obligations at scale","Quote-based; priced per solution line on usage meters (admin users, visitors, data subject profiles, asset inventory) rather than flat tiers (checked Sep 2026)",Not disclosed; personalized quote via sales call,source-checked,2026-09-08,https://www.onetrust.com/pricing/,,no
grc-software,Optro (formerly AuditBoard),https://optro.ai/,enterprise,Internal audit and SOX teams in large enterprises,Quote-based; no tier names or figures published (checked Sep 2026),Not disclosed; pricing request or demo required,source-checked,2026-09-08,https://optro.ai/pricing,,no
grc-software,Scytale,https://scytale.ai/,smb,Startups needing audit readiness with expert guidance,"Quote-based; packages named Build Starter, Build DFY, Build Stronger, Scale and Enterprise, no figures published (checked Sep 2026)",Not disclosed; demo required,source-checked,2026-09-08,https://scytale.ai/pricing/,,no
grc-software,Secureframe,https://secureframe.com/,smb,First certifications and CMMC work for defence suppliers,"Quote-based; three named tiers (Fundamentals, Complete, Defense), no figures published (checked Sep 2026)",Not disclosed; requires direct contact,source-checked,2026-09-08,https://secureframe.com/pricing,,no
grc-software,ServiceNow,https://www.servicenow.com/products/integrated-risk-management.html,enterprise,Enterprises already running ServiceNow that want risk and compliance on the same platform as IT and security operations,"Quote-based; no tiers, usage meters or figures published anywhere on the product pages (checked Sep 2026)",Not disclosed; requires direct sales contact,source-checked,2026-09-24,,https://www.servicenow.com/products/governance-risk-and-compliance.html,no
grc-software,SimpleRisk,https://www.simplerisk.com/,open-source,Self-hosted GRC without per-seat licensing,"Free open-source Core tier; Starter package and Extras from $5,000/yr, Premium Extras $10,000/yr each (checked Sep 2026)",Billed annually,source-checked,2026-09-08,https://www.simplerisk.com/pricing,,no
grc-software,VComply,https://www.v-comply.com/,mid-market,Regulated mid-market teams replacing compliance spreadsheets,"Pro suite modules from $1,000/mo; Starter and Enterprise remain custom-quoted (checked Sep 2026)",Billed annually; 12-month minimum contract,source-checked,2026-09-08,https://www.v-comply.com/pricing/,,no
gst-compliance-software,BUSY,https://busy.in/,smb,"Traders, distributors and manufacturers that want on-premise billing and inventory with GST return upload and reconciliation, because BUSY documents both in its Standard plan","Express free. Basic INR 11,000 (non-GST). Standard INR 16,500 (billing, accounting and complete GST). Enterprise INR 22,000 (multi-branch). The page does not state the licence term (checked Sep 2026)",Not recorded,source-checked,2026-09-22,https://busy.in/pricing/,,no
gst-compliance-software,ClearTax GST (Clear),https://cleartax.in/s/gst-enterprise-software,enterprise,"Large enterprises with many GSTINs under one PAN, because Clear documents PAN-level reconciliation, ERP integration and an optional managed filing service",Quote-based: the enterprise GST pages publish no rate card and route enquiries to a contact form (checked Sep 2026),Not recorded,source-checked,2026-09-22,,https://cleartax.in/enterprise,no
gst-compliance-software,Cygnet Tax,https://www.cygnet.one/products/cygnet-tax/gst-compliance/,enterprise,"Enterprises that want audit-ready ledger reconciliation as well as return filing, because Cygnet documents a six-way reconciliation of the general ledger against sales, purchases and GST returns","Quote-based: no rate card was found on the Cygnet Tax product pages, which route enquiries to a demo request (checked Sep 2026)",Not recorded,source-checked,2026-09-22,,https://www.cygnet.one/products/cygnet-tax/,no
gst-compliance-software,Gen GST (SAG Infotech),https://saginfotech.com/gst-software.aspx,smb,"Chartered accountants and tax practitioners who file for many clients, because Gen GST documents unlimited return filing for unlimited clients at a fixed annual price","Desktop: INR 5,000 installation and INR 2,000 a year for updates. Online GST e-filing: INR 10,000 installation and INR 5,000 a year for updates; Online All In One GST: INR 15,000 and INR 7,000 a year. Prices exclude taxes (checked Sep 2026)",One-time installation fee plus an annual updation fee,source-checked,2026-09-22,https://blog.saginfotech.com/new-price-list-sag-infotech-software-tax-practitioners,,no
gst-compliance-software,Masters India,https://www.mastersindia.co/gst-software/,mid-market,"Mid-sized and large companies and software developers that want GST filing through a GSP with its own API, because Masters India documents both a filing application and developer APIs","Quote-based: no rate card was found on the GST software page, which directs buyers to plans after sign-up and to a callback request (checked Sep 2026)",Not recorded,source-checked,2026-09-22,,https://www.mastersindia.co/goods-and-services-tax-gst-api/,no
gst-compliance-software,Sovos India (IRIS Sapphire),https://irisgst.com/irissapphire/,enterprise,"Groups that need Indian GST filing and compliance in other countries from one vendor, because the former IRIS GST suite now sits inside the Sovos compliance platform",Quote-based: the Sovos India pages route enquiries to a Book a Call request and publish no rate card (checked Sep 2026),Not recorded,source-checked,2026-09-22,,https://irisgst.com/,no
gst-compliance-software,TallyPrime,https://tallysolutions.com/buy-tally/,smb,"Small and mid-sized businesses that want GST returns generated from the same books they use for accounting and inventory, because every TallyPrime plan includes GST, e-invoicing and e-way bills","Silver (single PC): INR 22,500 lifetime or INR 750 a month rental. Gold (multi-user): INR 67,500 lifetime or INR 2,250 a month. 12-month rental INR 8,100 Silver, INR 24,300 Gold. All plus 18% GST (checked Sep 2026)","Lifetime licence or monthly, 3-month or 12-month rental; lifetime includes 1 year of TSS",source-checked,2026-09-22,https://tallysolutions.com/buy-tally/,https://tallysolutions.com/business-guides/tallyprime-total-cost-of-ownership-india/,no
gst-compliance-software,Zoho Books,https://www.zoho.com/in/books/,smb,"Small businesses and start-ups that want cloud accounting with GST filing, because Zoho Books includes GST reports and filing from its free plan upward","Free plan for 1 user plus 1 accountant. Standard INR 749, Professional INR 1,499, Premium INR 2,999 and Elite INR 4,999 per organisation per month, billed annually. Extra location with 1 GSTIN: INR 600 a month (checked Sep 2026)","Per organisation per month, billed annually",source-checked,2026-09-22,https://www.zoho.com/in/books/pricing/,,no
gst-filing-software-india,ClearTax GST (Clear),https://cleartax.in/s/gst-software,enterprise,"Finance teams that file across many GSTINs and want general ledger data pulled from an ERP rather than uploaded, because Clear documents GL-Stream ingestion alongside SAP and Microsoft integrations","Clear publishes no price on the GST software page. The page routes to a demo request and a sign-up flow instead. Plan names, per-GSTIN rates and billing periods are absent. Budgeting therefore starts with a sales conversation, and the figures a buyer receives cannot be checked against a published rate card (checked Sep 2026)",Not recorded,source-checked,2026-09-23,,https://cleartax.in/s/gst-returns,no
gst-filing-software-india,Express GST (KDK Softwares),https://www.expressgst.com/,specialist,"Chartered accountant offices that file for clients holding registrations in several states and want one PAN-level view of filing status, reconciliation and notices, as KDK Softwares documents for Express GST","KDK Softwares publishes no price for Express GST. The site offers a free trial through a Try Now flow and a Switch for Free route from other software, then directs buyers to telephone and to sales at kdksoftware.com. No plan names, per-GSTIN rates or billing periods appear anywhere on the product pages (checked Sep 2026)",Not recorded,source-checked,2026-09-23,,https://www.expressgst.com/features-of-expressgst/,no
gst-filing-software-india,Gen GST (SAG Infotech),https://saginfotech.com/gst-software.aspx,specialist,"Tax practitioners and accountants who file for a large and growing client list and want a per-seat licence with no cap on registrations, because SAG Infotech states unlimited GSTIN registrations on both desktop editions","Four editions are published. Desktop e-filing: ₹5,000 installation and ₹2,000 a year updation, unlimited GSTIN registrations. Desktop all-in-one: ₹10,000 installation and ₹4,000 a year updation, unlimited GSTIN registrations. Online e-filing: ₹10,000 installation and ₹5,000 a year updation. Online all-in-one: ₹15,000 installation and ₹7,000 a year updation. The site states that every price excludes all applicable taxes (checked Sep 2026)",One-time installation charge per edition plus an annual updation charge; all prices exclude applicable taxes,source-checked,2026-09-23,https://saginfotech.com/PriceCalculator.aspx,https://saginfotech.com/faq-gst-software.aspx,no
gst-filing-software-india,GSTZen,https://www.gstzen.in/,specialist,"Chartered accountant practices and GST consultants managing a fixed block of client registrations that want batch filing and per-GSTIN user permissions, as CloudZen documents in the GSTZen tax practitioner plans","Practitioner packages are named Basic at 25 GSTINs and Performance at 50 GSTINs, with an Enterprise option above 50 handled by telephone. The plan figures render client-side and did not appear in the served page, so they are not recorded here. Published limits and rates that do appear: 2,000 documents per GSTIN per month, prices exclusive of GST, and pay-as-you-go rates of ₹5 per API call, ₹5 per 100 records transferred after the first 50 free, ₹25 per JSON to XLS conversion up to 500 records, and a free GSTIN validator (checked Sep 2026)","Package by GSTIN count, or prepaid pay-as-you-go per API call and per conversion; prices exclusive of GST",source-checked,2026-09-23,https://www.gstzen.in/pricing-tax-practitioner/,,no
gst-filing-software-india,Marg ERP 9+,https://margcompusoft.com/gst_software.html,smb,"Distributors, retailers and pharmacy businesses that already run billing and inventory in Marg and want GST returns generated from those vouchers, and the accountants who file for them, as Marg documents for Marg GST Software for CA","Marg publishes an India and South Asia rate card. Marg ERP Nano is ₹5,550 and allows 450 bills a month with a monthly billing amount of ₹1,50,000, charging ₹5 per extra bill through a wallet. Basic Edition is ₹10,300 for 1 user with full rights, a maximum of 2 users, at ₹3,000 per extra user. Silver Edition is ₹13,900 for 1 full user plus 1 view-only user, again ₹3,000 per extra user. Gold Edition is ₹26,000 with unlimited users. Every figure carries 18 percent GST extra (checked Sep 2026)","Per-edition licence with 18 percent GST extra; additional users at ₹3,000 each; Nano metered at 450 bills a month with ₹5 per extra bill",source-checked,2026-09-23,https://margcompusoft.com/gst_software.html,,no
gst-filing-software-india,Octa GST,https://www.octagst.com/,mid-market,"Businesses with a single GSTIN and moderate invoice volume that want a GST Suvidha Provider platform at a price they can read before contacting anyone, as Blowbits Solutions publishes for the Octa GST Standard plan","Standard is ₹25,000 a year and covers 1 GSTIN, 3,000 sales invoices a year and 3,000 purchase invoices a year, with basic compliance, standard reports, Excel and CSV imports, shared cloud resources and fewer than 5 GSTINs. Premium is quoted and adds multiple PANs and GSTINs, e-invoicing, e-way bills, SEZ, input service distributor and TDS compliance, ERP connectors, API integration and dedicated cloud resources (checked Sep 2026)",Annual subscription for Standard; Premium quoted,source-checked,2026-09-23,https://www.octagst.com/pricing/,,no
gst-filing-software-india,Saral GST (Relyon Softech),https://saral.pro/gst-software,smb,"Businesses and practices that need the less common GST forms alongside the monthly cycle, because Relyon documents GSTR-7 for deductors, CMP-08 and GSTR-4 for composition dealers and ITC-04 for job work in Saral GST","Relyon publishes no price on the Saral GST product page. The page routes to a demo request, a sign-up and a support contact. Relyon runs a separate buy route from its corporate site, but no figure, plan name or billing period for Saral GST appears on the product page itself (checked Sep 2026)",Not recorded,source-checked,2026-09-23,,https://saral.pro/saral-gst,no
gst-filing-software-india,TallyPrime,https://tallysolutions.com/buy-tally/,smb,"Small and mid-sized businesses that keep accounts and inventory in Tally and want GSTR-1 uploaded and GSTR-3B prepared from the same vouchers, because every TallyPrime plan includes GST compliance, e-invoicing and e-way bills","Silver, for a single user: ₹750 for 1 month, ₹2,250 for 3 months discounted to ₹2,138, ₹9,000 for 12 months discounted to ₹8,100, or ₹22,500 for a lifetime licence. Gold, for multiple users: ₹2,250 for 1 month, ₹6,750 for 3 months discounted to ₹6,413, ₹27,000 for 12 months discounted to ₹24,300, or ₹67,500 for a lifetime licence. Every figure carries 18 percent GST extra. Gold plans include Tally Software Services and free expert assistance (checked Sep 2026)","Lifetime licence or 1-month, 3-month and 12-month rental; 18 percent GST extra; Tally Software Services included with Gold",source-checked,2026-09-23,https://tallysolutions.com/buy-tally/,https://tallysolutions.com/business-guides/tallyprime-total-cost-of-ownership-india/,no
gst-filing-software-india,Webtel Web-e-GST,https://webtel.in/gst-filing-software,mid-market,"Businesses that already buy TDS, e-invoicing or e-way bill software from one Indian compliance vendor and want GST return filing on the same account, as Webtel documents across Web-e-GST and Web-GST Premium",Webtel publishes no price for Web-e-GST or Web-GST Premium. Every path on the GST filing page leads to a call-back form that asks which product the enquirer wants. No plan names or rate card are published (checked Sep 2026),Not recorded,source-checked,2026-09-23,,https://webtel.in/softwareUpdate/webgst,no
gst-filing-software-india,Winman GST,https://www.winmansoftware.com/products/gst,smb,"Chartered accountant practices that already run Winman CA-ERP for income tax or Winman TDS and want GST return preparation inside the same vendor toolset, as Winman documents across its three products","No rate card appears in the published source of the Winman product or buy pages. The buy page offers a purchase flow and a free trial rather than a stated figure, and no plan names, user counts or licence periods are published in the page as served. A buyer has to start the purchase flow or contact the vendor to learn the price (checked Sep 2026)",Not recorded,source-checked,2026-09-23,,https://www.winmansoftware.com/buy/,no
hr-software,BambooHR,https://www.bamboohr.com/,smb,US small and mid-sized businesses buying a first HRIS,From $10/user/mo for 26+ employees; flat from $250/mo for 25 or fewer (checked Sep 2026),Not recorded,source-checked,2026-09-11,https://www.bamboohr.com/pricing/,https://www.bamboohr.com/,no
hr-software,Deel HR,https://www.deel.com/hr/,mid-market,Global teams combining HRIS with EOR and contractor payments,From $5/user/mo (checked Sep 2026),Not recorded,source-checked,2026-09-11,https://www.deel.com/pricing,https://www.deel.com/hr/,no
hr-software,Factorial,https://factorialhr.com/,smb,"European SMBs wanting HR, finance and IT modules together",From $8/user/mo (checked Sep 2026),Not recorded,source-checked,2026-09-11,https://factorialhr.com/pricing,https://factorialhr.com/,no
hr-software,greytHR,https://www.greythr.com/,smb,Indian SMBs needing statutory payroll and compliance,"From ₹2,495/mo for up to 50 employees (checked Sep 2026)",Not recorded,source-checked,2026-09-11,https://www.greythr.com/pricing/,https://www.greythr.com/,no
hr-software,HiBob,https://www.hibob.com/,mid-market,Mid-market people teams prioritising culture and engagement,Quote-based (checked Sep 2026),Not recorded,source-checked,2026-09-11,https://www.hibob.com/pricing/,https://www.hibob.com/,no
hr-software,Keka,https://www.keka.com/,mid-market,Indian mid-market firms wanting payroll plus talent tooling,Quote-based; free trial (checked Sep 2026),Not recorded,source-checked,2026-09-11,https://www.keka.com/pricing,https://www.keka.com/,no
hr-software,Rippling,https://www.rippling.com/,mid-market,"Companies unifying HR, IT and finance on one record",Quote-based (checked Sep 2026),Not recorded,source-checked,2026-09-11,https://www.rippling.com/pricing,https://www.rippling.com/,no
hr-software,Workday HCM,https://www.workday.com/en-us/products/human-capital-management/overview.html,enterprise,Large enterprises needing one HCM and finance data core,Quote-based (checked Sep 2026),Not recorded,source-checked,2026-09-11,,https://www.workday.com/en-us/products/human-capital-management/overview.html,no
hr-software,Zimyo,https://www.zimyo.com/,mid-market,Indian mid-sized companies needing modular HR and payroll,"From ₹80/user/mo, 50-user minimum (checked Sep 2026)",Not recorded,source-checked,2026-09-11,https://www.zimyo.com/pricing,https://www.zimyo.com/,no
hr-software,Zoho People,https://www.zoho.com/people/,smb,Cost-sensitive teams already using the Zoho ecosystem,"Free tier for up to 5 users; paid from ₹48/user/mo billed annually (₹60/user/mo monthly), shown in INR from this session (checked Sep 2026)",billed annually,source-checked,2026-09-11,https://www.zoho.com/people/zohopeople-pricing.html,https://www.zoho.com/people/,no
hrms-software,ADP Workforce Now,https://www.adp.com/what-we-offer/products/adp-workforce-now.aspx,mid-market,"Mid-sized US employers wanting an established bureau behind HR, time and benefits",Quote-based (checked Sep 2026),Not recorded,source-checked,2026-09-11,,https://www.adp.com/what-we-offer/products/adp-workforce-now.aspx,no
hrms-software,BambooHR,https://www.bamboohr.com/pricing/,smb,US small and mid-sized businesses wanting a fast-to-deploy employee system of record,From $10/employee/mo (checked Sep 2026),Not recorded,source-checked,2026-09-11,https://www.bamboohr.com/pricing/,https://www.bamboohr.com/pricing/,no
hrms-software,Darwinbox,https://darwinbox.com/,enterprise,Fast-growing enterprises in Asia-Pacific and the Middle East wanting an AI-native HCM,Quote-based (checked Sep 2026),Not recorded,source-checked,2026-09-11,,https://darwinbox.com/,no
hrms-software,Namely,https://namely.com/lp/pricing/,mid-market,"US mid-market companies wanting configurable HR, payroll and benefits bundles",From $9/employee/mo for NamelyNow (checked Sep 2026),Not recorded,source-checked,2026-09-11,https://namely.com/lp/pricing/,https://namely.com/lp/pricing/,no
hrms-software,Oracle Fusion Cloud HCM,https://www.oracle.com/human-capital-management/,enterprise,Enterprises already running Oracle ERP that want HR on the same cloud platform,Quote-based (checked Sep 2026),Not recorded,source-checked,2026-09-11,,https://www.oracle.com/human-capital-management/,no
hrms-software,Paycor,https://www.paycor.com/plans-pricing/small-business/,smb,Small US businesses under 50 employees wanting published HR and payroll bundles,"From $99/mo plus $5/employee/mo for Basic, under 50 employees (checked Sep 2026)",Not recorded,source-checked,2026-09-11,https://www.paycor.com/plans-pricing/small-business/,https://www.paycor.com/plans-pricing/small-business/,no
hrms-software,Personio,https://www.personio.com/pricing/,mid-market,European mid-market companies needing multi-entity HR with preliminary payroll,From €7.60/employee/mo (checked Sep 2026),Not recorded,source-checked,2026-09-11,https://www.personio.com/pricing/,https://www.personio.com/pricing/,no
hrms-software,SAP SuccessFactors,https://www.sap.com/products/hcm.html,enterprise,SAP-centric enterprises standardizing HR and payroll on one AI-driven suite,Quote-based (checked Sep 2026),Not recorded,source-checked,2026-09-11,,https://www.sap.com/products/hcm.html,no
hrms-software,UKG Pro,https://www.ukg.com/products/ukg-pro,enterprise,"Complex, compliance-heavy workforces needing HR paired with deep scheduling",No list price on reviewed page (checked Sep 2026),Not recorded,source-checked,2026-09-11,,https://www.ukg.com/products/ukg-pro,no
hrms-software,Workday HCM,https://www.workday.com/en-us/products/human-capital-management/overview.html,enterprise,Large multinational enterprises consolidating HR and finance on one data core,Quote-based (checked Sep 2026),Not recorded,source-checked,2026-09-11,,https://www.workday.com/en-us/products/human-capital-management/overview.html,no
influencer-marketing-platforms,Aspire,https://www.aspire.io/,mid-market,"Ecommerce and Shopify brands running ambassador, affiliate and gifting programmes that want an inbound creator marketplace alongside outbound search","Quote-based. The site offers demo booking only, and the former pricing page returned a 404 when checked; no plan names or prices are published (checked Sep 2026)",Not published; quoted per customer,source-checked,2026-09-22,,https://help.aspireiq.com/en/articles/5834954-how-to-source-creators-with-aspire,no
influencer-marketing-platforms,Brandwatch Influence,https://www.brandwatch.com/products/influence/,enterprise,"Agencies and brands that want influencer discovery, relationship management and campaign reporting from a vendor that also sells social listening and social media management","Quote-based. The pricing page states that standard to enterprise plans are available for each solution, including Influencer Marketing, and routes buyers to a demo; no figures are published (checked Sep 2026)",Not published; standard and enterprise plans quoted,source-checked,2026-09-22,https://www.brandwatch.com/pricing/,https://support.brandwatch.com/,no
influencer-marketing-platforms,Collabstr,https://collabstr.com/,smb,Small brands that want to hire creators for individual content orders or run occasional campaigns through a marketplace with escrow payments and published fees,"Free plan with a 10% hiring fee added to creator orders. Pro $249 per month billed annually, with one campaign per month. Premium $333 per month billed annually, with unlimited campaigns and a 5% hiring fee. Enterprise and agency plans are custom (checked Sep 2026)","Annual or monthly billing; annual prices shown, with two months free on annual",source-checked,2026-09-22,https://collabstr.com/pricing,https://collabstr.com/help,no
influencer-marketing-platforms,CreatorIQ,https://www.creatoriq.com/,enterprise,"Global brands and agencies that need creator programmes run across many markets and teams with brand safety screening, governance controls and enterprise integrations",Quote-based. The pricing page is a request form that routes buyers to a call with a platform specialist to discuss packages; no plan names or figures are published (checked Sep 2026),Not published; quoted per package,source-checked,2026-09-22,https://www.creatoriq.com/pricing,https://support.creatoriq.com/,no
influencer-marketing-platforms,GRIN,https://grin.co/,mid-market,"Ecommerce brands that want an AI agent to handle creator sourcing, outreach, gifting and reporting on top of a creator CRM with built-in affiliate links and codes","Free plan with 200 monthly credits. Starter $200 per month with 2,000 credits. Growth $500 per month with 7,500 credits and GRIN Classic for up to 100 active creators. Scale $1,000 per month with 20,000 credits and up to 250 active creators. Complete $1,500 per month with 30,000 credits and up to 500 active creators (checked Sep 2026)","Monthly plans priced by AI credits, not per seat; metered overage on paid plans up to a brand-set monthly cap",source-checked,2026-09-22,https://grin.co/pricing/,https://help.grin.co/,no
influencer-marketing-platforms,HypeAuditor,https://hypeauditor.com/,mid-market,"Brands and agencies that prioritise audience quality checks, fraud detection and competitor analysis when vetting creators on Instagram, YouTube, TikTok, X and Twitch","Paid plans are quote-based through a demo request. A free entry option includes media plans, campaign management and demo versions of other features; no paid figures are published (checked Sep 2026)",Not published; quoted after demo,source-checked,2026-09-22,https://hypeauditor.com/pricing/,https://help.hypeauditor.com/,no
influencer-marketing-platforms,impact.com Creator,https://impact.com/creator/,enterprise,"Brands that already run or plan an affiliate programme and want influencer partnerships measured with the same tracking, contracts and payout logic",Quote-based. The pricing page routes brands and agencies to a sign-up and sales process with no figures. The creator page states that creator capabilities are built into the impact.com Performance Platform at no additional SaaS cost (checked Sep 2026),Not published; creator features included in the Performance Platform subscription,source-checked,2026-09-22,https://impact.com/pricing/,https://help.impact.com/,no
influencer-marketing-platforms,Modash,https://www.modash.io/,smb,"In-house teams at Shopify brands that want creator discovery, relationship management, content tracking, gifting, affiliates and payments in one tool with published prices","Essentials from $199 per month billed yearly ($2,388 per year) or $299 billed monthly, with 2 team members and 100 tracked creators. Performance from $5,988 per year with 5 team members and 250 tracked creators. Enterprise from $14,700 per year, customisable (checked Sep 2026)",Monthly or yearly on Essentials; yearly figures shown for Performance and Enterprise,source-checked,2026-09-22,https://www.modash.io/pricing,https://help.modash.io/,no
influencer-marketing-platforms,Traackr,https://www.traackr.com/,enterprise,"Multi-brand and multi-region consumer companies, notably in beauty, that want creator performance benchmarked across markets to guide budget allocation",Quote-based. The pricing page is a request form for a call with a platform specialist about pricing and packages; no figures are published (checked Sep 2026),Not published; quoted per package,source-checked,2026-09-22,https://www.traackr.com/pricing,,no
influencer-marketing-platforms,Upfluence,https://www.upfluence.com/,mid-market,"Ecommerce brands and agencies that want creator search, outreach, affiliate tracking and creator payments connected to Shopify, WooCommerce, Magento, BigCommerce or Amazon","Custom-quoted and modular. The pricing page describes three packages, Find Creators, Scale Programs and Auto-pilot, each adding features to the previous one, and publishes no figures (checked Sep 2026)",Not published; quoted per module combination,source-checked,2026-09-22,https://www.upfluence.com/pricing,https://help.upfluence.com/,no
interactive-demo-software,Arcade,https://www.arcade.software/,smb,"Marketing, product and enablement teams that want quick screen-captured demos plus AI-generated videos and visuals from the same product capture","Free plan with one published demo and one published video. Growth at $50 per month, or $42.50 on yearly billing (15% less), with additional seats at $150 per month. Enterprise is custom. The vendor states it discounts Growth for companies before Series A (checked Sep 2026)",Per month; monthly or yearly billing,source-checked,2026-09-22,https://www.arcade.software/pricing,,no
interactive-demo-software,Consensus,https://www.goconsensus.com/,enterprise,Presales and sales organisations that send personalised video demos and product tours to buying committees and want stakeholder-level engagement data,"Starter from $600 per month billed annually, with five users. Pro from $1,250 per month billed annually, with ten users. Enterprise is custom and adds simulations, SSO and a channel partner portal (checked Sep 2026)","Per month, billed annually",source-checked,2026-09-22,https://www.goconsensus.com/pricing,,no
interactive-demo-software,Demostack,https://www.demostack.com/,enterprise,"Large GTM organisations that need high-fidelity product clones with editable data and governance for live demos, sandboxes and guided tours",Quote-based. The pricing page states that plans do not place features behind add-on pricing but publishes no figures (checked Sep 2026),Not recorded,source-checked,2026-09-22,https://www.demostack.com/pricing,,no
interactive-demo-software,Guideflow,https://www.guideflow.com/,mid-market,"Teams that want published monthly and yearly prices across screenshot, HTML, mobile and cloned live demos, from a solo plan to a demo centre","Free with five guideflows. On monthly billing, Solo is $40 per month plus $35 per additional user, Startup $599 per month with ten members plus $50 per additional user, and Advanced $1,799 per month. A higher tier starts from $3,499 per month. Yearly billing shows Solo at $35, Startup at $499, Advanced at $1,499 and the top tier from $2,999 (checked Sep 2026)",Per month; monthly or yearly billing,source-checked,2026-09-22,https://www.guideflow.com/pricing,,no
interactive-demo-software,Navattic,https://www.navattic.com/,mid-market,"Marketing and GTM teams that share HTML-captured interactive demos across websites and campaigns, and sales teams that send demos before and after calls","Starter is free with one seat and one demo. Startup (one seat, for companies of 30 or fewer employees that are bootstrapped or seed-funded), Base (five seats) and Growth are marked billed annually, and the checked page showed no dollar figure for them. Enterprise uses custom seats. Paid tiers are effectively quote-based (checked Sep 2026)",Billed annually on paid tiers; quote-based,source-checked,2026-09-22,https://www.navattic.com/pricing,,no
interactive-demo-software,Reprise,https://www.getreprise.com/,enterprise,"Enterprise software vendors with complex products that need cloned demo environments, governed demo libraries and data injection for solutions engineering teams","Quote-based. The pricing page describes a single annual platform fee combined with per-user licenses, and publishes no figures (checked Sep 2026)",Annual platform fee plus per-user licenses; quote-based,source-checked,2026-09-22,https://www.getreprise.com/pricing,,no
interactive-demo-software,Storylane,https://www.storylane.io/,mid-market,"Marketing and sales teams that want self-serve plans for guided demos, with HTML editing, sandbox demos and demo hubs available on higher tiers","Free plan with one published demo. On monthly billing, Starter is $50 per month for one seat plus $40 per additional seat, Growth $625 per month with five seats plus $100 per additional seat, and Premium $1,500 per month with ten seats. Yearly billing is shown at 20% less, for example Starter at $40 and Growth at $500. Enterprise is custom priced (checked Sep 2026)",Per month with bundled seats; monthly or yearly billing,source-checked,2026-09-22,https://www.storylane.io/pricing,,no
interactive-demo-software,Supademo,https://supademo.com/,smb,"Teams of any size that want per-creator pricing, a free tier and unlimited viewers, with HTML and sandbox demos from the Growth plan","Free for one creator with five guided demos. Scale at $50 per creator per month, or $38 billed annually. Growth at $450 per month, or $350 billed annually, with five creators bundled and $50 per additional creator. Enterprise is custom and starts at ten creators. An AI Demo Agent add-on is usage-based at about $0.50 to $0.80 per qualified demo (checked Sep 2026)",Per creator seat per month; monthly or annual billing,source-checked,2026-09-22,https://supademo.com/pricing,,no
interactive-demo-software,Tourial,https://www.tourial.com/,specialist,"Demand generation and marketing teams that package existing content and product screens into short micro tours for websites, email, social and chat","Quote-based. The pricing page lists Engage, with five seats and three tour centres, and Scale, with uncapped seats and unlimited tour centres, but shows no figures. Premium SSO is an add-on on Scale (checked Sep 2026)",Not recorded,source-checked,2026-09-22,https://www.tourial.com/pricing,,no
interactive-demo-software,Walnut,https://www.walnut.io/,mid-market,"Sales and marketing teams that want AI-generated demos personalised per buyer, with sandbox demos, visitor identification and deal rooms on higher tiers","Ignite at $575 per month billed annually, with three editor seats, three presenter seats and 50,000 AI credits. Accelerate at $1,550 per month billed annually, with six editor and six presenter seats and 100,000 AI credits. Scale is custom priced with 200,000 AI credits (checked Sep 2026)","Per month, billed annually",source-checked,2026-09-22,https://www.walnut.io/pricing,,no
internal-audit-management-software,AuditFindings,https://www.auditfindings.com/,smb,"Audit and compliance teams that need to assign owners and deadlines to audit findings, collect remediation evidence and report status, without a full audit management suite, as AuditFindings documents for its issue tracking software","AuditFindings' pricing page lists Starter at $299 per month with up to 10 active users, 5GB of storage and core issue tracking; Professional at $399 per month with up to 25 active users, 25GB of storage, a custom report builder and advanced audit management tools; and Enterprise at $749 per month with a dedicated cloud instance, unlimited users, 25GB or more of storage and priority support. Assignees are unlimited on every plan and do not count as users, and each plan offers a free trial (checked Sep 2026)",Monthly plan price,source-checked,2026-09-25,https://www.auditfindings.com/pricing,,no
internal-audit-management-software,Diligent Audit Management,https://www.diligent.com/products/internal-audit,enterprise,"Internal audit teams that want risk-based audit planning, offline fieldwork, issue tracking and board reporting together with built-in data analytics and AI agents, as Diligent documents for Diligent Audit Management","Diligent's AWS Marketplace listing prices three 12-month contract packages: Audit Management Essentials at $53,600, Pro at $83,600 and Pro Plus at $113,600. The listing does not define what each package includes and states a no-refunds policy. Diligent's own site does not publish prices (checked Sep 2026)",12-month package contract (AWS Marketplace),source-checked,2026-09-25,https://aws.amazon.com/marketplace/pp/prodview-7m5huisovbuis,,no
internal-audit-management-software,Ideagen Internal Audit,https://www.ideagen.com/products/ideagen-internal-audit,mid-market,"Internal audit departments working within complex regulatory frameworks that want a consistent risk-based methodology with unlimited audits and real-time dashboards, as Ideagen documents for Ideagen Internal Audit",No published figure. Ideagen's product page offers a demo request and does not list prices; licences are quoted (checked Sep 2026),Not recorded,source-checked,2026-09-25,,https://www.ideagen.com/products/pentana-audit,no
internal-audit-management-software,Optro (formerly AuditBoard),https://www.optro.ai/product/operational-audit,enterprise,"Enterprise internal audit teams that want risk-aligned audit planning, AI-assisted fieldwork and continuous auditing on the same platform as their controls, risk and compliance programs, as Optro documents for its internal audit product","No published figure. Optro's pricing page describes flexible plans chosen to match business needs, unlimited stakeholder licences with no fees for additional collaborators, and separately offered implementation services, and asks buyers to request pricing (checked Sep 2026)",Not recorded,source-checked,2026-09-25,https://www.optro.ai/pricing,,no
internal-audit-management-software,Resolver Internal Audit Management,https://www.resolver.com/grc-software/internal-audit-management/,mid-market,"Internal audit teams that want risk-based audit plans, templates built on IIA performance standards and a portal through which business units supply evidence, as Resolver documents for its Internal Audit Management application",No published figure. Resolver's product page offers a demo request and does not list prices; the application is quoted (checked Sep 2026),Not recorded,source-checked,2026-09-25,,https://resolver.knowledgeowl.com/help/internal-audit-management-overview,no
internal-audit-management-software,SAI360 Internal Audit,https://www.sai360.com/solutions/audit-management,enterprise,"Internal audit teams that want risk-based scoping, configurable workpapers, AI-assisted evidence review and findings tracking connected to a wider GRC and ethics platform, as SAI360 documents for its internal audit management software","No published figure. SAI360's internal audit page states that pricing is customised based on the organisation's size, users and feature requirements, and asks buyers to contact the company for a tailored quote (checked Sep 2026)",Not recorded,source-checked,2026-09-25,,https://www.sai360.com/solutions/audit-management,no
internal-audit-management-software,SAP Audit Management,https://www.sap.com/products/financial-management/audit-management.html,enterprise,"Organisations running SAP that want internal audit planning, electronic working papers, issue tracking and reporting integrated with SAP's risk and control applications, as SAP documents for SAP Audit Management",No published figure. SAP's product page includes a pricing section with no figures and directs buyers to contact SAP; licences are quoted (checked Sep 2026),Not recorded,source-checked,2026-09-25,,https://www.sap.com/products/financial-management/audit-management.html,no
internal-audit-management-software,Sono Audit,https://www.sonosoftware.com/,smb,"Internal audit teams that want audit planning, evidence, testing, findings and corrective action tracking at a published per-user price, with the option to add SONO's governance and strategy systems, as SONO Software documents for Sono Audit","SONO Software lists Sono Audit at $10 per user per month billed monthly, or $100 per user per year billed annually; taxes, additional services and scope changes may apply. Its AWS Marketplace listing, under the name SONID, prices the Standard Plan at $10 per user per month and offers 1-month or 12-month contracts, with the 12-month term saving up to 17% (checked Sep 2026)","Per user, monthly or annual",source-checked,2026-09-25,https://www.sonosoftware.com/,https://aws.amazon.com/marketplace/pp/prodview-kaoonxj6qfahm,no
internal-audit-management-software,TeamMate+ Audit,https://www.wolterskluwer.com/en/solutions/teammate,enterprise,"Internal audit departments in the public sector, financial services and industry that want one audit-specific system for risk assessment, audit planning, fieldwork, reporting and issue follow-up, as Wolters Kluwer documents for TeamMate+ Audit","No published figure. Wolters Kluwer's TeamMate pages direct buyers to a sales contact or demo request, and the product's structured page data carries no price. Licences are quoted (checked Sep 2026)",Not recorded,source-checked,2026-09-25,,https://www.wolterskluwer.com/en/solutions/teammate/internal-audit-management-software,no
internal-audit-management-software,Workiva Audit Management,https://www.workiva.com/solutions/internal-audit-management,enterprise,"Internal audit teams in organisations that report financial, risk and sustainability data through Workiva and want audit planning, analytics and fieldwork on the same connected platform, as Workiva documents for its audit management solution","No published figure. Workiva's pricing page states that pricing reflects the value and needs of each organisation, that some solutions use good, better and best packaging, and that buyers receive a customised demonstration before a quote. Every plan includes 24/7 support, more than 70 connectors, open APIs and a mobile app (checked Sep 2026)",Not recorded,source-checked,2026-09-25,https://www.workiva.com/pricing,,no
inventory-management-software,Brightpearl,https://www.brightpearl.com/,enterprise,Retail and wholesale brands wanting inventory with accounting,Quote-based (checked Sep 2026),Not recorded,source-checked,2026-09-11,https://www.brightpearl.com/pricing,https://www.brightpearl.com/,no
inventory-management-software,Cin7 Core,https://www.cin7.com/,mid-market,"Multichannel brands needing inventory, manufacturing and WMS together",From $349/mo (checked Sep 2026),Not recorded,source-checked,2026-09-11,https://www.cin7.com/pricing/,https://www.cin7.com/,no
inventory-management-software,Descartes Finale,https://www.finaleinventory.com/,mid-market,High-volume ecommerce sellers with Amazon FBA operations,From $499/mo (checked Sep 2026),Not recorded,source-checked,2026-09-11,https://www.finaleinventory.com/pricing/,https://www.finaleinventory.com/,no
inventory-management-software,Fishbowl,https://www.fishbowlinventory.com/,mid-market,QuickBooks-centred manufacturers and wholesalers,From $229/mo billed annually (checked Sep 2026),billed annually,source-checked,2026-09-11,https://www.fishbowlinventory.com/pricing,https://www.fishbowlinventory.com/,no
inventory-management-software,inFlow Inventory,https://www.inflowinventory.com/,smb,Small teams wanting barcoding and order management cheaply,From $129/mo billed annually (checked Sep 2026),billed annually,source-checked,2026-09-11,https://www.inflowinventory.com/software-pricing-inflow,https://www.inflowinventory.com/,no
inventory-management-software,Katana,https://katanamrp.com/,mid-market,Small manufacturers running production alongside ecommerce sales,Free tier; paid from $299/mo (checked Sep 2026),Not recorded,source-checked,2026-09-11,https://katanamrp.com/pricing/,https://katanamrp.com/,no
inventory-management-software,Linnworks,https://www.linnworks.com/,mid-market,Marketplace sellers listing across many channels at once,Quote-based (checked Sep 2026),Not recorded,source-checked,2026-09-11,https://www.linnworks.com/pricing/,https://www.linnworks.com/,no
inventory-management-software,Ordoro,https://www.ordoro.com/,smb,Shippers who want fulfilment first and inventory second,Free tier; paid from $349/mo (checked Sep 2026),Not recorded,source-checked,2026-09-11,https://www.ordoro.com/inventory-management-pricing,https://www.ordoro.com/,no
inventory-management-software,Sortly,https://www.sortly.com/,specialist,"Tracking tools, supplies and equipment rather than sales stock",Free tier; paid from $24/mo billed annually at the first-year rate (checked Sep 2026),billed annually,source-checked,2026-09-11,https://www.sortly.com/pricing/,https://www.sortly.com/,no
inventory-management-software,Unleashed,https://www.unleashedsoftware.com/,mid-market,Wholesalers and light manufacturers needing batch traceability,From $399/mo (checked Sep 2026),Not recorded,source-checked,2026-09-11,https://www.unleashedsoftware.com/pricing,https://www.unleashedsoftware.com/,no
inventory-planning-software,Blue Ridge,https://blueridgeglobal.com/,mid-market,"Distributors and manufacturers that need replenishment and multi-echelon inventory optimisation alongside forecasting, with an audit trail behind each recommendation",No rate card published; the platform is quoted after a demo or datasheet request (checked Sep 2026),Not recorded,source-checked,2026-09-20,,https://blueridgeglobal.com/demand-planning/,no
inventory-planning-software,Kinaxis,https://www.kinaxis.com/,enterprise,"Large manufacturers running frequent scenario comparisons across demand, supply and inventory in one model",No rate card published; Kinaxis is quoted per deployment after a demo request (checked Sep 2026),Not recorded,source-checked,2026-09-20,,https://www.kinaxis.com/en/solutions/demand-planning,no
inventory-planning-software,Lokad,https://www.lokad.com/,specialist,"Operations with unusual planning economics, such as aviation parts, automotive catalogues and fashion size and colour curves, that need a model written to their situation rather than configured",No price list published on the pricing page; the platform is sold with an assigned Supply Chain Scientist and quoted after contact (checked Sep 2026),Not recorded,source-checked,2026-09-20,https://www.lokad.com/pricing/,https://www.lokad.com/probabilistic-forecasting-definition/,no
inventory-planning-software,Netstock,https://www.netstock.com/,mid-market,Small and mid-size distributors and manufacturers that want forecasting and safety stock recommendations layered on an existing ERP rather than a replacement planning suite,"Quoted after a short questionnaire, with the vendor stating that pricing starts at $900 a month and is set by the product and bundle selected; implementation typically 6–10 weeks (checked Sep 2026)","Annual subscription, priced by the Netstock product and bundle selected",source-checked,2026-09-20,https://www.netstock.com/pricing/,https://www.netstock.com/product/,no
inventory-planning-software,o9 Solutions,https://o9solutions.com/,enterprise,"Large enterprises that want demand, supply and inventory policy on one data model with cross-functional scenario planning rather than separate connected tools",No rate card published; the platform is quoted per deployment after a demo request (checked Sep 2026),Not recorded,source-checked,2026-09-20,,https://o9solutions.com/solutions/demand-planning/,no
inventory-planning-software,RELEX Solutions,https://www.relexsolutions.com/,enterprise,"Grocery and retail chains replenishing thousands of store-item combinations daily, including fresh categories with shelf-life constraints",No rate card published; RELEX Forecasting & Replenishment is quoted per deployment after a demo request (checked Sep 2026),Not recorded,source-checked,2026-09-20,,https://www.relexsolutions.com/relex-forecasting-and-replenishment-rfp/,no
inventory-planning-software,Slimstock,https://www.slimstock.com/,mid-market,"European wholesalers, retailers and distributors that want forecasting, stocking policy and auto-replenishment delivered with hands-on implementation consultants",No rate card published; Slim4 is quoted after a demo request (checked Sep 2026),Not recorded,source-checked,2026-09-20,,https://www.slimstock.com/solutions/inventory-optimisation/,no
inventory-planning-software,Smart Software,https://smartcorp.com/,specialist,"Spare parts, MRO and service parts operations where much of the catalogue has intermittent demand with long runs of zero-demand periods",No rate card published; Smart IP&O is quoted per deployment following a demo request (checked Sep 2026),Not recorded,source-checked,2026-09-20,,https://smartcorp.com/intermittent-demand/,no
inventory-planning-software,StockTrim,https://www.stocktrim.com/,smb,Small businesses and growing ecommerce or wholesale operations that need machine-learning demand forecasts and reorder suggestions at a published subscription price,"$298 a month for businesses in the $3m–$5m annual revenue band, billed annually with three months free; price bands are selected by annual revenue; onboarding $299; 14-day free trial with no credit card (checked Sep 2026)",Monthly or annual subscription banded by annual revenue; annual billing carries a 12-month commitment and is documented as roughly 25 percent cheaper than monthly,source-checked,2026-09-20,https://www.stocktrim.com/pricing,,no
inventory-planning-software,ToolsGroup,https://www.toolsgroup.com/,enterprise,"Manufacturers, aftermarket and wholesale operations with long-tail assortments where a single-number forecast is the wrong instrument",No rate card published; the Decion platform is quoted per deployment after a demo request (checked Sep 2026),Not recorded,source-checked,2026-09-20,,https://www.toolsgroup.com/solutions/probabilistic-demand-forecasting/,no
knowledge-management-software,Confluence,https://www.atlassian.com/software/confluence/pricing,enterprise,Teams already inside the Atlassian ecosystem needing a wiki tied to Jira,Free for up to 10 users; Standard from $5.42/user/month billed annually (checked Sep 2026),billed annually,source-checked,2026-09-08,https://www.atlassian.com/software/confluence/pricing,,no
knowledge-management-software,Document360,https://document360.com/pricing/,specialist,Teams publishing internal and external documentation from one authoring platform,Quote-based (checked Sep 2026),Not recorded,source-checked,2026-09-11,https://document360.com/pricing/,https://document360.com/pricing/,no
knowledge-management-software,Glean,https://www.glean.com/pricing,enterprise,Large enterprises unifying search and AI answers across every workplace app,Quote-based (checked Sep 2026),Not recorded,source-checked,2026-09-11,https://www.glean.com/pricing,https://www.glean.com/pricing,no
knowledge-management-software,Guru,https://www.getguru.com/pricing,specialist,"Organizations that want governed, verified knowledge fed into existing AI tools",Quote-based (checked Sep 2026),Not recorded,source-checked,2026-09-11,https://www.getguru.com/pricing,https://www.getguru.com/pricing,no
knowledge-management-software,Helpjuice,https://helpjuice.com/pricing,specialist,Small and mid-sized support teams wanting a fully customized knowledge base design,From $249/mo for 30 users (checked Sep 2026),Not recorded,source-checked,2026-09-11,https://helpjuice.com/pricing,https://helpjuice.com/pricing,no
knowledge-management-software,Notion,https://www.notion.com/pricing,mid-market,"Teams that want a wiki, project workspace and AI agents in one product",Free plan; Plus from $10/member/month billed annually (checked Sep 2026),billed annually,source-checked,2026-09-08,https://www.notion.com/pricing,,no
knowledge-management-software,Slab,https://slab.com/pricing,mid-market,"Small and mid-sized teams wanting a simple, low-cost company wiki",Free for up to 10 users; Startup from $6.67/user/month billed annually (checked Sep 2026),billed annually,source-checked,2026-09-11,https://slab.com/pricing,https://slab.com/pricing,no
knowledge-management-software,Stack Internal (formerly Stack Overflow for Teams),https://stackoverflow.co/internal/pricing/,specialist,Engineering organizations wanting a Q&A-style internal knowledge base,Quote-based (checked Sep 2026),Not recorded,source-checked,2026-09-11,https://stackoverflow.co/internal/pricing/,https://stackoverflow.co/internal/pricing/,no
knowledge-management-software,Tettra,https://tettra.com/pricing/,smb,Slack-centric teams wanting AI-answered questions from an internal wiki,"From $8/user/month, 10-user minimum; billed annually saves 20 percent (checked Sep 2026)",billed annually,source-checked,2026-09-11,https://tettra.com/pricing/,https://tettra.com/pricing/,no
knowledge-management-software,Zendesk Guide,https://www.zendesk.com/service/knowledge-base/,enterprise,Customer support organizations building a self-service help center with AI deflection,From $55/agent/month billed annually for the Suite Team plan that includes the AI knowledge base (checked Sep 2026),billed annually,source-checked,2026-09-11,https://www.zendesk.com/pricing/,https://www.zendesk.com/service/knowledge-base/,no
kubernetes-cost-management-tools,CAST AI,https://cast.ai/,enterprise,Automated cluster and workload optimization at scale,Quote-based (checked Sep 2026),"Not published; scoped per cluster count, GPU usage and products selected",source-checked,2026-09-08,https://cast.ai/pricing/,,no
kubernetes-cost-management-tools,Fairwinds Insights,https://www.fairwinds.com/insights,mid-market,Cost right-sizing combined with policy and security governance,"Free (open source tools); Insights quote-based, cluster/node pricing (checked Sep 2026)",Custom pricing with volume discounts; billed monthly on average daily node count,source-checked,2026-09-08,https://www.fairwinds.com/insights-pricing,,no
kubernetes-cost-management-tools,IBM Kubecost,https://www.apptio.com/products/kubecost/,enterprise,Cost allocation and chargeback across many clusters,"Free (Foundations, up to 250 cores); Enterprise Self-hosted and Enterprise Cloud quote-based (checked Sep 2026)",Not published for Enterprise tiers; Enterprise Self-hosted purchasable via IBM Store,source-checked,2026-09-08,https://www.apptio.com/pricing?src=kc-com,,no
kubernetes-cost-management-tools,Karpenter,https://karpenter.sh/,open-source,Node provisioning and consolidation without licence cost,Free and open source (checked Sep 2026),Not applicable; Apache License 2.0,source-checked,2026-09-08,,https://karpenter.sh/docs/,no
kubernetes-cost-management-tools,Kubex,https://kubex.ai/,mid-market,Published per-vCPU pricing with predictive optimization,"Kubernetes/cloud optimization $1/vCPU/mo; Enterprise (K8s + GPU) custom, priced per vCPU and per GPU (checked Sep 2026)",Usage-based monthly billing; free for the first 60 days; also on AWS and Azure Marketplace,source-checked,2026-09-08,https://kubex.ai/pricing,,no
kubernetes-cost-management-tools,OpenCost,https://www.opencost.io/,open-source,Vendor-neutral cost allocation without licence cost,Free and open source (checked Sep 2026),Not applicable; no commercial licence,source-checked,2026-09-08,,https://www.opencost.io/docs/,no
kubernetes-cost-management-tools,PerfectScale by DoiT,https://www.perfectscale.io/,mid-market,Rightsizing with an explicit reliability guardrail,"Free up to 200 vCPU/mo; Advanced and Expert plans priced per vCPU, quote-based (checked Sep 2026)","Not published for paid tiers; accepts card, wire transfer, direct debit and bill.com",source-checked,2026-09-08,https://www.perfectscale.io/pricing,,no
kubernetes-cost-management-tools,ScaleOps,https://scaleops.com/,enterprise,Self-hosted autonomous rightsizing in restricted environments,Quote-based (checked Sep 2026),Not published; pricing depends on environment-specific factors,source-checked,2026-09-08,https://scaleops.com/pricing/,,no
kubernetes-cost-management-tools,StormForge by CloudBolt,https://www.cloudbolt.io/stormforge-by-cloudbolt/,mid-market,Machine learning rightsizing validated before rollout,Quote-based (checked Sep 2026),Not recorded,source-checked,2026-09-11,,https://www.cloudbolt.io/stormforge-by-cloudbolt/,no
kubernetes-cost-management-tools,Vantage,https://www.vantage.sh/,smb,Kubernetes costs reported alongside wider cloud spend,Free tier (Starter); Pro $30/mo; Business $200/mo; Enterprise custom (checked Sep 2026),Billed monthly on published tiers; Enterprise is quote-based,source-checked,2026-09-08,https://www.vantage.sh/pricing,,no
last-mile-delivery-software,Bringg,https://www.bringg.com/,enterprise,"Enterprise retailers and logistics providers running owned, third-party and crowdsourced fleets against one set of delivery promises",No public price list; pricing by quote. Driver app capability is split across Basic and Advanced levels in the vendor documentation (checked Sep 2026),Not recorded,source-checked,2026-09-20,,https://help.bringg.com/docs/about-the-bringg-driver-app-1,no
last-mile-delivery-software,DispatchTrack,https://www.dispatchtrack.com/,enterprise,"Retailers and distributors delivering heavy or installed goods, where time on site varies by stop and a missed appointment costs a second truck roll",No published prices; the pricing address opens a demo request form that asks for industry and fleet size (checked Sep 2026),Not recorded,source-checked,2026-09-20,,https://www.dispatchtrack.com/route-optimization-and-planning/,no
last-mile-delivery-software,Locate2u,https://www.locate2u.com/,mid-market,Delivery teams running high volumes across several drivers and regions that prefer one platform fee to per-seat licensing,"Platform from A$1,100 a month with team allocation included; Enterprise scoped to the operation; AI agents, white-label and API modules priced separately; trial without a card; annual billing discounts on request (checked Sep 2026)","Monthly platform fee in Australian dollars, priced on functionality rather than per seat",source-checked,2026-09-20,https://www.locate2u.com/pricing/,,no
last-mile-delivery-software,Onfleet,https://onfleet.com/,mid-market,Courier and local delivery operations that want auto-dispatch and enforced capture rules at the door on published task-based plans,"Launch from $619 a month with 2,500 tasks; Scale from $1,349 a month with 5,000 tasks; Enterprise from $3,099 a month with 10,000 or more tasks; Courier Suite add-on from $299 a month; 14-day trial (checked Sep 2026)","Monthly or yearly subscription, paid by card",source-checked,2026-09-20,https://onfleet.com/pricing,,no
last-mile-delivery-software,Onro,https://onro.io/,smb,Courier and same-day operators that want white-label apps and a delivery-metered bill with unlimited drivers and dispatchers,"Starter $129 a month with 750 deliveries and $0.17 per extra delivery; Business $239 a month with 1,500 deliveries and $0.19 per extra delivery; Enterprise custom; free demo without a card (checked Sep 2026)","Monthly, metered on deliveries, with unlimited drivers, customers and users on every plan",source-checked,2026-09-20,https://onro.io/pricing,https://onro.io/features,no
last-mile-delivery-software,OptimoRoute,https://optimoroute.com/,smb,Delivery and field teams that need per-driver pricing and a documented failed-stop status feeding back to dispatch,"Lite $35.10 per driver a month billed annually with up to 700 orders planned at once; Pro $44.10 per driver a month billed annually with up to 1,000 orders, proof of delivery and realtime order tracking; Custom by quote; 30-day free trial (checked Sep 2026)","Per driver per month, monthly or annually, with 10% off for annual payment",source-checked,2026-09-20,https://optimoroute.com/pricing/,https://optimoroute.com/proof-of-delivery/,no
last-mile-delivery-software,Spoke,https://getcircuit.com/teams,smb,Couriers delivering for several retail clients that want those clients to submit orders directly and follow proof of delivery themselves,"Starter $125 a month with 1,000 stops and $0.04 per extra stop; Premium $200 a month with 2,000 stops and $0.06 per extra stop; Expert $1,000 a month with 12,000 stops and $0.07 per extra stop; enterprise plans by contact; free trial (checked Sep 2026)","Billed monthly, metered on stops",source-checked,2026-09-20,https://getcircuit.com/teams/pricing,,no
last-mile-delivery-software,Track-POD,https://www.track-pod.com/,mid-market,"Fleets whose disputes are about delivery evidence, needing PIN confirmation, geotagged photos and a branded electronic delivery note","Advanced $49 per driver or vehicle a month billed annually or $59 month-to-month; Advanced Plus $69 or $79; Ultimate $89 or $99; three-driver minimum; per-order S plan $285 a month for 1,500 orders; Enterprise with a 20-driver minimum (checked Sep 2026)","Per driver or vehicle per month, billed annually or month-to-month; per-order plans billed monthly",source-checked,2026-09-20,https://www.track-pod.com/pricing-delivery-app/,,no
last-mile-delivery-software,Urbantz,https://www.urbantz.com/,enterprise,"Retailers, grocers and carriers optimising across internal fleets, third-party logistics providers and on-demand carriers under their own business rules",No public price list; pricing by quote and the pricing address is not published (checked Sep 2026),Not recorded,source-checked,2026-09-20,,https://urbantz.com/products/dynamic-route-planning/,no
last-mile-delivery-software,Wise Systems,https://www.wisesystems.com/,enterprise,Fleets with continuous same-day order flow that need routes to absorb new stops during the run rather than only at dispatch,No public price list; pricing by quote and the site routes buyers to a contact conversation (checked Sep 2026),Not recorded,source-checked,2026-09-20,,https://www.wisesystems.com/solutions/driver/,no
linkedin-automation-tools,Dripify,https://dripify.com/,smb,Individual sellers and sales teams that want LinkedIn and email drip campaigns with published daily action quotas on each plan,"Basic at $59, Pro at $79 and Advanced at $99 per user per month on monthly billing, or $39, $59 and $79 billed annually. Enterprise is custom priced. Every paid plan includes LinkedIn and email sequences and 100 email finder credits per month; a 7-day trial needs no card (checked Sep 2026)",Per user per month; monthly or annual billing,source-checked,2026-09-22,https://dripify.com/pricing/,https://help.dripify.io/,no
linkedin-automation-tools,Expandi,https://expandi.io/,specialist,"Sales teams, lead generation agencies and recruiters running cloud-based LinkedIn and email sequences from a dedicated, country-based IP address per account","Business is listed at $99 per month, and the page also displays a $79 figure beside it. Agency, for 10 or more seats or a white-label deployment, is marked Custom and arranged on a call (checked Sep 2026)",Per month on Business; Agency quoted on request for 10+ seats,source-checked,2026-09-22,https://expandi.io/pricing/,https://help.expandi.io/,no
linkedin-automation-tools,HeyReach,https://www.heyreach.io/,specialist,"Agencies and outbound teams that run many LinkedIn sender accounts and want flat-fee plans, sender rotation and client workspaces","Growth at $79 per sender per month, $71 quarterly or $63 yearly. Agency tiers at $999 per month for 25 senders and $1,399 for 50. Unlimited at $2,999 per month, $2,399 per month on yearly billing, with no per-seat charge. Agency and Unlimited require the customer's own proxies (checked Sep 2026)","Per sender per month on Growth; flat monthly fee on Agency and Unlimited; monthly, quarterly or yearly billing",source-checked,2026-09-22,https://www.heyreach.io/pricing,https://help.heyreach.io/en/articles/14741630-heyreach-plans-and-pricing-what-s-included-and-how-to-choose,no
linkedin-automation-tools,La Growth Machine,https://lagrowthmachine.com/,specialist,"B2B teams running multichannel sequences across LinkedIn, email, calls and X who want conditions, A/B tests and a shared reply inbox","Priced per identity (a LinkedIn and email profile running campaigns). On annual billing, Basic is €60 and Pro €120 per identity per month; Ultimate is a higher tier whose figure did not render in the checked page. Custom plans start at €150 and agency plans require six identities (checked Sep 2026)","Per identity per month; monthly, quarterly, semi-annual or annual billing",source-checked,2026-09-22,https://lagrowthmachine.com/pricing/,https://help.lagrowthmachine.com/,no
linkedin-automation-tools,lemlist,https://www.lemlist.com/,mid-market,"Outbound teams that run email as the main channel and add LinkedIn visits, invitations, messages and voice notes as steps in the same sequence","Email at $39 per user per month, or $31 on yearly billing. Multichannel at $109, or $87 yearly. Enterprise for five or more users is custom priced. Data enrichment and intent signals use pay-per-success credits at $0.01 each; a 14-day trial covers the Multichannel plan (checked Sep 2026)","Per user per month; monthly or yearly billing, with monthly or quarterly instalments of an annual plan on Enterprise",source-checked,2026-09-22,https://www.lemlist.com/pricing,https://help.lemlist.com/en/articles/4686779-how-to-add-linkedin-steps-to-your-sequence,no
linkedin-automation-tools,Linked Helper,https://www.linkedhelper.com/,smb,"Individual operators and small teams that want a low-cost desktop application for LinkedIn campaigns, with local data storage and a license per LinkedIn account","Per LinkedIn account. The support article lists the local-storage version at $15 per month for Standard and $45 for PRO on a 1-month license, falling to $99 and $297 for 12-month licenses. A cloud-storage version is priced separately on the pricing page. A 14-day free trial is offered (checked Sep 2026)","Prepaid license per LinkedIn account for 1, 3, 6 or 12 months",source-checked,2026-09-22,https://www.linkedhelper.com/pricing,https://support.linkedhelper.com/hc/en-us/articles/360016768020-Licensing-Standard-and-PRO-licenses-Pricing-and-discounts,no
linkedin-automation-tools,Meet Alfred,https://meetalfred.com/,smb,"Sales teams, agencies and recruiters that run LinkedIn outreach as a team and want shared inbox management, white label and LinkedIn content scheduling","Basic at $59, Pro at $99 and Team at $79 per user per month on monthly billing. Quarterly billing lowers these to $49, $79 and $59. Annual billing lists Basic at $29 and Pro at $49 per user per month (checked Sep 2026)","Per user per month; monthly, quarterly or annual billing",source-checked,2026-09-22,https://meetalfred.com/pricing,https://help.meetalfred.com/,no
linkedin-automation-tools,PhantomBuster,https://phantombuster.com/,mid-market,"Growth and operations teams that want scheduled data extraction, enrichment and LinkedIn outreach workflows across multiple platforms, priced by execution time","Start at $56, Grow at $128 and Scale at $352 per month, billed annually at $672, $1,536 and $4,224. All plans allow unlimited users. A free Trial tier includes 5 automation slots, 2 hours of execution time and exports limited to 10 rows (checked Sep 2026)","Per month, billed annually as shown; monthly billing also offered",source-checked,2026-09-22,https://phantombuster.com/pricing,https://support.phantombuster.com/,no
linkedin-automation-tools,Skylead,https://www.skylead.io/,specialist,"Agencies and sales teams that want LinkedIn actions and unlimited email accounts in one seat price, with white-label and multi-client dashboards available","All-in-one at $100 per seat per month. Agency at $999 per month for 50 seats or $1,999 per month for unlimited seats. Annual billing charges 10 months for 12. AI data enrichment and AI SDR are add-ons; a 7-day free trial is offered (checked Sep 2026)",Per seat per month on All-in-one; flat monthly fee for seat bundles on Agency; annual option at 10 months' cost,source-checked,2026-09-22,https://www.skylead.io/pricing,https://help.skylead.io/,no
linkedin-automation-tools,Waalaxy,https://www.waalaxy.com/,smb,"Founders, freelancers and small sales teams starting LinkedIn outreach who want pre-built sequences and prospect directly from LinkedIn search rather than from a lead database","Pro at €19, Advanced at €49 and Business at €69 per user per month, each with a 14-day free trial. The page offers monthly, quarterly (-20%) and yearly (-50%) billing; the checked page did not state which term the displayed figures apply to. A LinkedIn Inbox add-on is sold separately (checked Sep 2026)","Per user per month; monthly, quarterly or yearly billing",source-checked,2026-09-22,https://www.waalaxy.com/pricing,,no
logistics-management-platforms,CargoWise,https://www.cargowise.com/,enterprise,"Freight forwarders and customs brokers, because CargoWise documents bookings, documentation, carrier connections, customer updates and internal workflows as one platform rather than as separate systems per mode","Not published. The CargoWise pricing path is a 404 and the site routes buyers to a contact form that reads 'Fill in the form below and get in touch today'. No figure, tier or starting point appears in the navigation or body copy (checked Sep 2026)",Not recorded,source-checked,2026-09-23,,https://www.cargowise.com/solutions/cargowise-forwarding/,no
logistics-management-platforms,Descartes 3G TMS,https://3gtms.com/,mid-market,"Shippers, 3PLs and 4PLs, because 3G TMS documents rating, carrier management, visibility and settlement as one cycle and segments its own navigation by those three operator types",Not published. The 3G TMS pricing URL returns a 404 and every call to action on the site is a demo booking or a contact form. No tier or starting figure is published (checked Sep 2026),Not recorded,source-checked,2026-09-23,,https://3gtms.com/who-we-help/shippers/,no
logistics-management-platforms,Infios Transportation Management,https://www.infios.com/en/supply-chain-solutions/transportation-management-system,enterprise,"Organisations that need transportation, warehouse and freight settlement under one vendor, because Infios documents the product as orchestrating complex moves across every mode, geography and industry rather than as a single-mode tool","Not published. The Infios pricing URL returns a 404 and the transportation management page carries a single call to action reading 'Talk to an expert'. No tier, range or starting figure is published (checked Sep 2026)",Not recorded,source-checked,2026-09-23,,https://www.infios.com/en/about-us/our-story,no
logistics-management-platforms,Logixboard,https://www.logixboard.com/,mid-market,"Freight forwarders that already run a TMS, because Logixboard documents its Helm product as creating and updating shipments in the customer's existing system rather than replacing it","Published. Logixboard prices Helm Core on connected mailboxes: Starter at $250 a month for 1 to 20 mailboxes, Growth at $500 a month for 21 to 100, Scale at $1,000 a month for 101 to 150, and Enterprise above 150 mailboxes quoted by sales. The page states billing is monthly, every plan includes unlimited users, and there is no per-seat charge (checked Sep 2026)","Monthly, priced by the number of connected mailboxes, with unlimited users on every tier",source-checked,2026-09-23,https://www.logixboard.com/pricing,,no
logistics-management-platforms,nVision Global,https://nvisionglobal.com/,enterprise,"Global enterprises with freight spend across many countries and carriers, because nVision Global leads with global invoice audit and payment and documents partnerships with more than 20,000 transportation providers","Not published. The nVision Global pricing URL returns a 404 reading 'Oops, This Page Could Not Be Found', and no figure appears on the homepage or about page. The site routes buyers to a demo or contact request (checked Sep 2026)",Not recorded,source-checked,2026-09-23,,https://nvisionglobal.com/about-us/,no
logistics-management-platforms,PCS Software,https://pcssoft.com/,mid-market,"Carriers and brokers with their own fleet, because PCS documents driver recommendations scored on hours of service, equipment, lane history and restrictions, which only matters when the buyer dispatches drivers","Not published. The PCS Software pricing URL returns a 404 reading 'The page you are looking for does not exist', and no figure appears on the homepage or the about page. Every call to action routes to a demo request (checked Sep 2026)",Not recorded,source-checked,2026-09-23,,https://pcssoft.com/about-us,no
logistics-management-platforms,Princeton TMX,https://www.princetontmx.com/,enterprise,"Industrial shippers, because Princeton TMX states that positioning on its homepage and documents execution across truck, rail, fleet, barge and intermodal rather than road freight alone","Not published. The Princeton TMX pricing URL returns a 404 reading 'This page missed its connection'. The homepage and about page contain no figures, offering an ROI calculator and demo booking instead (checked Sep 2026)",Not recorded,source-checked,2026-09-23,,https://www.princetontmx.com/about,no
logistics-management-platforms,Rose Rocket,https://www.roserocket.com/,mid-market,"Freight brokers and carriers, because Rose Rocket titles its pricing page as TMS plans for brokers and carriers and documents no-code configuration aimed at teams that cannot wait on a vendor roadmap","Published in part. The Rose Rocket pricing page lists a Full Service Platform tier 'Starting at $2080/month' and an Enterprise tier at custom pricing, both routed through a sales conversation. The page also carries comparison figures for alternative approaches, including $150,000 to $500,000 for a custom enterprise build; those describe other options, not Rose Rocket's own price (checked Sep 2026)",Stated monthly starting price for the Full Service Platform tier; Enterprise is quoted,source-checked,2026-09-23,https://marketing.roserocket.com/pricing,,no
logistics-management-platforms,Shipwell,https://shipwell.com/tms-platform,mid-market,"Shippers, because Shipwell titles its platform page as a transportation management system for shippers and documents procurement, execution, visibility and settlement as one connected path","Not published. The Shipwell pricing URL resolves to the 'Request a Demo' page, which carries the same navigation and footer as the rest of the site and no rate content. No figure appears anywhere in the fetched page (checked Sep 2026)",Not recorded,source-checked,2026-09-23,,https://shipwell.com/pricing,no
logistics-management-platforms,Turvo,https://turvo.com/,mid-market,"Freight brokers and 3PLs, because Turvo documents configurable roles for carrier sales, finance admins, customer service and tracking support, which describes a brokerage floor rather than a single shipper's team","Published in part. The Turvo pricing page states its TMS tier, covering planning, executing and settling freight, 'Starts at $5,000 / Month' and includes a dedicated onboarding manager. The second tier, covering collaboration and visibility across the supply chain, is listed as available upon request. No annual discount or user minimum is stated on the page (checked Sep 2026)",Stated monthly starting price for the TMS tier; the visibility tier is quoted,source-checked,2026-09-23,https://turvo.com/pricing/,,no
logistics-management-software,Bringg,https://www.bringg.com/,enterprise,"Enterprise retailers and logistics providers that run owned, 3PL and hybrid fleets and want checkout delivery slots, routing, dispatch and access to outside carriers",No public pricing page found on the vendor site (checked Sep 2026),Not recorded,source-checked,2026-09-19,,https://www.bringg.com/platform/,no
logistics-management-software,ClickPost,https://www.clickpost.ai/,mid-market,"D2C, quick commerce and B2B shippers, particularly in India, that want AI carrier allocation, exception handling and returns on one multi-carrier platform",Custom pricing based on shipment volume and selected modules; no fixed public tiers (checked Sep 2026),Not recorded,source-checked,2026-09-19,https://www.clickpost.ai/pricing,,no
logistics-management-software,DispatchTrack,https://www.dispatchtrack.com/,mid-market,"Distributors and retailers with their own delivery fleets, including building supplies, furniture and food distribution, that want AI routing and customer communication",No published prices; the pricing address leads to a demo request form (checked Sep 2026),Not recorded,source-checked,2026-09-19,https://www.dispatchtrack.com/pricing,,no
logistics-management-software,FarEye,https://fareye.com/,enterprise,"Enterprise shippers that need long-range capacity forecasting, delivery-slot scheduling, carrier selection and routing for their own and partner fleets",No public pricing page; pricing is not published on the vendor site (checked Sep 2026),Not recorded,source-checked,2026-09-19,,https://fareye.com/platform,no
logistics-management-software,Locus,https://locus.sh/,enterprise,"Retail, CPG and 3PL operators that run captive, contracted or hybrid fleets and want dispatch planning, hub operations and carrier orchestration in one system",No public pricing; the vendor directs buyers to schedule a demo (checked Sep 2026),Not recorded,source-checked,2026-09-19,,https://locus.sh/,no
logistics-management-software,Onfleet,https://onfleet.com/,mid-market,"Businesses running their own drivers, delivery partners or both that want published task-based plans with dispatch, routing and branded tracking","Launch from $619 a month with 2,500 tasks; Scale from $1,349 a month with 5,000 tasks; Enterprise from $3,099 a month with 10,000+ tasks; Courier Suite add-on from $299 a month; 14-day trial (checked Sep 2026)",Monthly or yearly subscription,source-checked,2026-09-19,https://onfleet.com/pricing,,no
logistics-management-software,OptimoRoute,https://optimoroute.com/,smb,Small and mid-sized delivery and field service fleets that want per-driver route planning with no contract or setup fee,Lite $35.10 and Pro $44.10 per driver a month billed annually; Custom plan by quote; no setup fees; 30-day free trial (checked Sep 2026),"Monthly, or annually with a 10% discount",source-checked,2026-09-19,https://optimoroute.com/pricing/,,no
logistics-management-software,Routific,https://routific.com/,smb,"Growing local delivery businesses with variable or part-time fleets that want per-order pricing, a free tier and unlimited drivers","Free up to 100 orders a month; $150 a month for 101 to 1,000 orders; then 15 cents down to 3 cents per extra order by volume; above 50,000 orders by quote (checked Sep 2026)","Monthly, based on orders scheduled to a route",source-checked,2026-09-19,https://routific.com/pricing,,no
logistics-management-software,Shipsy,https://www.shipsy.ai/,enterprise,"Enterprises moving more than about 100,000 shipments a month that want last-mile, middle-mile, carrier management and warehouse modules on one platform",Custom pricing through the sales team; no public price list (checked Sep 2026),Not recorded,source-checked,2026-09-19,https://www.shipsy.ai/contact-us,https://www.shipsy.ai/last-mile-delivery,no
logistics-management-software,Spoke,https://getcircuit.com/teams,smb,"Couriers and local delivery teams that want a dispatcher dashboard, driver app, client order portal and recipient tracking on stop-based plans","Starter $125 a month with 1,000 stops; Premium $200 a month with 2,000 stops; Expert $1,000 a month with 12,000 stops; extra stops $0.04 to $0.07; enterprise by contact (checked Sep 2026)",Billed monthly,source-checked,2026-09-19,https://getcircuit.com/teams/pricing,,no
marketing-automation-software,ActiveCampaign,https://www.activecampaign.com/,smb,"Small businesses that want email automation with an AI assistant and optional WhatsApp messaging, priced by contact count on self-serve plans","Four plans, Starter, Plus, Pro and Enterprise, each shown as 'Starts at' a monthly figure billed annually, with the figure calculated from the selected email and WhatsApp contact count. No figure is rendered on the page without a contact selection. Users included are one on Starter and Plus, three on Pro and five on Enterprise (checked Sep 2026)","Monthly figure billed annually, scaled by contact count",source-checked,2026-09-22,https://www.activecampaign.com/pricing,,no
marketing-automation-software,Adobe Marketo Engage,https://business.adobe.com/products/marketo.html,enterprise,"B2B marketing operations teams running lead and account-based programmes that need native integration with Salesforce, Microsoft Dynamics or Veeva CRM","Quote-based. The pricing page lists four packages, Growth, Select, Prime and Ultimate, each marked 'Get pricing', and publishes no figures. It does publish limits: 10 users on Growth and 25 on the others, and 20,000 daily API calls on Growth against 50,000 on the other three (checked Sep 2026)",Not published; quoted per package,source-checked,2026-09-22,https://business.adobe.com/products/marketo/pricing.html,https://experienceleague.adobe.com/en/docs/marketo/using/home,no
marketing-automation-software,Braze,https://www.braze.com/,enterprise,Consumer brands with large mobile and web audiences that need real-time cross-channel messaging priced on active users rather than stored profiles,"Quote-based. The page lists four editions, Braze Go, Select, Pro and Enterprise, with 'Get pricing' and a free trial. Pricing scales with monthly active users, and channel sends and certain AI products draw on shared Action Credits. No figure is published (checked Sep 2026)",Not published; scaled by monthly active users with Action Credits,source-checked,2026-09-22,https://www.braze.com/pricing,https://www.braze.com/docs/user_guide/introduction,no
marketing-automation-software,Brevo,https://www.brevo.com/,smb,"Small businesses that want low entry pricing for email plus automation, with WhatsApp, push and multi-user access on a higher tier","Structured data on the pricing page lists Free at $0, Starter at $9 per month, Standard at $18 per month and Professional at $499 per month, with annual prices of $96.96, $194.04 and $5,388.96. Starter begins at 5,000 emails per month and Professional at 150,000 with 10 seats. Enterprise is custom-priced (checked Sep 2026)",Monthly or annual; price scales with monthly email volume; Enterprise quoted,source-checked,2026-09-22,https://www.brevo.com/pricing/,,no
marketing-automation-software,Customer.io,https://customer.io/,mid-market,Product-led software and consumer app companies that trigger lifecycle messages from product events and data rather than from a marketing list,"Essentials starts at $100 per month, billed monthly, with 5,000 profiles, one million emails per month and additional profiles at $0.009 each. Premium starts at $1,000 per month, billed yearly, with custom profile and email volume. Enterprise is quoted. Additional emails are $0.12 per 1,000 on all plans (checked Sep 2026)",Essentials monthly; Premium and Enterprise annual; billed on maximum profiles,source-checked,2026-09-22,https://customer.io/pricing/,https://docs.customer.io/,no
marketing-automation-software,HubSpot Marketing Hub,https://www.hubspot.com/products/marketing,mid-market,"Small and mid-sized teams that want email, forms, ads, segmentation and attribution reporting on the same contact record as the rest of the HubSpot platform","Free plan for up to two users. Starter is priced per seat, with $7 and $20 per seat per month shown for its two billing options and 1,000 marketing contacts. Professional starts at $800 per month with three core seats and 2,000 contacts, plus a $3,000 onboarding fee. Enterprise starts at $3,600 per month with five core seats, 10,000 contacts and a $7,000 onboarding fee (checked Sep 2026)",Per seat on Starter; per month with included core seats on Professional and Enterprise; Enterprise requires an annual commitment,source-checked,2026-09-22,https://www.hubspot.com/pricing/marketing,https://knowledge.hubspot.com/,no
marketing-automation-software,Klaviyo,https://www.klaviyo.com/,mid-market,"Ecommerce and other B2C brands that want email, SMS and push automation driven by behavioural and transactional data in one profile","A free plan covers up to 250 active profiles, 500 email sends per month, $5 of mobile messages per month and $5 of Composer usage, with email support for the first 60 days. Paid pricing is produced by an interactive calculator by product and profile count and no paid figure renders in the page text (checked Sep 2026)",Free up to stated limits; paid plans calculated by profile count,source-checked,2026-09-22,https://www.klaviyo.com/pricing,https://help.klaviyo.com/,no
marketing-automation-software,Mailchimp,https://mailchimp.com/,smb,Small businesses starting with email newsletters that want to add automation flows and dynamic content as the list grows,"Four marketing plans: Free, Essentials, Standard and Premium. Free applies under 250 contacts with up to 500 sends per month. Paid prices are set by plan and contact tier; the page shows introductory 12-month prices that vary by region, and no USD figure rendered at the time of the check. Nonprofits receive a 15% discount (checked Sep 2026)",Monthly by contact tier; annual plans through sales; overage charged when contacts exceed the limit,source-checked,2026-09-22,https://mailchimp.com/pricing/marketing/,https://mailchimp.com/help/about-mailchimp-pricing-plans/,no
marketing-automation-software,Oracle Eloqua,https://www.oracle.com/cx/marketing/automation/,enterprise,"Large B2B organisations running complex lead and account scoring programmes, particularly those handing qualified accounts to Oracle CX Sales","Quote-based. The product page offers demos and tours but publishes no plan, price or package list, and no public pricing page was found (checked Sep 2026)",Not recorded,source-checked,2026-09-22,,https://docs.oracle.com/en/cloud/saas/marketing/eloqua-user/index.html,no
marketing-automation-software,Salesforce Marketing Cloud Account Engagement,https://www.salesforce.com/marketing/b2b-automation/,enterprise,B2B teams already on Salesforce Sales Cloud that want lead nurturing and scoring to run against the same CRM records,"Four editions, each per org per month and billed annually: Growth+ at $1,250, Plus+ at $2,750, Advanced+ at $4,400 and Premium+ at $15,000. Growth+, Plus+ and Advanced+ include 10,000 contacts and Premium+ 75,000. The page states all per-month products require an annual contract; SMS and WhatsApp are add-ons on every edition (checked Sep 2026)","Per org per month, billed annually on an annual contract",source-checked,2026-09-22,https://www.salesforce.com/marketing/b2b-automation/pricing/,https://help.salesforce.com/s/articleView?id=mktg.pardot_basics.htm&type=5,no
media-intelligence-platforms,Brandwatch,https://www.brandwatch.com/pricing/,enterprise,"Consumer intelligence and social listening at scale, sold alongside Cision's PR tools",Quote-based (checked Sep 2026),Not disclosed; every plan routes to a demo request,source-checked,2026-09-08,https://www.brandwatch.com/pricing/,,no
media-intelligence-platforms,Cision,https://comms.cision.com/pr-software,enterprise,Communications teams that need media intelligence bundled with distribution and a journalist database,Quote-based (checked Sep 2026),"Not disclosed; no self-service tier, every enquiry routes to a request form",source-checked,2026-09-08,https://comms.cision.com/pr-software,,no
media-intelligence-platforms,Isentia,https://www.isentia.com/platform/,specialist,"Organisations in Australia, New Zealand and Southeast Asia needing regional media intelligence with local account management",Quote-based (checked Sep 2026),Not disclosed; every plan scoped individually via request-for-quotation,source-checked,2026-09-08,https://www.isentia.com/platform/,,no
media-intelligence-platforms,Meltwater,https://www.meltwater.com/en/media-intelligence,enterprise,"Global brands wanting one platform spanning media, social and AI visibility tracking",Quote-based (checked Sep 2026),Not disclosed; most partnerships run on annual agreements with a 12-month minimum contract,source-checked,2026-09-08,https://www.meltwater.com/en/pricing,,no
media-intelligence-platforms,NewsWhip,https://www.newswhip.com/,specialist,Comms and crisis teams needing predictive signal on which stories will spread before they peak,Quote-based (checked Sep 2026),Not disclosed; engagement starts with a demo request,source-checked,2026-09-08,https://www.newswhip.com/,,no
media-intelligence-platforms,Onclusive,https://onclusive.com/products/unified-platform/,enterprise,"Enterprise comms teams consolidating monitoring, contacts and AI visibility under one vendor",Quote-based (checked Sep 2026),"Not disclosed; scoped by coverage and services, no self-service tier",source-checked,2026-09-08,https://onclusive.com/products/unified-platform/,,no
media-intelligence-platforms,PublicRelay,https://www.publicrelay.com/,specialist,"Comms leaders who want human-curated, tagged media analysis rather than a self-service dashboard",Quote-based (checked Sep 2026),"Not disclosed; no pricing page, every engagement begins with a conversation",source-checked,2026-09-08,https://www.publicrelay.com/,,no
media-intelligence-platforms,Signal AI,https://signal-ai.com/products-services/reputation-intelligence-platform,enterprise,Risk and reputation teams needing narrative and regulatory-risk sensing beyond routine PR metrics,Quote-based (checked Sep 2026),Not disclosed; every plan sold through a requested demo,source-checked,2026-09-08,,https://signal-ai.com/products-services/ask-aiq,no
media-intelligence-platforms,Sprinklr Insights,https://www.sprinklr.com/products/consumer-intelligence/,enterprise,Enterprises running PR analytics inside a broader unified customer-experience platform,Quote-based (checked Sep 2026),"Not disclosed; self-serve tier discontinued April 2026, now sales-led only",source-checked,2026-09-08,https://www.sprinklr.com/products/consumer-intelligence/,,no
media-intelligence-platforms,Talkwalker,https://www.talkwalker.com/pricing,enterprise,"Social-led media monitoring with real-time AI-mention tracking, under Hootsuite ownership",Quote-based (checked Sep 2026),"Not disclosed; three named tiers (Core, Analyze, Business) all route to a custom quote",source-checked,2026-09-08,https://www.talkwalker.com/pricing,,no
media-monitoring-tools,Agility PR Solutions,https://www.agilitypr.com/media-monitoring/,mid-market,Comms teams that want AI-drafted coverage reports built straight out of a monitoring search,Quote-based (checked Sep 2026),Not recorded,source-checked,2026-09-11,https://www.agilitypr.com/plans/,https://www.agilitypr.com/media-monitoring/,no
media-monitoring-tools,Brand24,https://brand24.com/prices/,smb,Smaller teams and agencies that want a published price per keyword and mention tier,"From $249/mo, or $199/mo billed annually (checked Sep 2026)",billed annually,source-checked,2026-09-11,https://brand24.com/prices/,https://brand24.com/prices/,no
media-monitoring-tools,Cision (CisionOne),https://www.cision.com/media-monitoring/,enterprise,PR teams wanting real-time mention streams alongside AI-flagged reputational risk,Quote-based (checked Sep 2026),Not recorded,source-checked,2026-09-11,,https://www.cision.com/media-monitoring/,no
media-monitoring-tools,Critical Mention,https://www.criticalmention.com/media-monitoring/,specialist,"Teams whose primary requirement is fast, reliable TV and radio broadcast monitoring",Quote-based (checked Sep 2026),Not recorded,source-checked,2026-09-11,,https://www.criticalmention.com/media-monitoring/,no
media-monitoring-tools,Determ,https://determ.com/pricing/,mid-market,"Mid-market teams that want a published, predictable monthly price for AI-assisted monitoring","From €99/mo, or €990/yr billed annually (checked Sep 2026)",billed annually,source-checked,2026-09-11,https://determ.com/pricing/,https://determ.com/pricing/,no
media-monitoring-tools,Meltwater,https://www.meltwater.com/en/products/media-monitoring,enterprise,Global enterprises that need the broadest possible source coverage in one feed,Quote-based (checked Sep 2026),Not recorded,source-checked,2026-09-11,,https://www.meltwater.com/en/products/media-monitoring,no
media-monitoring-tools,Muck Rack,https://muckrack.com/pr-software/media-monitoring-alerts,mid-market,PR teams that want monitoring built around journalist and outlet-level detail,Quote-based (checked Sep 2026),Not recorded,source-checked,2026-09-11,https://muckrack.com/pricing,https://muckrack.com/pr-software/media-monitoring-alerts,no
media-monitoring-tools,NewsWhip Spike,https://www.newswhip.com/alerts/real-time-alerts/,specialist,Comms and insights teams that need the fastest possible alert on a story gaining public engagement,Quote-based (checked Sep 2026),Not recorded,source-checked,2026-09-11,,https://www.newswhip.com/alerts/real-time-alerts/,no
media-monitoring-tools,Talkwalker,https://www.talkwalker.com/products/media-monitoring,enterprise,"Brands needing the widest source count, including logo detection inside images and video",Quote-based (checked Sep 2026),Not recorded,source-checked,2026-09-11,,https://www.talkwalker.com/products/media-monitoring,no
mobile-app-security-testing-tools,Checkmarx,https://checkmarx.com/product/application-security-platform/,enterprise,Enterprises extending an existing Checkmarx web and API program into mobile,Quote-based (checked Sep 2026),Not recorded,source-checked,2026-09-11,,https://docs.checkmarx.com/en/34965-149060-sast-scanner---supported-languages-and-frameworks.html,no
mobile-app-security-testing-tools,Corellium,https://www.corellium.com/pricing,specialist,Security and R&D teams needing many virtual device configurations on demand,Solo from $3/device-hour; Viper Enterprise quote-based (checked Sep 2026),Not recorded,source-checked,2026-09-11,https://support.corellium.com/subscriptions/pricing,https://www.corellium.com/,no
mobile-app-security-testing-tools,Data Theorem,https://www.datatheorem.com/products/mobile-secure,enterprise,"Mobile-first enterprises needing static, dynamic and runtime protection under one vendor",No list price on reviewed page (checked Sep 2026),Not recorded,source-checked,2026-09-11,,https://www.datatheorem.com/products/mobile-secure,no
mobile-app-security-testing-tools,Guardsquare,https://www.guardsquare.com/appsweep,specialist,Teams wanting a free mobile scanner with a path to code hardening,AppSweep free; DexGuard/iXGuard platform quote-based (checked Sep 2026),Not recorded,source-checked,2026-09-11,https://www.guardsquare.com/pricing,https://www.guardsquare.com/appsweep,no
mobile-app-security-testing-tools,MobSF,https://github.com/MobSF/Mobile-Security-Framework-MobSF,open-source,"Engineering teams that want a free, self-hosted mobile scanner",Free / open source (checked Sep 2026),Not recorded,source-checked,2026-09-11,,https://github.com/MobSF/Mobile-Security-Framework-MobSF,no
mobile-app-security-testing-tools,NowSecure,https://www.nowsecure.com/products/nowsecure-platform/,enterprise,Enterprises testing many mobile app binaries under one platform,No list price on reviewed page (checked Sep 2026),Not recorded,source-checked,2026-09-11,,https://www.nowsecure.com/products/nowsecure-platform/,no
mobile-app-security-testing-tools,Oversecured,https://oversecured.com/,smb,"Security teams and consultancies wanting transparent, pay-as-you-go mobile testing","From $500/scan; Business from $1,000/mo per app (checked Sep 2026)",Not recorded,source-checked,2026-09-11,https://oversecured.com/pricing,https://oversecured.com/,no
mobile-app-security-testing-tools,Quokka,https://www.quokka.io/products/q-mast,specialist,Government and regulated enterprises needing binary-first testing mapped to NIAP,No list price on reviewed page (checked Sep 2026),Not recorded,source-checked,2026-09-11,,https://www.quokka.io/products/q-mast,no
mobile-app-security-testing-tools,Veracode,https://www.veracode.com/platform/,enterprise,Organizations running Veracode for web applications that also need mobile client coverage,No list price on reviewed page (checked Sep 2026),Not recorded,source-checked,2026-09-11,,https://docs.veracode.com/r/c_understanding_mobile,no
mobile-app-security-testing-tools,Zimperium,https://www.zimperium.com/zscan/,enterprise,Enterprises already using Zimperium for on-device mobile threat defense,No list price on reviewed page (checked Sep 2026),Not recorded,source-checked,2026-09-11,,https://www.zimperium.com/zscan/,no
multi-carrier-shipping-software,EasyPost,https://www.easypost.com/,mid-market,"Engineering teams and platforms that want a multi-carrier shipping API for labels, rate shopping, address verification, tracking and insurance, priced per label","Free for up to 3,000 labels on EasyPost wallet carriers, then a per-label fee; bring-your-own-carrier-accounts US$20 per month plus a per-label fee; Enterprise custom; Tracking API US$0.01 to US$0.03 per shipment; insurance 1% of value, minimum US$1.00 (checked Sep 2026)","Usage-based per label, with a monthly fee for bring-your-own-carrier-accounts",source-checked,2026-09-19,https://www.easypost.com/pricing,https://www.easypost.com/products/suite,no
multi-carrier-shipping-software,Easyship,https://www.easyship.com/,smb,"Cross-border ecommerce sellers that want discounted international courier rates, duty and tax calculation and live rates at checkout","Free for 50 shipments per month; US$29 per month for 500 shipments, US$69 for 2,500 and US$99 for 5,000 to 10,000, per the Shopify App Store listing; paid plans have a 14-day free trial (checked Sep 2026)",Monthly or annual; monthly subscriptions billed on the same day each month,source-checked,2026-09-19,https://apps.shopify.com/easyship,,no
multi-carrier-shipping-software,Metapack,https://www.metapack.com/,enterprise,Large retailers shipping across many countries that want one integration to hundreds of carriers with dynamic carrier allocation and checkout delivery options,Quote-based; no public price list (checked Sep 2026),Not recorded,source-checked,2026-09-19,,https://www.metapack.com/platform/delivery-manager/,no
multi-carrier-shipping-software,nShift,https://nshift.com/,mid-market,"European shippers that want multi-carrier booking, labels and rule-based carrier selection connected to ERP, WMS or ecommerce systems","nShift Delivery Essential, Professional and Premium plans with included monthly shipments and a per-shipment overage; plan prices did not render on the pricing page when checked; enterprise suite by quote; 14-day free trial (checked Sep 2026)",Month-to-month or annual; 14-day free trial,source-checked,2026-09-19,https://www.nshiftdelivery.com/pricing,,no
multi-carrier-shipping-software,Ordoro,https://www.ordoro.com/,smb,"Multichannel sellers on Shopify, Amazon, eBay and similar channels that want batch labels and rate comparison with optional inventory and dropshipping apps","Shipping app Essential free for 100 labels per month; Advanced US$59 per month for 3,000 labels, then US$30 per additional 1,000; Premium US$149 per month for unlimited labels; 15-day free trial (checked Sep 2026)",Monthly; no rigid contracts stated,source-checked,2026-09-19,https://www.ordoro.com/shipping-and-order-management-pricing,,no
multi-carrier-shipping-software,ProShip,https://www.proshipinc.com/,enterprise,"High-volume retailers, manufacturers and distributors that need enterprise parcel rate shopping integrated with WMS, OMS and ERP systems","Quote-based; no public price list, with pricing through a discovery call (checked Sep 2026)",Not recorded,source-checked,2026-09-19,,https://www.proshipinc.com/enterprise/,no
multi-carrier-shipping-software,Sendcloud,https://www.sendcloud.com/,mid-market,"European ecommerce shops that want multi-carrier labels, checkout delivery options and returns with published plan and per-label prices",Free for up to 20 parcels per month; Lite €28 per month plus €0.10 per label; Growth €87 plus €0.09; Premium €175 plus €0.08; Pro €639 plus €0.07; Enterprise custom; yearly billing 20% lower (checked Sep 2026),Monthly or yearly; yearly billing 20% lower; 14-day free trial,source-checked,2026-09-19,https://www.sendcloud.com/pricing/,,no
multi-carrier-shipping-software,ShipperHQ,https://shipperhq.com/,specialist,"Merchants that need live multi-carrier and LTL freight rates, shipping rules and delivery dates shown at checkout rather than label printing","On Shopify: Essentials US$75 per month for 200 orders, Standard US$350 for 1,000 orders and Advanced US$600 for 2,000 orders; enterprise tier with custom limits by contact; 15-day free trial (checked Sep 2026)",Billed every 30 days on Shopify; 15-day free trial,source-checked,2026-09-19,https://shipperhq.com/pricing/,https://apps.shopify.com/shipperhq,no
multi-carrier-shipping-software,Shippo,https://goshippo.com/,smb,"Small ecommerce sellers that want a free starting plan with discounted USPS, UPS, FedEx and DHL Express rates and a later path to a shipping API","Free plan up to 30 labels per month; Pro US$17 per month for 1 to 200 labels per month, with an annual option shown at a 10% saving; higher tiers by contact; API calls not tied to Shippo labels billed at API rates (checked Sep 2026)",Monthly or annual; annual billing shown at a 10% saving,source-checked,2026-09-19,https://goshippo.com/pricing,https://goshippo.com/shipping-api,no
multi-carrier-shipping-software,ShipStation,https://www.shipstation.com/,mid-market,"Ecommerce sellers on several stores and marketplaces that want order import, automated rate shopping and batch labels in one web app on a monthly plan","Starter US$14.99 per month for 50 shipments per month; Standard US$29.99 and Premium US$349.99 per month on the Shopify App Store listing, each variable by geography and monthly order volume; 30-day free trial (checked Sep 2026)",Monthly; plans charged for the following month of service,source-checked,2026-09-19,https://www.shipstation.com/pricing/,https://apps.shopify.com/shipstation,no
multi-entity-accounting-software,Acumatica,https://www.acumatica.com/,mid-market,"Mid-size companies that expect to add entities and users over time and prefer pricing by applications and system resources, as Acumatica documents in its pricing page and licensing guide","Acumatica publishes no list price. Its pricing page states that cost is based mainly on the applications implemented, expected usage and resources, and the deployment option, with unlimited users. The licensing guide also offers named-user licensing, and lists Intercompany Accounting and Global Financials as add-ons that the smallest edition does not include (checked Sep 2026)",Subscription; resource levels can be upgraded at any time or downgraded at the start of a quarter,source-checked,2026-09-22,https://www.acumatica.com/pricing/,https://www.acumatica.com/media/2026/05/Acumatica-Licensing-Guide-April2026-Final-May-21.pdf,no
multi-entity-accounting-software,Campfire,https://campfire.ai/,specialist,"High-growth companies that want general ledger, multi-entity consolidation, revenue recognition and close management in one AI-native system, as Campfire describes","Campfire publishes no price list. The campfire.ai/pricing address returned no page when checked, and buyers request a demo to receive a quote (checked Sep 2026)",Not recorded,source-checked,2026-09-22,,https://docs.campfire.ai/guides/journal-entries,no
multi-entity-accounting-software,DualEntry,https://www.dualentry.com/,specialist,"Growing companies that expect to add international entities and want plan tiers set by entity count, with implementation included, as DualEntry documents on its pricing page","DualEntry lists three tiers. The first covers up to 3 entities, DualEntry Plus covers up to 20 entities with an entity add-on and multi-currency consolidation, and the top tier covers unlimited entities with advanced revenue recognition, planning and SAML. List prices are not shown. Implementation is included in all plans, and extra users cost a monthly fee (checked Sep 2026)",Not recorded,source-checked,2026-09-22,https://www.dualentry.com/pricing,,no
multi-entity-accounting-software,Intuit Enterprise Suite,https://erp.intuit.com/,mid-market,"Businesses that run several entities in separate QuickBooks files and want consolidated reporting from the same vendor, as Intuit describes for Intuit Enterprise Suite","Intuit does not publish list prices. Its pricing page describes a bundle and agreement tailored to each business, and Intuit's product overview says pricing depends on single or multi-entity versions, user count and add-ons. Clients of enrolled ProAdvisor accountants can receive up to 60% off the total contract value; the discount excludes per-user charges and entities, dimensions or add-ons added after signing (checked Sep 2026)","Contract, billed annually or monthly under the contract terms",source-checked,2026-09-22,https://erp.intuit.com/pricing/,https://erp.intuit.com/blog/product-update/what-is-intuit-enterprise-suite/,no
multi-entity-accounting-software,Microsoft Dynamics 365 Business Central,https://www.microsoft.com/en-us/dynamics-365/products/business-central,smb,"Small and mid-size businesses that run several companies and want a published per-user price and a Microsoft partner to implement, as Microsoft documents in its Business Central licensing guidance","Microsoft's licensing guidance lists Business Central Essentials at $80 and Premium at $110 per user per month, billed annually. Both include multiple companies, with a limited number of companies per environment, and one production and three non-production environments. Business Central agents need Copilot Credits, sold separately. Purchase is through a partner (checked Sep 2026)","Per user per month, billed annually",source-checked,2026-09-22,https://www.microsoft.com/en-us/dynamics-365/products/business-central/pricing,https://www.microsoft.com/licensing/guidance/Dynamics-365-Business-Central,no
multi-entity-accounting-software,Oracle NetSuite OneWorld,https://www.netsuite.com/,mid-market,"Companies with domestic and international subsidiaries that want each legal entity, its tax nexus and its base currency in one NetSuite account, as Oracle documents for OneWorld","Oracle's OneWorld documentation publishes no list price. It states that subsidiary licensing is based on country and base currency combinations, and that buyers contact their NetSuite account manager for more combinations or for more than 250 subsidiaries (checked Sep 2026)",Not recorded,source-checked,2026-09-22,,https://docs.oracle.com/en/cloud/saas/netsuite/ns-online-help/section_N268563.html,no
multi-entity-accounting-software,Rillet,https://www.rillet.com/,specialist,"Venture-backed and mid-market companies, especially with subscription or usage revenue, that want consolidation and revenue recognition in one AI-native ledger, as Rillet describes",Rillet does not publish prices. Its pricing page is a demo request form without plan names or list prices (checked Sep 2026),Not recorded,source-checked,2026-09-22,https://www.rillet.com/pricing,https://www.rillet.com/product/multi-entity-accounting-consolidation,no
multi-entity-accounting-software,Sage Intacct,https://www.sage.com/en-us/sage-business-cloud/intacct/,mid-market,"Finance teams that run many entities in one shared company and want to choose a consolidation level by currency and ownership structure, as Sage documents for Sage Intacct","Sage prices Sage Intacct as a custom plan built from the modules an organization needs and does not publish list prices. Its help documentation states that consolidation is sold as a Domestic, Global or Advanced Ownership subscription, and that enabling multiple base currencies adds a fee for a consolidation subscription (checked Sep 2026)",Not recorded,source-checked,2026-09-22,https://www.sage.com/en-us/sage-business-cloud/intacct/pricing/,https://www.intacct.com/ia/docs/en_US/help_action/Consolidations/comparison-consolidation-options.htm,no
multi-entity-accounting-software,SoftLedger,https://www.softledger.com/,specialist,"Holding companies and multi-entity businesses that need to consolidate many operating and non-operating entities without per-entity fees, as SoftLedger documents on its pricing page","SoftLedger builds a custom plan for each buyer. Standard includes 3 users and financial consolidation for unlimited entities, with API credentials and a sandbox as extras. Enterprise adds multi-currency management, analytics and SSO, with digital asset management and SCIM provisioning as add-ons. View-only users cost less than full users (checked Sep 2026)",Not recorded,source-checked,2026-09-22,https://www.softledger.com/pricing,,no
multi-entity-accounting-software,Xledger,https://www.xledger.com/,mid-market,"Mid-market to large organizations that want group consolidation, intercompany and currency revaluation inside the ledger without add-ons, as Xledger describes","Xledger sells a monthly SaaS subscription with a one-time implementation fee. The price depends on the size and structure of the organization. List prices are not published, and a pricing guide is sent on request (checked Sep 2026)",Monthly subscription plus one-time implementation fee,source-checked,2026-09-22,https://www.xledger.com/pricing/,,no
nonprofit-fundraising-software,Blackbaud Raiser's Edge NXT,https://www.blackbaud.com/products/blackbaud-raisers-edge-nxt,enterprise,"Established nonprofits that run annual, sustainer and major-gift programs side by side, because Raiser's Edge NXT reports on each program and tracks prospects through defined stages","No public price. Blackbaud states that price depends on organization size, number of users, selected solutions or modules, and the level of support and services. It states that quotes typically include implementation, training and ongoing support (checked Sep 2026)",Quote-based; terms not published,source-checked,2026-09-22,https://www.blackbaud.com/pricing,,no
nonprofit-fundraising-software,Bloomerang,https://bloomerang.com/,mid-market,"Nonprofits that want donation forms, events, a donor CRM and volunteer tools in one product, because Bloomerang sells them together as its Giving Platform","The Giving Platform, which bundles Bloomerang Fundraising, CRM, Volunteer, Prospect AI and predictive donor insights, starts at $242 a month, billed annually. Bloomerang Fundraising starts at $40 a month, billed annually, and must be bought with Bloomerang CRM. Price depends on the number of records, and every plan has unlimited users (checked Sep 2026)",Billed annually,source-checked,2026-09-22,https://bloomerang.com/pricing/,,no
nonprofit-fundraising-software,Donorbox,https://donorbox.org/,smb,"Nonprofits that want to add donation forms and campaigns to an existing website with no subscription, because the Donorbox Standard plan is free","Standard is free with fees between 2.95% and 3.95%. Pro costs $150 a month, with a discount for yearly billing and fees between 1.75% and 2%. Premium is quoted, with fees between 1.6% and 2%. Donorbox Live Kiosk costs $80 a month or $820 a year for the first device and $15 a month for each extra device, plus a 1.75% platform fee and Stripe processing (checked Sep 2026)","Pro billed monthly, with a yearly billing discount",source-checked,2026-09-22,https://donorbox.org/pricing,,no
nonprofit-fundraising-software,DonorPerfect,https://www.donorperfect.com/,mid-market,"Nonprofits that run email and direct-mail appeals from their donor database, because DonorPerfect bundles Constant Contact and adds direct-mail segmentation in its Pro plan","Three plans, Core, Plus and Pro, each quoted after a request. Core covers donor management, donation, volunteer, membership and event forms, donor portals and payment processing. Plus adds QuickBooks integration, ReadySetAuction, crowdfunding, moves management, batch gift entry and 5 scheduled reports. Pro adds enterprise direct-mail segmentation, enterprise reports, custom API access, phone support and 100 scheduled reports (checked Sep 2026)",Quote-based; terms not published,source-checked,2026-09-22,https://www.donorperfect.com/pricing/,,no
nonprofit-fundraising-software,Givebutter,https://www.givebutter.com/,smb,"Small and new nonprofits that need forms, events, auctions and a donor database without a subscription, because Givebutter's core product is free when donor tips are on","Free core product. With optional donor tips on, the platform fee is 0% and the nonprofit pays no processing fee. With tips off, a 3% platform fee and standard processing of 2.9% plus 30 cents apply. Givebutter Plus starts at $29 a month billed annually ($348 a year), or $33.80 month to month, and is priced by contact count (checked Sep 2026)",Plus billed monthly or annually,source-checked,2026-09-22,https://www.givebutter.com/pricing,,no
nonprofit-fundraising-software,GoFundMe Pro,https://pro.gofundme.com/,mid-market,"Nonprofits whose revenue comes mostly from online, recurring and peer-to-peer giving, because GoFundMe Pro includes unlimited donation pages and forms and connects to the GoFundMe community","No public price. Buyers submit organization details and GoFundMe Pro recommends a plan. Listed features include unlimited donation pages and forms, recurring giving, campaign insights and reporting, GoFundMe Pay, Intelligent Ask Amounts and fraud protection. Live Events and the Salesforce integration are optional add-ons for an additional fee (checked Sep 2026)",Quote-based; terms not published,source-checked,2026-09-22,https://pro.gofundme.com/pricing/,,no
nonprofit-fundraising-software,Little Green Light,https://www.littlegreenlight.com/,smb,"Small development teams that need a donor database with online forms at a fixed, published price, because Little Green Light sells one plan priced only by record count","One plan priced by constituent records: $45 a month up to 2,500, $60 up to 5,000, $75 up to 10,000, $90 up to 20,000, $105 up to 30,000, $120 up to 40,000 and $135 up to 50,000. Each further 10,000 adds $15 a month, up to 200,000 records. Prepay discounts apply. Form payments carry Stripe or PayPal fees (checked Sep 2026)",Monthly or annual subscription; no contract,source-checked,2026-09-22,https://www.littlegreenlight.com/pricing/,,no
nonprofit-fundraising-software,Neon CRM,https://neonone.com/,mid-market,"Nonprofits building large supporter lists, because Neon CRM prices on revenue instead of record count","Neon CRM starts at $139 a month and is priced on revenue, not records. It includes supporter profiles, dashboards, workflows, grant management, campaigns and forms, peer-to-peer, recurring gifts and donor-advised fund gifts, payment processing, email and text. Neon Fundraise for peer-to-peer and endurance events starts at $158 a month. Neon Websites starts at $69 a month (checked Sep 2026)",Monthly starting price; billing cadence not stated,source-checked,2026-09-22,https://neonone.com/pricing/,,no
nonprofit-fundraising-software,Virtuous,https://virtuous.org/,mid-market,"Nonprofits with gift officers who manage donor portfolios, because Virtuous sells an AI agent that prioritizes donors and drafts outreach for them","No public price. Virtuous sells CRM+ as the core, with Raise for online giving, Momentum for gift officers, Insights for predictive analytics, Analytics for business intelligence and Volunteer as further products. The page describes flexible pricing and bundles, quoted by sales. Unlimited users are listed in CRM+ (checked Sep 2026)",Quote-based; terms not published,source-checked,2026-09-22,https://virtuous.org/pricing/,,no
nonprofit-fundraising-software,Zeffy,https://www.zeffy.com/,smb,"Budget-constrained nonprofits that sell tickets, memberships and raffles as well as taking donations, because Zeffy charges no fees on any of them","Free. Zeffy states that it charges no platform fee and covers transaction and card fees, and that it earns only from optional tips donors add at checkout. Every feature is included, with no paid tier (checked Sep 2026)",Free; funded by optional donor tips,source-checked,2026-09-22,https://www.zeffy.com/pricing,,no
operational-analytics-platforms,Celonis,https://www.celonis.com/,enterprise,"Large enterprises that need to analyze and improve end-to-end processes such as supply chain, order-to-cash and IT modernization from system event data, as Celonis documents for its Process Intelligence platform","Quote only. The Celonis pricing URL opens a contact form, and no plan or rate is published (checked Sep 2026)",Not recorded,source-checked,2026-09-22,https://www.celonis.com/pricing/,,no
operational-analytics-platforms,ClickHouse Cloud,https://clickhouse.com/cloud,open-source,"Engineering and data teams that need low-latency analytical queries over large volumes of events, logs and time-series data, as ClickHouse documents for ClickHouse Cloud","Billed on compute, storage, data transfer and ClickPipes usage. ClickHouse's AWS us-east-1 examples show a Basic service from $66.52 a month and a Scale service, with auto-scaling and two or more replicas, from $499.38 a month. Enterprise starting prices vary (checked Sep 2026)","Usage-based, metered by compute, storage and transfer",source-checked,2026-09-22,,https://clickhouse.com/docs/cloud/manage/billing/overview,no
operational-analytics-platforms,Dynatrace,https://www.dynatrace.com/,enterprise,"Operations and digital business teams that need business metrics, KPIs and process steps monitored together with the IT services that run them, as Dynatrace documents for Business Observability","Annual commitment at the platform level, drawn down at published rate-card prices. Foundation and Discovery lists at $7 per host a month, Infrastructure Monitoring at $29 per host a month and Full-Stack Monitoring at $58 per 8 GiB host a month. Log Analytics pay-per-query lists $0.20 per GiB ingested, $0.0007 per GiB-day retained and $0.0035 per GiB scanned (checked Sep 2026)",Annual commitment drawn down at rate-card prices,source-checked,2026-09-22,https://www.dynatrace.com/pricing/,,no
operational-analytics-platforms,Elastic,https://www.elastic.co/,mid-market,"Engineering and operations teams that need log, metric and trace analytics with a choice of serverless, hosted or self-managed deployment, as Elastic documents for Elastic Observability","Elastic Observability Serverless Logs Essentials lists ingest from $0.07 per GB and retention from $0.017 per GB a month. The Complete tier lists ingest from $0.09 per GB for logs and traces and $0.023 per GB for metrics. Egress includes 50 GB free, then $0.05 per GB. Elastic Cloud Hosted uses resource-based pricing, and self-managed licensing is based on nodes and RAM (checked Sep 2026)",Pay as you go monthly or prepaid; self-managed licensed by nodes and RAM,source-checked,2026-09-22,https://www.elastic.co/pricing/serverless-observability,,no
operational-analytics-platforms,Grafana Cloud,https://grafana.com/,mid-market,"Engineering and operations teams that build shared dashboards over metrics, logs and traces from many data sources, as Grafana Labs documents for Grafana Cloud","Free plan with limited usage and 14 days of retention. Pro costs $19 a month plus usage, with 10,000 active metric series included and metrics billed from $6.50 per 1,000 series, falling in volume tiers. Enterprise starts at a $25,000 yearly spend commitment with custom retention and premium support (checked Sep 2026)",Monthly platform fee plus usage; Enterprise on an annual commit,source-checked,2026-09-22,https://grafana.com/pricing/,,no
operational-analytics-platforms,Microsoft Fabric Real-Time Intelligence,https://www.microsoft.com/en-us/microsoft-fabric/features/real-time-intelligence,enterprise,"Organizations on Microsoft Fabric or Power BI that need to ingest, analyze, visualize and act on streaming operational data, as Microsoft documents for Real-Time Intelligence","Billed through shared Fabric capacity units (CUs), pay-as-you-go with a one-minute minimum or reserved for 1 or 3 years, which Microsoft states saves about 41%. Eventhouse consumes 1 CU hour per core per active hour; Eventstream starts at 0.222 CU hours per active hour plus 0.342 CU hours per GB of traffic. Storage is billed separately. Dollar rates per SKU appear in the Azure calculator by region (checked Sep 2026)",Pay-as-you-go per capacity unit or 1- or 3-year reservation,source-checked,2026-09-22,https://azure.microsoft.com/en-us/pricing/details/microsoft-fabric/,https://learn.microsoft.com/en-us/fabric/real-time-intelligence/real-time-intelligence-consumption,no
operational-analytics-platforms,Qlik Cloud Analytics,https://www.qlik.com/us/products/qlik-cloud-analytics,mid-market,"Business and analytics teams that need interactive dashboards, alerts and automated actions over data combined from many operational systems, including SAP, as Qlik documents for Qlik Cloud Analytics","Starter costs $300 a month for 10 users and 10 GB of data. Standard costs $825 a month for 25 GB with no charge for additional users. Premium costs $2,750 a month for 50 GB and adds predictive analytics and SAP data extraction. All three are billed annually. Enterprise starts at 250 GB and is quoted (checked Sep 2026)",Billed annually; capacity-based by GB of data for analysis,source-checked,2026-09-22,https://www.qlik.com/us/pricing,,no
operational-analytics-platforms,SingleStore,https://www.singlestore.com/,mid-market,"Engineering teams that need a single database to ingest streaming data and serve low-latency analytical queries for operational applications, as SingleStore documents for Helios Cloud","A shared workspace is free for evaluation. Standard starts at $0.99 an hour and Enterprise at $1.49 an hour, with 99.9% (one zone) or 99.99% (two zones) SLAs. Standard is also offered in the buyer's own cloud. SingleStore states that calculator figures are estimates and volume discounts are available (checked Sep 2026)","Usage-based per hour, with credits",source-checked,2026-09-22,https://www.singlestore.com/pricing/,,no
operational-analytics-platforms,Splunk,https://www.splunk.com/,enterprise,"Organizations that need to search and analyze large volumes of machine, log and event data across IT and business services, as Splunk documents for Splunk Platform and IT Service Intelligence","Quote only. Splunk Cloud Platform offers activity-based, ingest or workload pricing for unlimited users, and Splunk Enterprise offers ingest or workload pricing for private cloud and on-premises deployments. Eligible Cisco telemetry counts at a 0.5x weighted ingest rate. Cloud Flex lets buyers reallocate spend across Splunk products without new procurement (checked Sep 2026)","Quote-based subscription; activity, ingest or workload metric",source-checked,2026-09-22,https://www.splunk.com/en_us/products/pricing.html,,no
operational-analytics-platforms,Tinybird,https://www.tinybird.co/,smb,"Developers who need to ingest events and publish low-latency analytics APIs for product features and internal operational tools, as Tinybird documents","A free tier includes 1,000 requests a day and 10 GB of storage. The Developer plan starts at $25 a month in the plan table, with a $49 a month configuration shown at 0.5 vCPUs. SaaS and Enterprise plans are custom and discounted for yearly commitments. Storage costs $0.058 per GB and vCPU overages $0.0002 per second (checked Sep 2026)",Monthly plan plus overages; yearly commitment discounts on custom plans,source-checked,2026-09-22,https://www.tinybird.co/pricing,,no
order-management-software,Brightpearl,https://www.brightpearl.com/,mid-market,"Growing retailers and wholesalers that sell online, in store and B2B and want order management, inventory, fulfilment rules and retail accounting in one system","No public price list; tailored pricing after a scoping call and demo, with unlimited users included (checked Sep 2026)",Not recorded,source-checked,2026-09-19,https://www.brightpearl.com/pricing,https://www.brightpearl.com/pricing,no
order-management-software,Extensiv Order Manager,https://www.extensiv.com/extensiv-order-manager,mid-market,"Brands that sell on several marketplaces and storefronts and fulfil from more than one warehouse or 3PL, needing logic-based routing and order splitting","No public prices; four plans (Core, In-House, Network and 360) listed without figures, quote on request (checked Sep 2026)",Not recorded,source-checked,2026-09-19,,https://www.extensiv.com/brands/order-management,no
order-management-software,Fluent Commerce,https://fluentcommerce.com/,enterprise,"Omnichannel retailers and multi-brand groups that want an API-first, event-driven OMS for inventory availability, store fulfilment, returns and delivery promises","No public price list; pricing page lists no figures, quote on request (checked Sep 2026)",Not recorded,source-checked,2026-09-19,https://fluentcommerce.com/pricing/,https://fluentcommerce.com/order-management-system/,no
order-management-software,IBM Sterling Order Management,https://www.ibm.com/products/order-management,enterprise,"Large, multi-site retailers and brands with high order-line volumes that need order orchestration, inventory promising, store engagement and call centre order servicing",Indicative per-line pricing: Essentials 2.8c and Standard 4.5c per order line monthly (SaaS); Professional 1.5c and Enterprise 1.8c per line (containers); varies by country (checked Sep 2026),per line monthly,source-checked,2026-09-19,https://www.ibm.com/products/order-management/pricing,,no
order-management-software,KIBO Order Management,https://kibocommerce.com/platform/order-management/,enterprise,"Retailers, manufacturers and distributors running store, DC and dropship fulfilment that need real-time inventory, delivery promises and rules-based routing","No public prices; Starter, Essentials and Advanced packages listed without figures, quote on request (checked Sep 2026)",Not recorded,source-checked,2026-09-19,,https://docs.kibocommerce.com/solutions/order-management,no
order-management-software,Linnworks,https://www.linnworks.com/,mid-market,"Multichannel sellers on Amazon, eBay and other marketplaces that want rules-based order routing, shipping labels and inventory sync across 100+ channels from one platform","No public price list; quote based on order volume, not revenue, with add-on modules (checked Sep 2026)",Not recorded,source-checked,2026-09-19,https://www.linnworks.com/pricing/,https://www.linnworks.com/pricing/,no
order-management-software,Sellercloud,https://www.sellercloud.com/,mid-market,"High-volume omnichannel sellers that want order management, an order rule engine, warehouse management, listings and shipping in one platform with unlimited users","From US$1,349/month; annual subscription based on order volume and add-ons (checked Sep 2026)",Annual subscription,source-checked,2026-09-19,https://www.sellercloud.com/pricing/,,no
order-management-software,SKULabs,https://www.skulabs.com/,smb,"Small and mid-sized ecommerce sellers that ship from their own warehouses and want order management, barcode scanning and label printing on month-to-month terms","Starter US$299/mo, Basic US$499/mo, Growth US$799/mo, Pro US$999/mo, Enterprise US$1,999/mo; overage per order (checked Sep 2026)",Flexible Month to Month Billing,source-checked,2026-09-19,https://www.skulabs.com/pricing,,no
order-management-software,Veeqo,https://www.veeqo.com/,smb,"Multichannel sellers on Amazon, Shopify, eBay, Walmart and WooCommerce that want free shipping software with optional paid inventory sync and digital picking",Shipping plan free; Inventory plan US$19/month; High Volume US$350/month; monthly charge set by order volume (checked Sep 2026),Not recorded,source-checked,2026-09-19,https://www.veeqo.com/pricing,,no
order-management-software,Zoho Inventory,https://www.zoho.com/inventory/,smb,"Small businesses selling on Amazon, eBay, Etsy and Shopify that want sales orders, packages, shipping and stock in one low-cost system, with a free entry plan","Free plan (50 orders); Standard US$29, Premium US$79, Plus US$129, Enterprise US$249 per organisation/month billed annually (checked Sep 2026)",per organization / month billed annually,source-checked,2026-09-19,https://www.zoho.com/inventory/pricing/,https://www.zoho.com/inventory/order-management/,no
payment-processing-solutions,Adyen,https://www.adyen.com/pricing,enterprise,"Global enterprises unifying online, in-person and platform payments on one contract",US Visa/Mastercard: $0.13 + 0.60% + interchange++ per transaction (checked Sep 2026),Not recorded,source-checked,2026-09-11,https://www.adyen.com/pricing,https://www.adyen.com/pricing,no
payment-processing-solutions,Authorize.net,https://www.authorize.net/sign-up/pricing.html,mid-market,Merchants who already have or want a merchant account paired with a widely integrated payment gateway,US: All-in-one $25/mo + 2.9% + 30 cents per transaction; Gateway only $25/mo + 10 cents per transaction (checked Sep 2026),Not recorded,source-checked,2026-09-11,https://www.authorize.net/sign-up/pricing.html,https://www.authorize.net/sign-up/pricing.html,no
payment-processing-solutions,Braintree,https://www.braintreepayments.com/pricing,mid-market,Growing merchants wanting a full-stack PayPal-owned gateway with a single blended card rate,2.89% + $0.29 per transaction for standard US merchants; custom rates available for established businesses (checked Sep 2026),Not recorded,source-checked,2026-09-11,https://www.paypal.com/us/enterprise/paypal-braintree-fees,https://www.paypal.com/us/enterprise/paypal-braintree-fees,no
payment-processing-solutions,Checkout.com,https://www.checkout.com/pricing,enterprise,High-growth global merchants prioritizing payment acceptance rates and AI-driven optimization over a published rate card,Quote-based (checked Sep 2026),Not recorded,source-checked,2026-09-11,https://www.checkout.com/pricing,https://www.checkout.com/pricing,no
payment-processing-solutions,Helcim,https://www.helcim.com/pricing/,smb,Small and mid-sized merchants wanting published interchange-plus rates with no monthly fees or contracts,"US entry tier ($0-$50K/mo volume): interchange + 0.40% + 8 cents in-person, interchange + 0.50% + 25 cents keyed/online (checked Sep 2026)",Not recorded,source-checked,2026-09-11,https://www.helcim.com/pricing/,https://www.helcim.com/pricing/,no
payment-processing-solutions,Payoneer,https://www.payoneer.com/pricing/,specialist,Marketplace sellers and freelancers receiving cross-border payments who also need a lightweight checkout option,Receiving via credit card: up to 3.99% + $0.49; local-currency receiving account: free (checked Sep 2026),Not recorded,source-checked,2026-09-11,https://www.payoneer.com/pricing/,https://www.payoneer.com/pricing/,no
payment-processing-solutions,PayPal,https://www.paypal.com/us/business/fees,enterprise,Merchants who want the PayPal brand and Venmo at checkout to lift conversion,US: PayPal Checkout 3.49% + $0.49; Expanded Checkout advanced card processing 2.89% + $0.29 (checked Sep 2026),Not recorded,source-checked,2026-09-11,https://www.paypal.com/us/business/fees,https://www.paypal.com/us/business/fees,no
payment-processing-solutions,Square,https://squareup.com/us/en/pricing,smb,Retail and food-service businesses needing matched in-person and online payments with free-tier hardware and software,"US Free plan: 2.6% + 15 cents in person, 3.3% + 30 cents online, 3.5% + 15 cents keyed (checked Sep 2026)",Not recorded,source-checked,2026-09-11,https://squareup.com/help/us/en/article/5068-fees-pricing,https://squareup.com/us/en/pricing,no
payment-processing-solutions,Stax,https://staxpayments.com/pricing/,mid-market,Established merchants with steady monthly volume who want interchange passed through with a flat subscription instead of a percentage markup,"US: subscription from $99/mo plus $0.08 in-person and $0.15 card-not-present per transaction, 0% markup on interchange (checked Sep 2026)",Not recorded,source-checked,2026-09-11,https://staxpayments.com/pricing/,https://staxpayments.com/pricing/,no
payment-processing-solutions,Stripe,https://stripe.com/pricing,enterprise,Developer teams building custom checkout and marketplace payment flows,Country-specific per-transaction rates; the reviewed page geolocated to India and showed 2% for domestic Mastercard/Visa (checked Sep 2026),Not recorded,source-checked,2026-09-11,https://stripe.com/pricing,https://stripe.com/pricing,no
payroll-software,Deel,https://www.deel.com/,enterprise,Teams paying contractors and employees across many countries,From $49/contractor/mo (checked Sep 2026),"Month-to-month, no long-term commitment; US PEO currently promoted with 3 months free for new orders through Dec 31, 2026",source-checked,2026-09-08,https://www.deel.com/pricing,,no
payroll-software,greytHR,https://www.greythr.com/,specialist,Indian employers needing statutory payroll and compliance,"From ₹2,495/mo for up to 50 employees (checked Sep 2026)",Monthly; additional employees beyond the included 50 billed at ₹45/employee (Essential); Premium tier is custom-priced,source-checked,2026-09-08,https://www.greythr.com/pricing/,,no
payroll-software,Gusto,https://gusto.com/,smb,US small businesses wanting transparent all-in payroll pricing,From $49/mo plus $6 per person/mo (checked Sep 2026),Not recorded,source-checked,2026-09-11,https://gusto.com/product/pricing,https://gusto.com/,no
payroll-software,OnPay,https://onpay.com/,smb,Small businesses wanting one flat plan with no feature gates,From $49/mo plus $6 per worker/mo (checked Sep 2026),No implementation or integration fees; separate discounted/revenue-share tiers for accounting-firm partners by client count,source-checked,2026-09-08,https://onpay.com/payroll/software/costs-pricing/,,no
payroll-software,Paychex Flex,https://www.paychex.com/payroll-taxes/payroll-services,mid-market,Growing employers wanting a serviced bureau with HR advisory,Quote-based (checked Sep 2026),Not published; pricing request form and free-quote path offered instead of listed rates,source-checked,2026-09-08,https://www.paychex.com/payroll-taxes/payroll-services,,no
payroll-software,Remote,https://remote.com/,specialist,Companies with foreign entities needing local payroll runs,From $29/employee/mo for payroll; EOR from $699/employee/mo (checked Sep 2026),"No platform, onboarding or setup fees on most products; PEO from $99/employee/mo requires a US bank account",source-checked,2026-09-08,https://remote.com/pricing,,no
payroll-software,Rippling,https://www.rippling.com/,mid-market,"Companies consolidating payroll, HR and IT on one record",Quote-based (checked Sep 2026),Not published; quote form asks for headcount band and products; most products billed per-employee/month plus a required core platform subscription,source-checked,2026-09-08,https://www.rippling.com/pricing,,no
payroll-software,RUN Powered by ADP,https://www.adp.com/what-we-offer/products/run-powered-by-adp.aspx,smb,Small employers wanting an established bureau with tax liability support,Quote-based (checked Sep 2026),Not published; buyers directed to a pricing request form or sales line; 3 free months of processing currently promoted,source-checked,2026-09-08,https://www.adp.com/what-we-offer/products/run-powered-by-adp.aspx,,no
payroll-software,Square Payroll,https://squareup.com/us/en/payroll,smb,Retail and restaurant teams already using Square point of sale,From $35/mo (checked Sep 2026),"Month-to-month, no long-term contract; contractor-only option has no base fee, $6/contractor/mo",source-checked,2026-09-08,https://squareup.com/us/en/payroll/pricing,,no
payroll-software,Zoho Payroll,https://www.zoho.com/us/payroll/,smb,Businesses standardised on the wider Zoho application suite,From $39/mo (checked Sep 2026),Monthly listed (Standard $39/org + $6/employee); billed annually falls to $29/org + $5/employee,source-checked,2026-09-08,https://www.zoho.com/us/payroll/pricing/,,no
pr-analytics-tools,Agility PR Solutions,https://www.agilitypr.com/,mid-market,Mid-market teams that want ROI dashboards bundled with monitoring and a media database,Quote-based (checked Sep 2026),Not recorded,source-checked,2026-09-11,https://www.agilitypr.com/plans/,https://www.agilitypr.com/,no
pr-analytics-tools,Cision,https://www.cision.com/,enterprise,Large communications teams benchmarking share of voice against named competitors,Quote-based (checked Sep 2026),Not recorded,source-checked,2026-09-11,,https://www.cision.com/ai-visibility/,no
pr-analytics-tools,CoverageBook,https://coveragebook.com/,smb,"Publicists and agencies that need a fast, client-ready coverage report","Bronze $99/mo, Bronze Plus $169/mo, Silver $229/mo, Gold $599/mo, excl. VAT (checked Sep 2026)",Not recorded,source-checked,2026-09-11,https://coveragebook.com/pricing,https://coveragebook.com/,no
pr-analytics-tools,Meltwater,https://www.meltwater.com/en/products/pr-reporting,enterprise,Teams that need a dedicated PR reporting product inside a wider media suite,Quote-based (checked Sep 2026),Not recorded,source-checked,2026-09-11,https://www.meltwater.com/en/pricing,https://www.meltwater.com/en/products/pr-reporting,no
pr-analytics-tools,Memo,https://memo.co/for-brands/,specialist,Large brands wanting verified readership data instead of modeled impressions,Quote-based (checked Sep 2026),Not recorded,source-checked,2026-09-11,https://memo.co/,https://memo.co/for-brands/,no
pr-analytics-tools,Muck Rack,https://muckrack.com/,mid-market,PR teams that want measurement built into the same tool used for pitching,Quote-based (checked Sep 2026),Not recorded,source-checked,2026-09-11,https://muckrack.com/pricing,https://muckrack.com/,no
pr-analytics-tools,Onclusive,https://onclusive.com/,enterprise,Enterprise comms teams that need coverage tied to business outcomes,Core platform quote-based; GEO Analytics AI-visibility module from $105/mo (checked Sep 2026),Not recorded,source-checked,2026-09-11,https://onclusive.com/products/geo-analytics/,https://onclusive.com/,no
pr-analytics-tools,Propel AI (formerly Propel PRM),https://www.propelmypr.com/,specialist,Small PR teams wanting attribution and productivity metrics from a CRM built for PR,Quote-based (checked Sep 2026),billed annually,source-checked,2026-09-11,https://propel-ai.com/pricing,https://propel-ai.com/,no
pr-analytics-tools,Prowly (Semrush AI PR Toolkit),https://www.semrush.com/pricing/pr/,smb,Small teams inside the Semrush ecosystem wanting AI-cited media discovery with basic attribution,"Base $149/mo, Pro $279/mo, billed annually (checked Sep 2026)",Not recorded,source-checked,2026-09-11,https://www.semrush.com/pricing/pr/,https://www.semrush.com/pricing/pr/,no
predictive-analytics-tools,Alteryx,https://www.alteryx.com/,mid-market,Business analysts who prepare and blend data without code and want to add predictive modelling to existing analytics workflows,"Alteryx One Starter US$250 per user per month, billed annually (1 to 10 users); Professional and Enterprise by quote (checked Sep 2026)",Starter billed annually per user; Professional and Enterprise terms by quote,source-checked,2026-09-19,https://www.alteryx.com/pricing,https://www.alteryx.com/products/alteryx-machine-learning,no
predictive-analytics-tools,Amplitude,https://amplitude.com/,mid-market,Digital product teams with large consumer audiences that want predictive cohorts built from behavioural event data,Free plan with 2M events per month; Plus starts at US$0 with the first 2M events free; Growth and Enterprise custom (checked Sep 2026),Plus billed by event volume and requires a credit card; Growth and Enterprise by quote,source-checked,2026-09-19,https://amplitude.com/pricing,https://amplitude.com/docs/analytics/predictive/predictions,no
predictive-analytics-tools,Braze,https://www.braze.com/,enterprise,Consumer brands already running cross-channel messaging that want churn and conversion predictions built into campaign targeting,"Quote-based, priced by monthly active users plus Action Credits for messaging; predictive AI listed from the Braze Pro edition (checked Sep 2026)",Not recorded,source-checked,2026-09-19,https://www.braze.com/pricing,https://www.braze.com/docs/user_guide/brazeai/predictive_suite,no
predictive-analytics-tools,Dataiku,https://www.dataiku.com/,enterprise,"Enterprises that want analysts, data scientists and engineers to build, deploy and govern predictive models in one shared platform",Quote-based; 14-day free cloud trial for up to five users and a downloadable Free Edition (checked Sep 2026),Not recorded,source-checked,2026-09-19,https://www.dataiku.com/product/get-started/,https://www.dataiku.com/product/plans-and-features/,no
predictive-analytics-tools,DataRobot,https://www.datarobot.com/,enterprise,"Enterprise data science teams that need automated model building, time series forecasting, deployment and monitoring on one governed platform",Quote-based; the pricing URL leads to a product page with no list prices; a free trial is offered (checked Sep 2026),Not recorded,source-checked,2026-09-19,https://www.datarobot.com/pricing/,https://www.datarobot.com/product/predictive-ai/,no
predictive-analytics-tools,H2O.ai,https://h2o.ai/,open-source,"Data science teams that want open-source machine learning at no licence cost, with a commercial AutoML option for regulated model explainability",H2O-3 open source under the Apache License 2.0 at no licence cost; Driverless AI and the enterprise platform quote-based (checked Sep 2026),Not recorded,source-checked,2026-09-19,,https://docs.h2o.ai/h2o/latest-stable/h2o-docs/welcome.html,no
predictive-analytics-tools,IBM SPSS Modeler,https://www.ibm.com/products/spss-modeler,enterprise,Statistical and research teams that prefer a visual desktop modelling tool with classic algorithms and optional text analytics,"Subscription from US$529 per month (indicative, varies by country); Professional, Premium and Gold editions as one-time purchases, prices not listed (checked Sep 2026)",Annual subscription or one-time perpetual purchase,source-checked,2026-09-19,https://www.ibm.com/products/spss-modeler/pricing,,no
predictive-analytics-tools,Pecan AI,https://www.pecan.ai/,specialist,"Marketing, sales, finance and customer success teams that want churn, lifetime value, lead scoring and demand predictions without a dedicated data science team","Starter, Team and Business plans; no plan prices published; no setup fee; larger deployments by quote (checked Sep 2026)",Not recorded,source-checked,2026-09-19,https://www.pecan.ai/pricing/,,no
predictive-analytics-tools,SAS Viya,https://www.sas.com/en_us/software/viya.html,enterprise,"Regulated enterprises, such as banks, insurers and public bodies, that need governed statistical modelling and decisioning across cloud, hybrid or on-premises deployments",Quote-based; no list prices published (checked Sep 2026),Not recorded,source-checked,2026-09-19,,https://www.sas.com/en_us/software/viya.html,no
privileged-access-management-solutions,BeyondTrust Password Safe,https://www.beyondtrust.com/products/password-safe,enterprise,Organisations that want privileged credentials and workforce passwords under one control,"Quote-based; the pricing page is a request form and publishes no plan names, tiers or figures (checked Sep 2026)",Not recorded; the pricing page offers a custom quote without stating a billing cadence,source-checked,2026-09-18,https://www.beyondtrust.com/pricing,,no
privileged-access-management-solutions,CyberArk (Idira by Palo Alto Networks),https://www.cyberark.com/products/privileged-access-manager/,enterprise,"Large estates consolidating human, machine and agentic privilege onto one platform",Quote-based; the pricing URL resolves to the Idira platform page and publishes no list price or plan structure (checked Sep 2026),Not recorded; no billing cadence is published on the product or pricing pages,source-checked,2026-09-18,https://www.cyberark.com/pricing/,,no
privileged-access-management-solutions,Delinea Secret Server,https://delinea.com/products/secret-server,enterprise,Teams that want a documented edition ladder before committing to a vault,"Quote-based; Delinea directs all pricing to a quote request, and the documentation splits Secret Server On-Premises into Vault, Professional and Platinum editions (checked Sep 2026)",Not recorded; the quote request page states no billing cadence. Documentation records that the Vault edition covers 25 users and that Professional and Platinum are licensed by user,source-checked,2026-09-18,https://delinea.com/request-a-quote,https://docs.delinea.com/online-help/secret-server/setup/feature-set/index.htm,no
privileged-access-management-solutions,Keeper Security (KeeperPAM),https://www.keepersecurity.com/privileged-access-management/,mid-market,Organisations extending an existing password manager into privileged access,"Quote-based for KeeperPAM, which the pricing page states is available through sales with pricing tailored to organisation size; Business and Enterprise password manager plans are sold per user per month billed annually (checked Sep 2026)","Per user per month billed annually for the password manager plans; KeeperPAM is quoted, and managed service providers pay monthly in arrears for used licences",source-checked,2026-09-18,https://www.keepersecurity.com/pricing/business-and-enterprise.html,https://docs.keeper.io/en/keeperpam/privileged-access-manager/getting-started/keeperpam-licensing,no
privileged-access-management-solutions,ManageEngine PAM360,https://www.manageengine.com/privileged-access-management/,mid-market,Buyers that need a published price list before opening a sales conversation,"Subscription billed annually from $7,995 per year for 10 administrators and 25 keys, rising to $49,995 per year for 200 administrators and 1,000 keys; perpetual licences from $19,995 one-time plus $3,999 annual maintenance (checked Sep 2026)",Subscription billed annually with annual maintenance and support included; perpetual model is a one-time licence fee plus a separate annual maintenance and support fee,source-checked,2026-09-18,https://www.manageengine.com/privileged-access-management/pricing.html,,no
privileged-access-management-solutions,Netwrix Privilege Secure,https://netwrix.com/en/products/privilege-secure/,mid-market,Active Directory estates removing standing domain administrator accounts,"Quote-based; Netwrix directs privileged access management pricing to a quote request, and documents licensing by the total number of users who log in to the product (checked Sep 2026)",Not recorded; the pricing page requests a quote without stating a cadence. Licensing is by user count and the licence is documented as including all features,source-checked,2026-09-18,https://netwrix.com/en/pricing/,,no
privileged-access-management-solutions,One Identity Safeguard,https://www.oneidentity.com/one-identity-safeguard/,enterprise,"Buyers that want session management and behavioural analytics alongside, or without, a vault","Quote-based; no list price, plan tier or entry point is published on the Safeguard product pages (checked Sep 2026)",Not recorded; no billing cadence is stated on the product pages,source-checked,2026-09-18,,https://www.oneidentity.com/products/one-identity-safeguard-for-privileged-passwords/,no
privileged-access-management-solutions,StrongDM,https://www.strongdm.com/pricing,specialist,Engineering teams that want one authorisation layer in front of existing vaults,"Quote-based; the pricing page describes a single-SKU, per-user model including every feature but publishes no rate (checked Sep 2026)","Per user under a single SKU; no cadence or rate is published, and premium support packages are priced separately",source-checked,2026-09-18,https://www.strongdm.com/pricing,https://www.strongdm.com/privileged-access-management,no
privileged-access-management-solutions,Teleport,https://goteleport.com/,open-source,Infrastructure teams replacing shared credentials with short-lived certificates,"Community Edition is free and open source; Enterprise Cloud and Enterprise Self-Hosted are quote-based, and the pricing page is a request form with no published figures (checked Sep 2026)",Not recorded for the paid editions; Enterprise Self-Hosted requires a valid licence obtained through the vendor,source-checked,2026-09-18,https://goteleport.com/pricing/,https://goteleport.com/docs/get-started/,no
product-catalog-management-software,Akeneo,https://www.akeneo.com/,mid-market,"Brands, manufacturers and retailers that need to centralize and enrich product data for many channels, from a free self-hosted start to an enterprise SaaS package, as Akeneo documents","Akeneo PIM Community Edition is free open-source software that the buyer installs and hosts. The SaaS Product Cloud comes in Growth, Advanced and Enterprise packages. The compare-packages page lists the features of each but does not show a price StatWharf could match to a package, so SaaS pricing is treated as quote-based. The akeneo.com/pricing URL returned 404 when checked (checked Sep 2026)",Not recorded,source-checked,2026-09-22,,https://www.akeneo.com/compare-packages/,no
product-catalog-management-software,Bluestone PIM,https://www.bluestonepim.com/,mid-market,"Midsize to enterprise companies, especially wholesalers and distributors, that want a composable SaaS PIM connected by API, as Bluestone PIM documents",Bluestone PIM does not publish prices. The pricing page states that the product suits midsize to enterprise companies and asks buyers to request a quote. It lists 24/7 customer support for all users (checked Sep 2026),Not recorded,source-checked,2026-09-22,https://www.bluestonepim.com/pricing,,no
product-catalog-management-software,Catsy,https://catsy.com/,smb,"Manufacturers, B2B brands and wholesale distributors that manage specs, variants and media across retail and ecommerce channels, as Catsy documents","Catsy sells packages by use case, including Shopify, industrial distributor and BigCommerce. The Shopify package has Essential, Multi-Store and Enterprise tiers. Essential offers a free trial, Multi-Store requires a demo and Enterprise requires a call. The pricing page shows no prices (checked Sep 2026)",Not recorded,source-checked,2026-09-22,https://www.catsy.com/pricing,,no
product-catalog-management-software,inriver,https://www.inriver.com/,enterprise,"Manufacturers, brands and retailers, from growing companies to multinationals, that want PIM with syndication and online performance tracking, as inriver documents","inriver sells four plans: Foundation for small and growing businesses, Core for mid-market businesses, Professional for larger businesses and Enterprise for multinationals. The plans page states that every plan is fully customizable and does not show prices; buyers contact inriver for a quote. Expert support and Inriver Academy are included in every plan (checked Sep 2026)",Not recorded,source-checked,2026-09-22,https://www.inriver.com/product/plans/,,no
product-catalog-management-software,Pimcore,https://pimcore.com/,open-source,"Organizations with in-house or partner developers that want an open-core data platform covering PIM, MDM and DAM, as Pimcore documents","The Community Edition is free and open core. Professional costs $9,900 a year on-premises and is bought through the Pimcore Store. Enterprise costs $29,900 a year on-premises, requires a quote and adds Enterprise extensions, long-term support and optional 24/7 support. PaaS, a managed cloud edition, is priced on request. Pimcore states that no edition limits products, assets, sites or users; more than four production instances need the Unlimited Edition (checked Sep 2026)",Per year for on-premises editions; PaaS by quote,source-checked,2026-09-22,https://pimcore.com/en/pricing,,no
product-catalog-management-software,Plytix,https://www.plytix.com/,smb,"Ecommerce brands with small to mid-sized catalogs that want PIM and DAM without per-seat fees, as Plytix documents","Standard is free and includes 500 SKUs, 500 AI credits a month, 5,000 API calls an hour and 50 GB of file storage. Pro costs $499 per month for 50,000 SKUs, 15,000 API calls an hour and 750 GB. Enterprise is priced on request. All plans have unlimited seats and are billed monthly with no long-term commitment. Add-ons: product feeds and templates $300, Brand Portals $300 and Product Data Sheets $200 per month; Shopify and BigCommerce connectors $0. Extra AI credits cost $10 per 1,000. Purple onboarding is a one-time $3,000 (checked Sep 2026)","Per month, billed monthly, no long-term commitment; add-ons and credits extra",source-checked,2026-09-22,https://www.plytix.com/pricing,https://knowledge.plytix.com/about/plytix-pricing/,no
product-catalog-management-software,Sales Layer,https://www.saleslayer.com/,mid-market,"Retailers, brands and B2B suppliers that need a cloud PIM with multilingual content and marketplace connectors, as Sales Layer documents","Sales Layer lists four plans without prices. Scale allows 5 users and 10,000 SKUs. Premium allows 10 users and 50,000 SKUs and adds translation, user permissions and Shopify, BigCommerce, Amazon and API connectors. Enterprise allows 35 users and 200,000 SKUs and adds workflows and advanced DAM. Enterprise Plus limits are set on request and add SSO and white labeling. Monthly or annual billing is available; each plan requires a quote (checked Sep 2026)","Monthly or annual, by quote",source-checked,2026-09-22,https://www.saleslayer.com/pricing,,no
product-catalog-management-software,Salsify,https://www.salsify.com/,enterprise,"Brands that manage product content for large retail and marketplace channels and want one system for PIM, syndication and digital shelf work, as Salsify documents","Salsify does not publish prices. The salsify.com/pricing address redirected to the product experience management platform page when checked, and the pages read offer a demo instead of a price list (checked Sep 2026)",Not recorded,source-checked,2026-09-22,,https://www.salsify.com/product-information-management,no
product-catalog-management-software,Stibo Systems,https://www.stibosystems.com/,enterprise,"Enterprises that need governed product data across ERP, PLM and ecommerce systems and industry classification standards, as Stibo Systems documents","Stibo Systems does not publish prices. The stibosystems.com/pricing address opened the company home page when checked, and the PIM page offers contact with sales (checked Sep 2026)",Not recorded,source-checked,2026-09-22,,https://www.stibosystems.com/solution/product-experience-data-cloud/product-information-management,no
product-catalog-management-software,Syndigo,https://syndigo.com/,enterprise,"Consumer brands that must meet many retailers' content requirements, and retailers that onboard vendor product data, as Syndigo documents",The Syndigo home and PIM pages read in September 2026 show no price. The pages offer a product tour and demo requests (checked Sep 2026),Not recorded,source-checked,2026-09-22,,https://syndigo.com/solutions/product-information-management/,no
project-management-software,Birdview PSA,https://www.birdviewpsa.com/,mid-market,Small services teams needing affordable project accounting,From $9/user/mo billed annually (checked Sep 2026),billed annually,source-checked,2026-09-11,https://www.birdviewpsa.com/pricing/,,no
project-management-software,Celoxis,https://www.celoxis.com/,mid-market,Project-driven firms needing resource and financial tracking,"From $10/user/mo billed annually, 5-user minimum (checked Sep 2026)",billed annually,source-checked,2026-09-11,https://www.celoxis.com/pricing,,no
project-management-software,Jobber,https://getjobber.com/,smb,Small contractors and home-service businesses,From $29/mo billed annually (checked Sep 2026),billed annually,source-checked,2026-09-11,https://getjobber.com/pricing/,,no
project-management-software,monday work management,https://monday.com/,mid-market,Cross-functional teams wanting configurable boards fast,Free tier; paid from $9/seat/mo (checked Sep 2026),Not recorded,source-checked,2026-09-08,https://monday.com/pricing,,no
project-management-software,Planview,https://www.planview.com/,enterprise,"Enterprise portfolio, capacity and investment planning",Quote-based (checked Sep 2026),Not recorded,source-checked,2026-09-11,https://www.planview.com/products-solutions/products/projectplace/projectplace-pricing/,,no
project-management-software,Procore,https://www.procore.com/,enterprise,"Construction firms managing field, financial and design work",Quote-based (checked Sep 2026),Not recorded,source-checked,2026-09-11,https://www.procore.com/pricing,,no
project-management-software,ServiceTitan,https://www.servicetitan.com/,specialist,Residential and commercial trade contractors at scale,Quote-based (checked Sep 2026),Not recorded,source-checked,2026-09-11,https://www.servicetitan.com/pricing,,no
project-management-software,Smartsheet,https://www.smartsheet.com/,enterprise,Large organisations standardising many projects on one grid,From $9/user/mo billed annually (checked Sep 2026),billed annually,source-checked,2026-09-08,https://www.smartsheet.com/pricing,,no
project-management-software,Teamwork.com,https://www.teamwork.com/,mid-market,Agencies and services firms billing client project work,Free tier; paid from $9.99/user/mo billed annually (checked Sep 2026),billed annually,source-checked,2026-09-11,https://www.teamwork.com/pricing/,,no
project-management-software,Wrike,https://www.wrike.com/,enterprise,"Marketing, professional services and shared-services teams",Free tier; paid from $10/user/mo billed annually (checked Sep 2026),billed annually,source-checked,2026-09-11,https://www.wrike.com/pricing/,,no
project-management-tools,Airtable,https://www.airtable.com/,mid-market,Teams whose projects are driven by structured data,Free tier; paid from $20/user/mo billed annually (checked Sep 2026),billed annually,source-checked,2026-09-11,https://airtable.com/pricing,https://airtable.com/,no
project-management-tools,Asana,https://asana.com/,mid-market,Cross-functional teams coordinating goals and dependent projects,Free tier for up to 2 users; paid from $10.99/user/mo billed annually (checked Sep 2026),billed annually,source-checked,2026-09-11,https://asana.com/pricing,https://asana.com/,no
project-management-tools,Basecamp,https://basecamp.com/,smb,Small teams wanting flat pricing and low complexity,Free tier; paid from $25/mo (checked Sep 2026),Not recorded,source-checked,2026-09-11,https://basecamp.com/pricing,https://basecamp.com/,no
project-management-tools,ClickUp,https://clickup.com/,smb,Small and mid-sized teams consolidating several tools,Free tier; paid from $7/user/mo billed annually (checked Sep 2026),billed annually,source-checked,2026-09-11,https://clickup.com/pricing,https://clickup.com/,no
project-management-tools,Jira,https://www.atlassian.com/software/jira,enterprise,Software teams running scrum or kanban at scale,Free tier; paid from $7.91/user/mo billed annually (checked Sep 2026),billed annually,source-checked,2026-09-11,https://www.atlassian.com/software/jira/pricing,https://www.atlassian.com/software/jira,no
project-management-tools,Linear,https://linear.app/,specialist,Product and engineering teams valuing speed and focus,Free tier; paid from $10/user/mo billed annually (checked Sep 2026),billed annually,source-checked,2026-09-11,https://linear.app/pricing,https://linear.app/,no
project-management-tools,monday.com,https://monday.com/,mid-market,Teams that want to configure workflows without code,Free tier; paid from $9/seat/mo billed annually (checked Sep 2026),billed annually,source-checked,2026-09-11,https://monday.com/pricing/,https://monday.com/,no
project-management-tools,Notion,https://www.notion.com/,smb,Teams combining documentation with lightweight project tracking,Free tier; paid from $10/seat/mo billed annually (checked Sep 2026),billed annually,source-checked,2026-09-08,https://www.notion.com/pricing,,no
project-management-tools,Teamwork.com,https://www.teamwork.com/,specialist,Agencies billing client projects and tracking margin,Free tier; paid from $9.99/user/mo billed annually (checked Sep 2026),billed annually,source-checked,2026-09-11,https://www.teamwork.com/pricing/,https://www.teamwork.com/,no
project-management-tools,Trello,https://trello.com/,smb,Small teams needing simple visual task boards,Free tier; paid from $5/user/mo billed annually (checked Sep 2026),billed annually,source-checked,2026-09-11,https://trello.com/pricing,https://trello.com/,no
returns-management-software,AfterShip Returns,https://www.aftership.com/returns,smb,"Small and growing online stores that want a low published entry price, per-return overage pricing and a path to warranty and point-of-sale returns in higher tiers","Essentials from $16 a month (240 returns a year); Premium from $99 a month (1,200 returns a year); Enterprise custom (checked Sep 2026)",Monthly or annual; annual shown at 18% off,source-checked,2026-09-20,https://www.aftership.com/returns/pricing,,no
returns-management-software,Happy Returns,https://happyreturns.com/,enterprise,"US retailers with high return volumes that want box-free, label-free in-person returns with item verification at drop-off and consolidated shipping back to the warehouse",Quote-based; Return Bar pricing varies by volume and product type (checked Sep 2026),Not recorded,source-checked,2026-09-20,,https://www.retailersupport.happyreturns.com/return-bar,no
returns-management-software,Loop Returns,https://www.loopreturns.com/,mid-market,"Shopify brands that want an exchange-first returns portal with published monthly tiers, fraud tools and optional box-free drop-off through partners",Checkout+ tier listed as free; Essential from $155 a month; Advanced from $340 a month (checked Sep 2026),Per month (as listed on the pricing page),source-checked,2026-09-20,https://www.loopreturns.com/pricing/,,no
returns-management-software,Narvar,https://corp.narvar.com/,enterprise,"Large retailers that want returns, exchanges and return fraud prevention inside a wider post-purchase platform that also covers delivery promise, tracking and notifications",Quote-based; the returns and exchanges page routes to a demo and shows no price (checked Sep 2026),Not recorded,source-checked,2026-09-20,,https://corp.narvar.com/,no
returns-management-software,parcelLab,https://parcellab.com/,enterprise,"Enterprise and mid-market retailers, especially in Europe, that want a policy-driven returns portal tied to post-purchase communications and warehouse systems",Quote-based; the returns portal pages route to a demo and no price list is published (checked Sep 2026),Not recorded,source-checked,2026-09-20,,https://docs.parcellab.com/docs/retain/returns-portal,no
returns-management-software,Redo,https://www.getredo.com/,smb,"Shopify brands that want a free returns portal with return labels covered by the vendor, plus shared international return hubs, without signing a contract","Returns portal listed as free, with return labels covered by Redo; AI agents and international returns quoted (checked Sep 2026)",No contract (per returns page); amounts for add-ons not published,source-checked,2026-09-20,https://www.getredo.com/pricing,,no
returns-management-software,ReturnGO,https://returngo.ai/,mid-market,"Mid-sized online brands on Shopify or other platforms that want returns, exchanges, return coverage and shipping labels in one post-purchase product",Premium from $147 a month; Pro from $297 a month; Enterprise quote-based (checked Sep 2026),Per month (as listed on the pricing page),source-checked,2026-09-20,https://returngo.ai/pricing/,,no
returns-management-software,ReverseLogix,https://www.reverselogix.com/,enterprise,"Manufacturers, brands and retailers with B2B, warranty or repair returns that need a returns management system covering warehouse receiving, grading and disposition as well as the customer portal",Quote-based; the public site shows no price (checked Sep 2026),Not recorded,source-checked,2026-09-20,,https://www.reverselogix.com/,no
returns-management-software,Rich Returns,https://www.richreturns.io/,smb,Small Shopify merchants with low monthly return volumes that want a branded portal and automated labels at a low published monthly price,Standard $19 a month; Professional $39; Premium $99; Enterprise from $199 a month (checked Sep 2026),Monthly or yearly; yearly shown at up to 20% off,source-checked,2026-09-20,https://www.richreturns.io/pricing,,no
returns-management-software,ZigZag Global,https://www.zigzag.global/,specialist,"UK and European retailers with cross-border returns that need a wide carrier network, paid-returns options and a free entry plan for UK domestic returns",Shopify app: Free (UK domestic); Silver £20 a month; Gold £50 a month; Enterprise by demo (checked Sep 2026),"Per month, billed monthly (Shopify app plans)",source-checked,2026-09-20,https://www.zigzag.global/shopify,,no
saas-link-building-agencies,Above Apex,https://aboveapex.com/,specialist,"Established software companies with an in-house search lead who want published case studies naming the client, the publications earned and the link counts","No rate card published; engagements are quoted, and the site states a fit criterion of at least six figures of trailing twelve-month profit (checked Sep 2026)",Not recorded,source-checked,2026-09-20,,https://aboveapex.com/case-studies/,no
saas-link-building-agencies,Editorial.Link,https://editorial.link/,smb,Buyers who want to approve every publisher before outreach starts and to test the service on a single placement before committing to a package,"Base rate US$375 per backlink; Startup package US$1,750 for 5 links at US$350 each and Growth US$6,000 for 20 at US$300 each, with a custom-priced managed tier (checked Sep 2026)",Per package or per link; the pricing page states orders can be as small as one link per month,source-checked,2026-09-20,https://editorial.link/pricing/,,no
saas-link-building-agencies,GoPeak,https://gopeak.io/,smb,"Buyers who want to test a supplier before committing budget, through a paid-on-approval pilot of five placements rather than a retainer","Three published monthly packages: 10 links US$1,900, 20 links US$3,400 and 30 links US$4,800, equating to US$190 down to US$160 per link; a five-link pilot is US$990 (checked Sep 2026)",Prepaid quarterly with no prepayment in the first month; the pilot is a one-off with payment due only after the links are live and verified,source-checked,2026-09-20,https://gopeak.io/pricing/,,no
saas-link-building-agencies,Jeenam Infotech,https://jeenaminfotech.com/,smb,"Small and mid-sized software companies that want a per-link rate card starting below US$1,500 a month and the option to approve each prospect before outreach","Four published monthly tiers: 5 links US$1,250, 10 links US$2,300, 20 links US$4,000 and 30 links US$5,100 per month, equating to US$250 down to US$170 per link (checked Sep 2026)","Monthly, stated as requiring no upfront payment; contract length and notice period are not published",source-checked,2026-09-20,https://jeenaminfotech.com/pricing/,,no
saas-link-building-agencies,LinkBuilder.io,https://linkbuilder.io/,mid-market,"Companies that want a single published ladder from eight placements a month to more than fifty, with the option to spread links across multiple domains at the upper tiers","Four published monthly tiers: Startup US$2,999 for 8 links, Pro US$5,999 for 16 or more, Growth US$9,999 for 26 or more and Enterprise US$19,999 for 53 or more; separate AI packages at US$3,000 and US$5,000 (checked Sep 2026)",Monthly; contract length and notice period are not published,source-checked,2026-09-20,https://linkbuilder.io/pricing/,,no
saas-link-building-agencies,Page One Power,https://www.pageonepower.com/,mid-market,"Mid-market and enterprise buyers who want a contracted link quota, a named project manager and an entirely domestic delivery team rather than a per-link marketplace","A typical campaign is stated to start at US$3,700 per month, with each campaign custom scoped and separate agency pricing offered for resellers (checked Sep 2026)","Initial six-month contract, moving to month to month after that stage",source-checked,2026-09-20,https://www.pageonepower.com/custom-link-building,https://www.pageonepower.com/link-building-services,no
saas-link-building-agencies,Quoleady,https://quoleady.com/,specialist,"Software companies buying links as one part of a content and digital PR programme, and paying only for placements that go live","Per-link pricing set by the host domain authority, with a stated minimum budget of US$1,000 per month; the first month is payable 100 per cent upfront (checked Sep 2026)","Performance-based after the first month, invoiced for live links only; unspent budget is carried against the following month rather than lost",source-checked,2026-09-20,,https://quoleady.com/saas-link-building/,no
saas-link-building-agencies,SaaSLink Max,https://saaslinkmax.com/,specialist,"Software companies whose priority is appearing inside the listicles, roundups and comparison pages that rank for their category and that AI assistants cite","Three published monthly plans: Starter US$2,290 for 7 links, Growth US$4,790 for 15 plus one AI citation link, Enterprise US$7,390 for 25 plus two; add-on links US$340 and US$420 (checked Sep 2026)","Monthly, stated as cancel anytime with no contract",source-checked,2026-09-20,https://saaslinkmax.com/pricing/,https://saaslinkmax.com/case-studies/,no
saas-link-building-agencies,Siege Media,https://www.siegemedia.com/,enterprise,"Companies that want links generated by ranking content assets rather than bought placements, and that can wait several months for volume to compound",No retainer or package published; the link building page states an effective cost per link that is often under US$250 and sometimes reaches that figure as campaigns mature (checked Sep 2026),Not recorded,source-checked,2026-09-20,,https://www.siegemedia.com/services/link-building,no
saas-link-building-agencies,uSERP,https://userp.io/,enterprise,"Funded software companies that want a published monthly package combining high-authority placements with anchor text, internal linking and toxic backlink work in one scope","Three published monthly packages: Launch US$5,500, Accelerate US$10,000 and Dominate US$15,000 per month (checked Sep 2026)",Initial three-month engagement that rolls month to month with a 30-day exit; Launch is paid quarterly; twelve-month programmes are stated to reduce the monthly figure,source-checked,2026-09-20,https://userp.io/pricing/,,no
saas-seo-agencies,Breaking B2B,https://www.breakingb2b.com/,specialist,B2B SaaS teams with limited in-house capacity that want a senior-led SEO and AEO programme focused on bottom-of-funnel and competitor searches,"Plans from US$4,000 per month (checked Sep 2026)",Six or twelve-month programmes,source-checked,2026-09-19,https://www.breakingb2b.com/,https://www.breakingb2b.com/,no
saas-seo-agencies,DerivateX,https://derivatex.agency/,specialist,B2B SaaS companies between about US$5 million and US$50 million in ARR with product-market fit that want Google SEO and AI search citation work in one engagement,"Engagements start at US$5,000 per month (checked Sep 2026)",Not recorded; most clients engage for 6 to 12 months per vendor,source-checked,2026-09-19,https://derivatex.agency/saas-seo-agency/,https://derivatex.agency/saas-seo-agency/,no
saas-seo-agencies,Embarque,https://embarque.io/,smb,"Startups and smaller SaaS teams that want packaged SEO, content, link building and Reddit marketing at published monthly prices","US$1,500, US$2,800, US$5,200 and US$10,000 per month across four tiers (checked Sep 2026)","3-month minimum; 3, 6 or 12-month terms paid quarterly per pricing page",source-checked,2026-09-19,https://www.embarque.io/seo-services/premium-monthly-seo-services-packages,https://embarque.io/,no
saas-seo-agencies,Growfusely,https://www.growfusely.com/,specialist,"B2B SaaS and technology companies that want content-led SEO, GEO and PR-driven link building, including white-label delivery for other agencies","Audit and strategy from US$2,000; execution retainer from US$3,000 per month; 90-day sprint from US$4,000 per month; advisory from US$2,250 per month (checked Sep 2026)",Monthly retainers; 90-day sprint runs for a fixed 90-day window,source-checked,2026-09-19,https://www.growfusely.com/,https://www.growfusely.com/,no
saas-seo-agencies,Minuttia,https://www.minuttia.com/,specialist,"Established B2B SaaS brands that want content-led SEO and AI search strategy run end to end, including human-written technical content and digital PR",Quote-based; no rate published (checked Sep 2026),Not recorded,source-checked,2026-09-19,,https://www.minuttia.com/case-studies/,no
saas-seo-agencies,Rock The Rankings,https://www.rocktherankings.com/,specialist,"B2B SaaS teams from early stage through Series D that want SEO and AI search measured against demos, trials and pipeline, with founder-level involvement","Strategy and consulting from US$4,500 per month, done-for-you from US$7,650, Authority from US$14,000 at the 90-day program rate; month-to-month is US$500 to US$1,000 more (checked Sep 2026)",Month-to-month at full rate with 30 days' notice; lower rates for 90-day and 12-month terms,source-checked,2026-09-19,https://www.rocktherankings.com/pricing/,https://www.rocktherankings.com/about/,no
saas-seo-agencies,SimpleTiger,https://simpletiger.com/,specialist,B2B SaaS and AI companies that want SEO and AI search visibility as the core of a programme that can extend into paid ads and lifecycle email,Packages quote-based; SEO packages start at 5 per cent of revenue or funding (checked Sep 2026),Not recorded,source-checked,2026-09-19,https://simpletiger.com/pricing,https://simpletiger.com/,no
saas-seo-agencies,Skale,https://skale.so/,specialist,"SaaS companies that want an agency working only with software and tech brands to own the SEO channel against signups, SQLs and MRR targets",Quote-based; no rate published (checked Sep 2026),Not recorded,source-checked,2026-09-19,,https://www.skale.so/stories-opinions/,no
saas-seo-agencies,Stratabeat,https://stratabeat.com/,specialist,"B2B SaaS and technology companies, including fintech and cybersecurity, that want SEO and GEO combined with conversion rate optimisation and audience research",Quote-based; no rate published on the pages checked (checked Sep 2026),Not recorded,source-checked,2026-09-19,,https://stratabeat.com/b2b-seo-agency/,no
saas-seo-agencies,TripleDart,https://www.tripledart.com/,specialist,"B2B SaaS companies from startup to enterprise stage that want SEO, programmatic SEO and AI search visibility run alongside paid media and RevOps by one agency","Organic growth engagement starts at US$5,000 per month (checked Sep 2026)",Not recorded,source-checked,2026-09-19,https://www.tripledart.com/organic-growth-agency,https://www.tripledart.com/case-studies,no
sales-tax-automation-software,Avalara AvaTax,https://www.avalara.com/us/en/products/calculations.html,mid-market,"United States sellers under $50 million in annual revenue that want calculation, return filing and remittance on one contract and want a list price before talking to sales, as Avalara documents on its sales and use tax pricing page","Avalara publishes two per-state plans on its sales and use tax pricing page. Core Compliance is $79 per state per month or $799 per state per year, with a three-state minimum per filing entity. Core Compliance plus SST Services is $69 per state per month or $699 per state per year with no state minimum, for sellers that qualify for state-funded Streamlined Sales Tax services. Avalara also lists Sales Tax Registration at $403 per location and states that other configurations need a quote (checked Sep 2026)",Monthly or annual subscription per state; the annual rate is described as a 15 percent saving on monthly,source-checked,2026-09-22,https://www.avalara.com/us/en/products/sales-and-use-tax/pricing.html,https://www.avalara.com/us/en/products/pricing.html,no
sales-tax-automation-software,Commenda,https://www.commenda.io/,mid-market,"Finance teams running international operations without a dedicated compliance function that need VAT, GST and sales tax obligations tracked and filed alongside entity management in several countries, as Commenda documents for its platform","Commenda publishes no price table. Its pricing page presents the platform and states transparent scope, predictable pricing and clockwork delivery, then routes buyers to a demo or contact form. The published case study material describes engagement outcomes rather than rates (checked Sep 2026)",Not recorded,source-checked,2026-09-22,,https://www.commenda.io/pricing,no
sales-tax-automation-software,Complyt,https://complyt.io/,mid-market,"SaaS and ecommerce finance teams that want nexus tracking, calculation, filing and remittance to run inside the billing platform, ERP or payment gateway they already use, as Complyt documents on its platform page","Complyt publishes no figures. Its site states a straightforward, subscription-based pricing structure with no hidden fees, and that audit readiness carries no added cost. Third-party directories list the product as contact-vendor pricing with a free trial and no free version, which is consistent with the vendor's own pages (checked Sep 2026)","Subscription, described by the vendor as straightforward with no hidden fees",source-checked,2026-09-22,,https://complyt.io/platform/,no
sales-tax-automation-software,Fonoa,https://www.fonoa.com/platform/tax-engine,specialist,"Internet and marketplace businesses whose engineering teams want indirect tax determination, tax number validation and reporting through one API rather than an ERP module, as Fonoa documents for its Tax Engine","Fonoa publishes no price list on its site. Its public developer material describes a commitment-based billing model with per-document charges on top of a negotiated base commitment, and rate limits enforced per subscription key. A buyer should treat the per-document figure in that material as indicative and confirm it in a quote (checked Sep 2026)",Not recorded,source-checked,2026-09-22,,https://docs.fonoa.com/reference/about-fonoa-tax,no
sales-tax-automation-software,Kintsugi,https://www.trykintsugi.com/,smb,"Ecommerce and SaaS finance teams that want to see their exposure before committing spend and prefer to pay per filing rather than per state per year, as Kintsugi documents on its pricing page","Kintsugi publishes a free plan covering physical and economic nexus monitoring, historical liability auditing, risk assessment, nexus alerts, address validation and CSV imports, with no credit card required. The paid tier is $75 per filing or per registration and adds automatic filing and registration, tax code classification, a virtual mailbox and 24/7 live chat. The pricing page states no onboarding fees, no implementation fees and no annual commitments (checked Sep 2026)","Per filing or per registration, with no annual commitment stated",source-checked,2026-09-22,https://www.trykintsugi.com/pricing,https://www.trykintsugi.com/pricing,no
sales-tax-automation-software,LOVAT,https://vatcompliance.co/,smb,"Smaller online sellers and marketplaces that want VAT and United States sales tax monitoring, calculation and filing with published unit prices for the parts they add, as LOVAT documents on its pricing pages","LOVAT publishes separate VAT and sales tax pricing pages with a subscription calculator and a table of add-on prices. For sales tax the published add-ons are €23 for each automatic return submission, €18 per additional 5,000 transactions, €28 per additional €100,000 of value on Standard and Premium, and €150 per hour of consultation. The VAT page publishes its own add-ons, from €35 per additional country to €80 for tax representation. Base plan fees are produced by the on-page calculator rather than printed, and a free tier exists (checked Sep 2026)",Subscription with published per-unit add-ons; a free trial is offered without a credit card,source-checked,2026-09-22,https://vatcompliance.co/prices/sales-tax/,https://vatcompliance.co/transaction-based-pricing/,no
sales-tax-automation-software,Sovos Tax Determination,https://sovos.com/tax-determination/,enterprise,"High-volume businesses filing in the United States and internationally that want sales and use tax, VAT, GST and excise determination from one engine inside their ERP, as Sovos documents for Tax Determination","The Sovos Tax Determination page states custom pricing based on a company's needs and publishes no list price or starting figure. The sales and use tax product pages list Determination alongside separately sold products for filing, exemption certificates and use tax analysis, which indicates a modular contract (checked Sep 2026)",Not recorded,source-checked,2026-09-22,https://sovos.com/sut/products/,https://sovos.com/sut/products/active-active-hybrid-cloud/,no
sales-tax-automation-software,Taxually,https://www.taxually.com/,mid-market,"Cross-border ecommerce and digital sellers that owe both European VAT and United States sales tax and want registration, preparation and submission handled on one platform, as Taxually documents for CrossTax and LumaTax","Taxually does not publish a plan table on its marketing pages. Its terms of service state that a buyer selects a plan and add-ons at account creation, that all subscriptions run for 12 months and renew automatically, that fees are displayed at the time of subscribing, and that from November each year the fee rises by the September HICP rate plus 2.5 percent. Plans carry usage restrictions such as monthly transaction counts, and exceeding one triggers an automatic upgrade to the next plan (checked Sep 2026)","Monthly, quarterly or annual payment on a 12-month subscription period that renews automatically",source-checked,2026-09-22,https://www.taxually.com/services,https://www.taxually.com/terms-of-services,no
sales-tax-automation-software,Thomson Reuters ONESOURCE Determination,https://tax.thomsonreuters.com/en/products/onesource-determination,enterprise,"Global enterprises with data residency or security constraints that need real-time sales, use, VAT, GST and excise calculation across more than 200 countries and territories, as Thomson Reuters documents for ONESOURCE Determination","Thomson Reuters publishes no list price for ONESOURCE Determination. The product and feature pages route buyers to a demo request, and the European solutions page presents Determination as one component of a wider ONESOURCE indirect tax suite that also covers e-invoicing, reconciliation and compliance (checked Sep 2026)",Not recorded,source-checked,2026-09-22,,https://tax.thomsonreuters.com/en/products/onesource-determination/features,no
sales-tax-automation-software,Vertex O Series,https://www.vertexinc.com/,enterprise,"Enterprise tax departments that calculate several indirect tax types across countries inside SAP, Oracle, NetSuite or Workday and want a choice of cloud, on-premise or hybrid deployment, as Vertex documents in the O Series data sheet","Vertex publishes no list price for O Series. Its O Series data sheet states that several capabilities carry an additional licence and fee, that Address Cleansing is included with new O Series Cloud licences but chargeable on On-Demand and On-Premise licences, and that Vertex Indirect Tax Intelligence is included with new Cloud licences and chargeable on On-Demand. The product is also sold through the Microsoft Azure Marketplace, where a purchase counts toward a Microsoft Azure Consumption Commitment (checked Sep 2026)",Not recorded,source-checked,2026-09-22,,https://assethub.vertexinc.com/m/23141d48123e75b2/original/202505-Data-Sheet-Vertex-O-Series-on-Microsoft-Azure.pdf,no
sales-tax-compliance-software,Avalara,https://www.avalara.com/us/en/products/sales-and-use-tax.html,mid-market,"United States sellers under $50 million in annual revenue that want nexus tracking, calculation, return filing and remittance under a single published subscription and want a list price before contacting sales, as Avalara documents on its sales and use tax pricing page","Avalara publishes two plans for sellers with annual revenue under $50 million. Core Compliance is $79 per state per month or $799 per state per year, described as a 15 percent annual saving, and bundles AvaTax calculation, Avalara Managed Returns, 50-state nexus monitoring and AvaTax Exemptions. Core Compliance plus SST Services is $69 per state per month or $699 per year and adds state-funded Streamlined Sales Tax services in up to 25 states for qualifying sellers. A third Custom plan covers multi-entity requirements and is quoted (checked Sep 2026)","Monthly or annual subscription charged per state, with the annual rate described as a 15 percent saving on monthly",source-checked,2026-09-23,https://www.avalara.com/us/en/products/sales-and-use-tax/pricing.html,https://www.avalara.com/us/en/products/sales-and-use-tax/returns.html,no
sales-tax-compliance-software,CereTax,https://www.ceretax.com/solutions/sales-tax,mid-market,"Telecom, energy, SaaS and high-volume ecommerce businesses that need line-item determination through an API at scale and want to configure taxability rules without a vendor services ticket, as CereTax documents for its sales tax solution","CereTax publishes no figures. Its sales tax FAQ states that pricing is usage-based on requests, transactions or seats depending on the package, that cost estimates are provided during scoping, and that customers should contact sales for a custom quote. A partner page adds that pricing is determined by transaction accounts and tax liability rather than transaction count alone, with complimentary quotes and no overage charges (checked Sep 2026)",Usage-based subscription; the unit differs by package and the rate is quoted,source-checked,2026-09-23,,https://www.ceretax.com/integrations,no
sales-tax-compliance-software,Hands Off Sales Tax,https://handsoffsalestax.com/,specialist,"Sellers that want filings outsourced at a stated per-return rate and that may also need voluntary disclosure agreements, audit defence or a historical nexus study priced separately, as Hands Off Sales Tax documents on its filing services page","Hands Off Sales Tax publishes three filing plans. Essentials is $55 per filing with no contract term and registrations at $200 each. Essentials Plus is $75 per filing, registrations at $175, and adds sales data formatting and monthly nexus monitoring. Enterprise is quoted for nexus in 20 or more states, includes registrations and carries a 12-month minimum. Add-ons: data retrieval $300 a month, economic nexus report $500, audit defence and SKU mapping $300 an hour, historical nexus study $2,500 or $3,500 with exposure analysis (checked Sep 2026)","Per filing on the two published plans, with no contract term; Enterprise carries a 12-month minimum",source-checked,2026-09-23,https://handsoffsalestax.com/sales-tax-filing-services-update/,,no
sales-tax-compliance-software,Numeral,https://www.numeral.com/pricing,smb,"Ecommerce and SaaS sellers that want nexus exposure monitored before they owe anything and then pay per return filed rather than per state subscribed, as Numeral documents on its pricing page","Numeral publishes a unit price rather than tiers. The pricing FAQ states $75 per return filed plus a one-time $150 registration fee per state, with no setup or onboarding fee for standard United States filings. The Monitoring plan is the free base: nexus study, continuous monitoring, threshold alerts and historical liability audit. Exemption certificate management starts free for the first 50 certificates. Coverage across 90 or more countries and API access are separate lines (checked Sep 2026)",Per return filed plus a one-time per-state registration fee; no contract required per the pricing page,source-checked,2026-09-23,https://www.numeral.com/pricing,,no
sales-tax-compliance-software,Sovos,https://sovos.com/sut/products/,enterprise,"Enterprise tax departments that want to buy determination, return filing, exemption certificate management and vendor-charged use tax analysis from one vendor and configure each piece separately, as Sovos documents on its sales and use tax products page","Sovos publishes no list price for its sales and use tax line. The products page lists CertManager, Use Tax Manager, Sales and Use Tax Filing, Global Tax Determination and Taxify as separate products, which indicates a modular contract priced per module. The Tax Determination page states custom pricing based on a company needs (checked Sep 2026)",Not recorded,source-checked,2026-09-23,,https://sovos.com/tax-determination/,no
sales-tax-compliance-software,Sphere,https://www.getsphere.com/,mid-market,"Sellers with sales tax, VAT or GST obligations across both United States states and foreign jurisdictions that want registration, calculation and filing at one published rate per region, as Sphere documents on its pricing page","Sphere publishes a Starter plan at $100 per region per month for buyers under 10 regions, including monitoring, registration, calculation, filing and back tax calculations. Growth, for 10 or more regions, is quoted. The page defines a region as any jurisdiction requiring registration and filing: a United States state, the European Union as one region under One Stop Shop, five regions for Canada, otherwise a country. It states no implementation fee, a flat per-transaction fee above 50,000 transactions across active regions, and separately debited registration fees (checked Sep 2026)","Monthly subscription per region; a flat per-transaction fee applies above 50,000 transactions across active regions",source-checked,2026-09-23,https://www.getsphere.com/pricing,,no
sales-tax-compliance-software,TaxCloud,https://taxcloud.com/,smb,"Ecommerce sellers that want to set the platform subscription against order volume and the filing cost against return count separately, and that can use the Streamlined Sales Tax programme, as TaxCloud documents on its pricing page","TaxCloud publishes an interactive two-part structure rather than fixed plan prices. A buyer chooses a subscription by selling platform and order volume, then a filing tier by number of returns, from zero up to 50 a month or 600 a year. The page states filing plans as low as $20 per filing. Starter includes return-ready reports for all states, Streamlined Sales Tax access, 50-state nexus monitoring and email support. Onboarding, a success manager, a virtual mailbox, state registration and audit support are additional services (checked Sep 2026)","Monthly or annual subscription by order volume, plus a separately chosen filing tier by return count",source-checked,2026-09-23,https://taxcloud.com/pricing/,,no
sales-tax-compliance-software,TaxValet,https://thetaxvalet.com/,specialist,"Multi-state sellers that would otherwise hire an in-house sales tax specialist and prefer a named external team handling nexus reviews, permits, filings and audit representation, as TaxValet documents on its pricing page","TaxValet publishes a range rather than a rate card: a flat monthly fee typically between $1,000 and $4,000, stated to carry no hidden fees, overage charges or add-ons. The published scope covers a dedicated fractional sales tax department, an audit liability guarantee, a multi-state compliance strategy with nexus reviews and taxability research, filings and payments, and nexus monitoring with permit management. The page also states a 60-day arrangement under which a buyer that is not satisfied does not pay (checked Sep 2026)","Flat monthly fee quoted per client, stated as covering all listed services without overage charges",source-checked,2026-09-23,https://thetaxvalet.com/pricing/,,no
sales-tax-compliance-software,Wolters Kluwer CCH SureTax,https://www.wolterskluwer.com/en/solutions/cch-suretax,enterprise,"Tax teams running SAP, Microsoft Dynamics 365 or another ERP that want determination and returns inside that system and want to decide explicitly how much of the filing work stays in house, as Wolters Kluwer documents for CCH SureTax Returns",Wolters Kluwer publishes no list price for CCH SureTax. It publishes the shape of the contract instead: CCH SureTax Returns is sold in three subscription models. Standard Returns is technology only. File and Remit adds Wolters Kluwer filing and remitting on the client behalf. Fully Outsourced adds data point validation and a dedicated account manager. Each tier carries its own published monthly deadlines (checked Sep 2026),"Subscription, with the tier setting which party prepares, files and remits; specific rates are quoted",source-checked,2026-09-23,,https://assets.contenthub.wolterskluwer.com/api/public/content/CCH-SureTax-Returns-Overview-with-website?v=52a092d8,no
sales-tax-compliance-software,Yonda Tax,https://www.yondatax.com/,specialist,"Growing sellers that need to establish where they have global exposure before committing budget, and then want registrations and filings handled across both United States states and foreign jurisdictions, as Yonda documents on its pricing page","Yonda publishes the structure of its fees but not the rates. Nexus monitoring is free, covering nexus determination and tax liability calculations worldwide plus registration and tax advice. United States sales tax pricing is stated as three elements: a one-off per-state registration fee, a monthly platform fee and a monthly per-state management fee, all quoted per client. The global VAT and GST offer is two elements, a one-off registration fee and a combined monthly platform and management fee (checked Sep 2026)","One-off registration fee per jurisdiction plus monthly platform and per-jurisdiction management fees, quoted per client",source-checked,2026-09-23,https://www.yondatax.com/pricing,,no
sales-tax-software,Anrok,https://www.anrok.com/,mid-market,SaaS and AI companies with global digital-goods obligations,From $50/market/mo for eCommerce (checked Sep 2026),Not recorded,source-checked,2026-09-11,https://www.anrok.com/pricing,https://www.anrok.com/,no
sales-tax-software,Avalara AvaTax,https://www.avalara.com/,enterprise,Multi-channel sellers needing broad ERP and ecommerce coverage,From $69/state/mo (checked Sep 2026),Not recorded,source-checked,2026-09-11,https://www.avalara.com/us/en/products/sales-and-use-tax/pricing.html,https://www.avalara.com/,no
sales-tax-software,DAVO by Avalara,https://www.davosalestax.com/,specialist,Restaurants and single-location retailers using a POS system,From $57.99/mo per location (checked Sep 2026),Not recorded,source-checked,2026-09-11,https://www.davosalestax.com/pricing/,https://www.davosalestax.com/,no
sales-tax-software,Numeral,https://www.numeral.com/,mid-market,Growing sellers wanting per-filing pricing and managed service,Free tier; paid from $75/filing (checked Sep 2026),Not recorded,source-checked,2026-09-11,https://www.numeral.com/pricing,https://www.numeral.com/,no
sales-tax-software,Quaderno,https://quaderno.io/,smb,Digital creators and small SaaS sellers billing internationally,From $29/mo (checked Sep 2026),Not recorded,source-checked,2026-09-11,https://quaderno.io/pricing/,https://quaderno.io/,no
sales-tax-software,Shopify Tax,https://www.shopify.com/tax,specialist,Shopify merchants selling only through the Shopify admin,"Free to $100k sales/yr; then 0.35% per order, capped at $0.99 (checked Sep 2026)",Not recorded,source-checked,2026-09-11,,https://www.shopify.com/tax,no
sales-tax-software,Stripe Tax,https://stripe.com/tax,mid-market,Businesses already processing payments through Stripe,"0.5% per transaction (no-code/low-code), or $0.50 per transaction via API (checked Sep 2026)",Not recorded,source-checked,2026-09-11,https://stripe.com/tax/pricing,https://stripe.com/tax,no
sales-tax-software,TaxCloud,https://taxcloud.com/,smb,Budget-conscious sellers registered in SST member states,From $39/mo (checked Sep 2026),Not recorded,source-checked,2026-09-11,https://taxcloud.com/pricing/,https://taxcloud.com/,no
sales-tax-software,TaxJar,https://www.taxjar.com/,smb,"Ecommerce sellers on Amazon, Shopify or WooCommerce",From $39/mo (checked Sep 2026),Not recorded,source-checked,2026-09-11,https://www.taxjar.com/pricing,https://www.taxjar.com/,no
sales-tax-software,Vertex O Series,https://www.vertexinc.com/,enterprise,Large enterprises running SAP or Oracle at global scale,Quote-based (checked Sep 2026),Not recorded,source-checked,2026-09-11,,https://www.vertexinc.com/,no
sales-tax-software,Zamp,https://www.zamp.com/,mid-market,Teams wanting compliance fully outsourced to a managed service,Quote-based (checked Sep 2026),Not recorded,source-checked,2026-09-11,https://www.zamp.com/pricing,https://www.zamp.com/,no
sanctions-screening-software,AML Watcher,https://amlwatcher.com/,mid-market,"Fintechs, payment platforms and KYC providers that want sanctions, PEP, watchlist and adverse media screening with self-serve plans, a free trial and API or on-premise data access","Basic and Premium plans priced by monthly searches or monitored entities, starting at 100 monitored entities, with free trials and monthly or annual billing; Enterprise by quote; plan prices are set by a volume selector and were not captured as fixed figures (checked Sep 2026)","Monthly, or annual billed annually; overage charged at the agreed per-unit rate at the end of the cycle",source-checked,2026-09-19,https://amlwatcher.com/pricing/,,no
sanctions-screening-software,Castellum.AI,https://www.castellum.ai/,specialist,"Banks and fintechs that want sanctions, PEP and adverse media screening with AI agents that resolve and document first-level alerts","Quote-based; the pricing page asks buyers to select a tier and contact the company, and no prices were shown on the page checked (checked Sep 2026)",Not recorded,source-checked,2026-09-19,https://www.castellum.ai/pricing,,no
sanctions-screening-software,ComplyAdvantage,https://complyadvantage.com/,mid-market,"Fintechs and smaller regulated firms that want self-service sanctions, PEP and adverse media screening with ongoing monitoring on a published monthly plan","Starter from US$99 per month for monitored entities, for businesses monitoring up to 2,000 entities; Enterprise by quote with unlimited usage, payment screening and transaction monitoring; ComplyLaunch gives eligible early-stage start-ups free access (checked Sep 2026)","Monthly, paid by credit card on the subscription date; overage charged in the next cycle",source-checked,2026-09-19,https://complyadvantage.com/pricing/,,no
sanctions-screening-software,Dow Jones Risk & Compliance,https://www.dowjones.com/business-intelligence/risk/,enterprise,"Financial institutions and corporates that need sanctions, PEP and sanctions ownership data delivered by API or feed, plus RiskCenter tools for screening, monitoring and trade compliance research",Quote-based; no list prices are published on the product or developer pages (checked Sep 2026),Not recorded,source-checked,2026-09-19,,https://developer.dowjones.com/datasets/datasets-details-compliance,no
sanctions-screening-software,FinScan,https://www.finscan.com/,enterprise,"Banks, insurers and payment firms that need sanctions, PEP and payment screening with built-in data cleansing, SWIFT and ISO 20022 message support and configurable rules",Quote-based; the product pages publish no prices (checked Sep 2026),Not recorded,source-checked,2026-09-19,,https://www.finscan.com/aml-solution,no
sanctions-screening-software,LexisNexis Bridger Insight XG,https://risk.lexisnexis.com/products/bridger-insight-xg,enterprise,"Banks, fintechs and other businesses that want one screening engine for customer and payment screening against WorldCompliance data, deployed in cloud or on premise",Quote-based; the product page lists a sales phone line and publishes no prices (checked Sep 2026),Not recorded,source-checked,2026-09-19,,https://risk.lexisnexis.com/global/en/products/firco-continuity,no
sanctions-screening-software,LSEG World-Check,https://www.lseg.com/en/risk-intelligence/screening-solutions/world-check-kyc-screening,enterprise,"Banks, regulated non-bank firms and corporates that want a long-established structured risk database for KYC, third-party and payment screening, delivered as software, API or data",Quote-based; the product page offers a request-details form and publishes no list prices (checked Sep 2026),Not recorded,source-checked,2026-09-19,,https://www.lseg.com/en/risk-intelligence/screening-solutions/world-check-kyc-screening,no
sanctions-screening-software,Moody's Grid,https://www.moodys.com/web/en/us/kyc/products/grid.html,enterprise,"Banks and corporates that need a large structured risk database with PEP risk ratings, sanctions relationship data and adverse media summaries for screening and monitoring",Quote-based; the product page and brochure publish no prices (checked Sep 2026),Not recorded,source-checked,2026-09-19,,https://www.moodys.com/web/en/us/site-assets/BX_299-Grid_brochure_20July2026.pdf,no
sanctions-screening-software,Sanction Scanner,https://www.sanctionscanner.com/,mid-market,"Fintechs, payment firms, crypto and gambling operators that want API-first sanctions, PEP and watchlist screening with daily ongoing monitoring","Quote-based; the product pages offer a demo request and publish no prices; a free check against OFAC SDN, UK and EU sanctions lists is available without login (checked Sep 2026)",Not recorded,source-checked,2026-09-19,,https://www.sanctionscanner.com/aml-screening-monitoring,no
sanctions-screening-software,sanctions.io,https://www.sanctions.io/,smb,"Companies and developers that need usage-based sanctions, PEP, criminal watchlist and adverse media screening through an API, portal or CRM integration","Usage-based; a pricing calculator sets price by annual screening volume from 5,000 to more than 250,000 screenings or by monitored entities from 100 to more than 10,000, watchlists, integrations and a one- to three-year term; estimates are shown after entering contact details; the vendor states there are no implementation fees (checked Sep 2026)","Monthly by credit card or annual by invoice; one-, two- or three-year terms",source-checked,2026-09-19,https://www.sanctions.io/pricing-calculator,https://www.sanctions.io/solutions/screening-api,no
sap-access-risk-management-tools,ControlPanelGRC,https://nttdata-solutions.com/us/products/controlpanelgrc/,specialist,"SAP customers wanting access, process, basis and security controls from one rapid-deploy platform",No list price on reviewed page (checked Sep 2026),Not recorded,source-checked,2026-09-11,,https://nttdata-solutions.com/us/products/controlpanelgrc/,no
sap-access-risk-management-tools,Fastpath,https://delinea.com/products/fastpath-access-control,mid-market,"Mid-market groups running SAP alongside Dynamics, NetSuite or Oracle EBS",Quote-based (checked Sep 2026),Not recorded,source-checked,2026-09-11,,https://delinea.com/products/fastpath-access-control,no
sap-access-risk-management-tools,Pathlock,https://pathlock.com/products/sap-access-risk-analysis/,enterprise,"Enterprises comparing access risk across SAP, Oracle and Workday",No list price on reviewed page (checked Sep 2026),Not recorded,source-checked,2026-09-08,,https://pathlock.com/products/sap-access-risk-analysis/,no
sap-access-risk-management-tools,SafePaaS,https://www.safepaas.com/segregation-of-duties/,mid-market,Fiori-heavy SAP landscapes needing authorization-object-level SoD rules,No list price on reviewed page (checked Sep 2026),Not recorded,source-checked,2026-09-11,,https://www.safepaas.com/segregation-of-duties/,no
sap-access-risk-management-tools,SailPoint Access Risk Management,https://www.sailpoint.com/products/identity-security-cloud/atlas/add-ons/access-risk-management,enterprise,"Organizations standardizing SAP, Oracle and Workday risk inside one identity platform",No list price on reviewed page (checked Sep 2026),Not recorded,source-checked,2026-09-11,,https://www.sailpoint.com/products/identity-security-cloud/atlas/add-ons/access-risk-management,no
sap-access-risk-management-tools,SAP Access Control (SAP GRC),https://www.sap.com/products/financial-management/access-control.html,enterprise,SAP shops wanting access risk analysis native to SAP's own platform,"Access Control: quote-based; separate Cloud IAG standard edition lists USD 9,019/month per 1,000 resources (checked Sep 2026)",Cloud IAG standard: displayed contract duration 3–60 months; Access Control terms on request,source-checked,2026-09-08,https://www.sap.com/products/financial-management/access-control.html,https://www.sap.com/products/financial-management/cloud-iam.html,no
sap-access-risk-management-tools,Saviynt,https://saviynt.com/products/application-access-governance-solutions,enterprise,Enterprises wanting AI-prioritized SAP SoD inside a converged identity governance suite,No list price on reviewed page (checked Sep 2026),Not recorded,source-checked,2026-09-08,,https://saviynt.com/products/application-access-governance-solutions,no
sap-access-risk-management-tools,Soterion,https://soterion.com/access-risk-manager/,specialist,SAP-only teams wanting access risk tied directly to SAP license cost,No list price on reviewed page (checked Sep 2026),Not recorded,source-checked,2026-09-11,,https://soterion.com/access-risk-manager/,no
sap-access-risk-management-tools,Xiting,https://xiting.com/en/xiting-authorizations-management-suite/,specialist,SAP Basis teams running large role redesign or S/4HANA migration projects,No list price on reviewed page (checked Sep 2026),Not recorded,source-checked,2026-09-11,,https://xiting.com/en/xiting-authorizations-management-suite/,no
sap-compliance-software,ControlPanelGRC,https://nttdata-solutions.com/us/products/controlpanelgrc/,specialist,"SAP teams wanting a fast-to-implement, on-transport CCM tool without new infrastructure",No pricing page found on vendor site (checked Sep 2026),Not recorded,source-checked,2026-09-11,,https://nttdata-solutions.com/us/products/controlpanelgrc/,no
sap-compliance-software,Fastpath (Delinea),https://delinea.com/products/fastpath-access-governance,mid-market,SAP audit teams needing SOX-ready access and change reporting alongside SoD analysis,Quote-based (checked Sep 2026),Not recorded,source-checked,2026-09-11,https://delinea.com/products/fastpath-access-governance,https://delinea.com/products/fastpath-access-governance,no
sap-compliance-software,Onapsis,https://onapsis.com/platform/assess/,enterprise,"SAP teams automating ITGC evidence for SOX, GDPR and NIST audits",No list price on reviewed page (checked Sep 2026),Not recorded,source-checked,2026-09-11,,https://onapsis.com/platform/assess/,no
sap-compliance-software,Optro (formerly AuditBoard),https://optro.ai/,enterprise,Enterprise internal audit functions running SOX programmes that include SAP-based controls,Quote-based (checked Sep 2026),Not recorded,source-checked,2026-09-11,https://optro.ai/pricing,https://optro.ai/,no
sap-compliance-software,Pathlock,https://pathlock.com/products/continuous-controls-monitoring/,enterprise,"SOX programmes that need continuous, quantified monitoring of SAP controls",No list price on vendor page (checked Sep 2026),Not recorded,source-checked,2026-09-11,,https://pathlock.com/products/continuous-controls-monitoring/,no
sap-compliance-software,SAP Process Control,https://www.sap.com/products/financial-management/internal-control.html,enterprise,Organisations that want internal controls managed natively inside their SAP landscape,No list price on reviewed page (checked Sep 2026),Not recorded,source-checked,2026-09-11,,https://help.sap.com/docs/SUPPORT_CONTENT/grc/3362386397.html,no
sap-compliance-software,Security Weaver,https://www.securityweaver.com/en/solutions/,specialist,"Smaller SAP shops wanting low-cost, transaction-level continuous controls monitoring","Quote-based, based on 1,000 monitored users (checked Sep 2026)",Not recorded,source-checked,2026-09-11,https://www.securityweaver.com/solutions/saas-offering-and-pricing,https://www.securityweaver.com/en/solutions/,no
sap-compliance-software,SecurityBridge,https://securitybridge.com/products/platform-overview/,specialist,SAP teams consolidating security and ITGC compliance evidence on one native platform,No pricing page found on vendor site (checked Sep 2026),Not recorded,source-checked,2026-09-11,,https://securitybridge.com/solutions/compliance-automation/,no
sap-compliance-software,Soterion,https://soterion.com/continuous-controls-manager/,specialist,SAP customers wanting business-friendly evidence that access risk actually materialised,Quote-based (checked Sep 2026),Not recorded,source-checked,2026-09-11,,https://soterion.com/continuous-controls-manager/,no
sap-compliance-software,Workiva,https://www.workiva.com/solutions/sox-compliance,enterprise,SOX and internal-controls teams consolidating audit evidence pulled from SAP and other systems,Quote-based (checked Sep 2026),Not recorded,source-checked,2026-09-11,https://www.workiva.com/pricing,https://www.workiva.com/solutions/sox-compliance,no
sap-continuous-control-monitoring-software,ControlPanelGRC,https://nttdata-solutions.com/us/products/controlpanelgrc/,specialist,SAP customers wanting compliance automation delivered as an NTT DATA managed engagement,No list price on reviewed page (checked Sep 2026),Not recorded,source-checked,2026-09-11,,https://nttdata-solutions.com/us/products/controlpanelgrc/,no
sap-continuous-control-monitoring-software,Fastpath,https://delinea.com/products/fastpath-access-governance,mid-market,Fastpath access-governance customers wanting configuration change monitoring in the same platform,Quote-based (checked Sep 2026),Not recorded,source-checked,2026-09-11,https://delinea.com/fastpath,https://delinea.com/products/fastpath-access-governance,no
sap-continuous-control-monitoring-software,Onapsis,https://onapsis.com/platform/comply/,enterprise,SAP security teams wanting IT general control evidence from the same engine as vulnerability scanning,"Quote-based, licensed per target system (checked Sep 2026)",Not recorded,source-checked,2026-09-11,https://www.onapsis.com/company/how-to-buy,https://onapsis.com/platform/comply/,no
sap-continuous-control-monitoring-software,Oversight,https://www.oversight.com/platform/compliance-monitoring,mid-market,"Finance and procurement teams focused on P2P, T&E and card spend risk in SAP",Quote-based (checked Sep 2026),Not recorded,source-checked,2026-09-11,,https://www.oversight.com/platform/compliance-monitoring,no
sap-continuous-control-monitoring-software,Pathlock,https://pathlock.com/products/continuous-controls-monitoring/,enterprise,SAP customers already on Pathlock for access governance wanting unified CCM,No list price on reviewed page (checked Sep 2026),Not recorded,source-checked,2026-09-11,,https://pathlock.com/products/continuous-controls-monitoring/,no
sap-continuous-control-monitoring-software,SafePaaS,https://www.safepaas.com/continuous-itgc-itac-control/,specialist,Organizations running SAP alongside Oracle or NetSuite wanting one cross-ERP control layer,Quote-based (checked Sep 2026),Not recorded,source-checked,2026-09-11,,https://www.safepaas.com/continuous-itgc-itac-control/,no
sap-continuous-control-monitoring-software,SAP Process Control,https://www.sap.com/products/financial-management/internal-control.html,enterprise,SAP GRC suite customers wanting control testing native to Access Control,Quote-based via SAP or reseller (checked Sep 2026),Not recorded,source-checked,2026-09-11,,https://help.sap.com/doc/3110c68ac50046cc8a035bfe348a9bc3/12.0.13/en-US/loio4570e559019f40a587bc3dce4fafbbbd_4570e559019f40a587bc3dce4fafbbbd_en.pdf,no
sap-continuous-control-monitoring-software,SecurityBridge,https://securitybridge.com/solutions/compliance-automation/,specialist,SAP security teams wanting compliance monitoring bundled with threat detection and patching,No list price on reviewed page (checked Sep 2026),Not recorded,source-checked,2026-09-11,,https://securitybridge.com/solutions/compliance-automation/,no
sap-continuous-control-monitoring-software,Soterion,https://soterion.com/continuous-controls-manager/,specialist,SAP customers wanting materialized-risk monitoring layered on existing access governance,"Quote-based, flexible subscription (checked Sep 2026)",Not recorded,source-checked,2026-09-11,,https://soterion.com/continuous-controls-manager/,no
sap-grc-tools,CERPASS,https://cerpasssoftware.com/software,mid-market,SAP customers wanting a Business Technology Platform native governance application without new infrastructure,No list price on vendor page (checked Sep 2026),Not recorded,source-checked,2026-09-22,,https://cerpasssoftware.com/how-it-works,no
sap-grc-tools,Fastpath (Delinea),https://delinea.com/products/fastpath-access-governance,enterprise,Audit and compliance teams governing SAP alongside several other business applications under one ruleset,No list price on vendor page (checked Sep 2026),Not recorded,source-checked,2026-09-22,,https://delinea.com/products/fastpath-access-governance,no
sap-grc-tools,Pathlock,https://pathlock.com/applications/sap-erp/,enterprise,SAP estates that also need continuous controls monitoring and application-layer security in the same platform,No list price on vendor page (checked Sep 2026),Not recorded,source-checked,2026-09-22,,https://pathlock.com/products/application-access-governance/,no
sap-grc-tools,SafePaaS,https://www.safepaas.com/applications/sap/,enterprise,"Mixed estates where SAP sits alongside Oracle, Workday or an existing identity governance platform",No list price on vendor page (checked Sep 2026),Not recorded,source-checked,2026-09-22,,https://www.safepaas.com/segregation-of-duties/,no
sap-grc-tools,SAP Access Control,https://www.sap.com/products/financial-management/access-control.html,enterprise,SAP estates that want the governance suite supplied and supported by SAP itself,No list price shown on the vendor product page (checked Sep 2026),Not recorded,source-checked,2026-09-22,,https://www.sap.com/products/financial-management/access-control.html,no
sap-grc-tools,smartGRC,https://smartgrc.eu/,mid-market,"Mid-market SAP customers of roughly 200 to 1,000 users who need a published price before starting procurement","Starter EUR 15,000 per year up to 400 SAP users; Professional EUR 30,000 per year up to 800; Enterprise EUR 60,000 per year above 800, excluding implementation (checked Sep 2026)","Annual list prices per package, stated to exclude implementation and additional services",source-checked,2026-09-22,https://smartgrc.eu/assets/downloads/smartgrc-partner-guide-en.pdf,https://smartgrc.eu/alternatives/saviynt/,no
sap-grc-tools,Soterion,https://soterion.com/access-risk-manager/,mid-market,Organisations moving ownership of SAP access risk from IT to business process owners,No list price on vendor page (checked Sep 2026),Not recorded,source-checked,2026-09-22,,https://soterion.com/solutions-overview/,no
sap-identity-access-governance-solutions,IBM Verify Identity Governance,https://www.ibm.com/products/verify-identity-governance,enterprise,Existing IBM Verify customers needing activity-based governance across SAP and IBM-managed systems,"Usage-based resource units, no fixed rate published (checked Sep 2026)",Not recorded,source-checked,2026-09-11,https://www.ibm.com/products/verify/pricing,https://www.ibm.com/products/verify-identity-governance,no
sap-identity-access-governance-solutions,Microsoft Entra ID Governance,https://www.microsoft.com/en-us/security/business/identity-access/microsoft-entra-id-governance,enterprise,Microsoft-centric organizations migrating identity lifecycle scenarios off SAP Identity Management,"Entra ID P1 from $7/user/month, P2 from $10/user/month, Governance add-on from $7/user/month, all paid yearly (checked Sep 2026)",Not recorded,source-checked,2026-09-11,https://www.microsoft.com/en-us/security/business/microsoft-entra-pricing,https://www.microsoft.com/en-us/security/business/identity-access/microsoft-entra-id-governance,no
sap-identity-access-governance-solutions,Omada Identity Cloud,https://omadaidentity.com/products/omada-identity-cloud/,enterprise,Enterprises replacing SAP Identity Management with a SaaS-delivered IGA platform,No pricing page found on vendor site (checked Sep 2026),Not recorded,source-checked,2026-09-11,,https://omadaidentity.com/products/omada-identity-cloud/,no
sap-identity-access-governance-solutions,One Identity Manager,https://www.oneidentity.com/products/identity-manager/,enterprise,Enterprises wanting on-premises or hybrid IGA with certified SAP module licensing,Quote-based (checked Sep 2026),Not recorded,source-checked,2026-09-11,,https://www.oneidentity.com/products/identity-manager/,no
sap-identity-access-governance-solutions,Pathlock Compliant Provisioning,https://pathlock.com/products/compliant-provisioning/,specialist,SAP-heavy enterprises wanting risk-aware provisioning built specifically for SAP landscapes,No pricing page found on vendor site (checked Sep 2026),Not recorded,source-checked,2026-09-11,,https://pathlock.com/products/compliant-provisioning/,no
sap-identity-access-governance-solutions,SailPoint Identity Security Cloud,https://www.sailpoint.com/products/connectivity-and-integrations/catalog/sap,enterprise,Large enterprises needing a single identity platform across SAP and hundreds of other systems,Quote-based via Suites and Navigators pricing model (checked Sep 2026),Not recorded,source-checked,2026-09-11,https://www.sailpoint.com/products/navigators,https://www.sailpoint.com/products/connectivity-and-integrations/catalog/sap,no
sap-identity-access-governance-solutions,SAP Cloud Identity Access Governance,https://www.sap.com/products/financial-management/cloud-iam.html,enterprise,SAP-centric organizations standardizing identity governance natively in BTP,"No list price on reviewed page, sap.com pricing page blocked (checked Sep 2026)",Not recorded,source-checked,2026-09-11,,https://help.sap.com/crawler/PRODUCTION/SAP_CLOUD_IDENTITY_ACCESS_GOVERNANCE/CLOUDFOUNDRY/en-US,no
sap-identity-access-governance-solutions,Saviynt Identity Cloud,https://saviynt.com/pricing-packages,enterprise,Enterprises consolidating SAP provisioning with broader identity security posture management,"Quote-based, three tiers Essentials, Pro and Premium (checked Sep 2026)",Not recorded,source-checked,2026-09-11,https://saviynt.com/pricing-packages,https://saviynt.com/pricing-packages,no
sap-identity-access-governance-solutions,Soterion Central Identity Manager,https://soterion.com/central-identity-manager/,specialist,Small and mid-market SAP teams wanting simplified joiner-mover-leaver provisioning,No pricing page found on vendor site (checked Sep 2026),Not recorded,source-checked,2026-09-11,,https://soterion.com/central-identity-manager/,no
sap-identity-access-governance-solutions,Xiting Security Platform,https://xiting.com/en/xiting-security-platform/,specialist,SAP-only shops wanting a purpose-built identity and provisioning layer on SAP BTP,No pricing page found on vendor site (checked Sep 2026),Not recorded,source-checked,2026-09-11,,https://xiting.com/en/xiting-security-platform/,no
sap-license-management-software,Certero for SAP Applications,https://www.certero.com/solutions/sap,specialist,Multi-system SAP landscapes needing named-user and engine optimization outside the SAP environment,Quote-based (checked Sep 2026),Not recorded,source-checked,2026-09-11,,https://www.certero.com/solutions/sap,no
sap-license-management-software,Flexera (Snow Optimizer for SAP Software),https://www.flexera.com/products/snow-optimizer-sap-software,enterprise,"Large SAP estates wanting an SAP-certified, in-system tool with a full ITAM platform behind it",Quote-based; no SAP-specific figures on the vendor pricing/contact page (checked Sep 2026),Not disclosed; routes to sales contact,source-checked,2026-09-08,https://www.flexera.com/pricing,,no
sap-license-management-software,License Dashboard License Manager,https://licensedashboard.com/products/license-manager/,mid-market,Mid-size and large IT teams standardizing SAM across SAP and other major publishers on one console,Quote-based; no pricing appears on the product page or resources hub (checked Sep 2026),Not disclosed; demo/IT Health Check contact routes,source-checked,2026-09-08,,https://licensedashboard.com/resources/,no
sap-license-management-software,Matrix42 Software Asset Management (SAP Compliance Extension),https://www.matrix42.com/en/software-asset-management,mid-market,European organizations running Matrix42 for ITSM that want SAP compliance added as an extension,"Quote-based; personalized quote via request form, no figures published (checked Sep 2026)","Not disclosed; varies by company size, services and configuration per vendor",source-checked,2026-09-08,https://www.matrix42.com/en/pricing,,no
sap-license-management-software,Pathlock License Management (formerly Xpandion ProfileTailor LicenseAuditor),https://pathlock.com/learn/sap-licenses-types-sap-licensing-models-reduce-license-spend/,specialist,SAP shops wanting license optimization combined with access governance from one vendor,No list price on reviewed page (checked Sep 2026),Not recorded,source-checked,2026-09-11,,https://pathlock.com/learn/sap-licenses-types-sap-licensing-models-reduce-license-spend/,no
sap-license-management-software,Raynet RaySAMi,https://raynet-inc.com/license-management/,specialist,Enterprises wanting SAP license management inside a broader unified data and ITAM platform,Quote-based (checked Sep 2026),Not recorded,source-checked,2026-09-11,,https://raynet-inc.com/license-management/,no
sap-license-management-software,SAP License Administration Workbench (LAW) and Global License Auditing Service,https://help.sap.com/doc/saphelp_snc70/7.0/en-US/48/c6e74b7a004da5e10000000a421937/content.htm?no_cache=true,specialist,Organizations that only need to consolidate SAP's own USMM measurement across systems for the annual audit,Included with the SAP system licence; no separate charge (checked Sep 2026),Not applicable; standard transaction shipped inside the SAP system landscape,source-checked,2026-09-08,,https://help.sap.com/doc/saphelp_snc70/7.0/en-US/48/c6e74b7a004da5e10000000a421937/content.htm?no_cache=true,no
sap-license-management-software,ServiceNow Software Asset Management,https://www.servicenow.com/products/software-asset-management.html,enterprise,Organizations already standardized on the ServiceNow platform wanting SAP data inside the same console,No list price on reviewed page (checked Sep 2026),Not recorded,source-checked,2026-09-11,,https://www.servicenow.com/products/software-asset-management.html,no
sap-license-management-software,USU SAM for SAP Software,https://www.usu.com/en/it-asset-management/sap-license-management,enterprise,Enterprises wanting SAP-specific depth beyond what SAP's own LAW measurement provides,No list price on reviewed page (checked Sep 2026),Not recorded,source-checked,2026-09-11,,https://www.usu.com/en/it-asset-management/sap-license-management,no
sap-license-management-software,VOQUZ Labs samQ FinOps,https://www.voquzlabs.com/samq,specialist,SAP-only shops wanting a specialist optimizer that layers financial governance on top of user licensing,"Quote-based; four named bundles (Essentials, Standard, Enterprise, All Inclusive) with feature comparison but no dollar figures (checked Sep 2026)","Not disclosed; ""Request your samQ FinOps Offer"" contact form",source-checked,2026-09-08,https://www.voquzlabs.com/samq,,no
sap-role-management-tools,ControlPanelGRC,https://nttdata-solutions.com/us/products/controlpanelgrc/,specialist,"SAP customers wanting a fast-to-deploy, ABAP-native alternative to standalone GRC platforms",No list price on reviewed page (checked Sep 2026),Not recorded,source-checked,2026-09-11,,https://nttdata-solutions.com/us/products/controlpanelgrc/,no
sap-role-management-tools,Fastpath Application Access Governance,https://delinea.com/products/fastpath-access-governance,enterprise,Teams that want role simulation bundled with SoD monitoring under one identity security vendor,Quote-based (checked Sep 2026),Not recorded,source-checked,2026-09-11,https://delinea.com/fastpath,https://delinea.com/products/fastpath-access-governance,no
sap-role-management-tools,Pathlock Role Management,https://pathlock.com/products/role-management/,enterprise,Enterprises standardizing role design and SoD checks across SAP and non-SAP applications,No list price on reviewed page (checked Sep 2026),Not recorded,source-checked,2026-09-11,,https://pathlock.com/products/role-management/,no
sap-role-management-tools,Pointsharp IGA for SAP (SIVIS Enterprise Security),https://www.pointsharp.com/en/products/sivis-enterprise-security,specialist,Organizations wanting role automation folded into a broader SAP and Microsoft identity platform,No pricing page found on vendor site (checked Sep 2026),Not recorded,source-checked,2026-09-11,,https://www.pointsharp.com/en/products/sivis-enterprise-security,no
sap-role-management-tools,SafePaaS Roles Manager,https://www.safepaas.com/roles-manager/,mid-market,"Multi-ERP organizations that want one role-design tool spanning SAP, Oracle and other applications",No pricing page found on vendor site (checked Sep 2026),Not recorded,source-checked,2026-09-11,,https://www.safepaas.com/roles-manager/,no
sap-role-management-tools,SAP GRC Access Control (Business Role Management),https://www.sap.com/products/financial-management/access-control.html,enterprise,SAP shops that want role governance to live inside the vendor's own GRC suite,Quote-based (checked Sep 2026),Not recorded,source-checked,2026-09-11,,https://www.sap.com/products/financial-management/access-control.html,no
sap-role-management-tools,Saviynt Application Access Governance,https://saviynt.com/products/application-access-governance-solutions,enterprise,Organizations that want SAP role engineering delivered as part of a broader identity governance platform,No list price on reviewed page (checked Sep 2026),Not recorded,source-checked,2026-09-11,https://saviynt.com/pricing-packages,https://saviynt.com/products/application-access-governance-solutions,no
sap-role-management-tools,Soterion,https://soterion.com/,specialist,Business-facing teams that want role modelling in language line managers can read,No pricing page found on vendor site (checked Sep 2026),Not recorded,source-checked,2026-09-11,,https://soterion.com/,no
sap-role-management-tools,Xiting Authorizations Management Suite (XAMS),https://xiting.com/en/xiting-authorizations-management-suite/,specialist,Dedicated SAP authorization teams running structured role-build and S/4HANA conversion projects,No pricing page found on vendor site (checked Sep 2026),Not recorded,source-checked,2026-09-11,,https://xiting.com/en/xiting-authorizations-management-suite/,no
sap-s4hana-security-software,Fastpath,https://delinea.com/products/fastpath-access-governance,mid-market,Mid-market and multi-ERP organizations wanting one access governance tool across SAP and other systems,Quote-based (checked Sep 2026),Not recorded,source-checked,2026-09-11,https://delinea.com/products/fastpath-access-governance,https://delinea.com/products/fastpath-access-governance,no
sap-s4hana-security-software,Layer Seven Security,https://www.layersevensecurity.com/cybersecurity-extension-for-sap/,specialist,SAP RISE customers wanting full-stack coverage without provisioning extra infrastructure through SAP ECS,Quote-based (checked Sep 2026),Not recorded,source-checked,2026-09-11,,https://www.layersevensecurity.com/cybersecurity-extension-for-sap/,no
sap-s4hana-security-software,Onapsis,https://onapsis.com/platform/,enterprise,Enterprises running SAP RISE or hybrid landscapes needing continuous vulnerability and threat coverage,Quote-based (checked Sep 2026),Not recorded,source-checked,2026-09-11,https://www.onapsis.com/company/how-to-buy,https://onapsis.com/platform/,no
sap-s4hana-security-software,Pathlock,https://pathlock.com/products/cybersecurity-application-controls/,enterprise,Organizations wanting SAP cybersecurity pricing published upfront rather than quoted through sales,"Free; paid from $7,500/yr (checked Sep 2026)",Not recorded,source-checked,2026-09-11,https://pathlock.com/products/cybersecurity-application-controls/,https://pathlock.com/products/cybersecurity-application-controls/,no
sap-s4hana-security-software,SAP Enterprise Threat Detection,https://www.sap.com/products/financial-management/enterprise-threat-detection.html,enterprise,SAP customers wanting SIEM-grade threat detection built and supported directly by SAP,Quote-based (checked Sep 2026),Not recorded,source-checked,2026-09-11,,https://help.sap.com/docs/SAP_ENTERPRISE_THREAT_DETECTION_CLOUD_EDITION,no
sap-s4hana-security-software,Saviynt,https://saviynt.com/solution-guides/saviynt-for-sap-s4hana/,enterprise,Enterprises standardising identity governance across SAP and non-SAP applications on one cloud platform,Quote-based (checked Sep 2026),Not recorded,source-checked,2026-09-11,https://saviynt.com/pricing-packages,https://saviynt.com/solution-guides/saviynt-for-sap-s4hana/,no
sap-s4hana-security-software,SecurityBridge,https://securitybridge.com/,enterprise,"Basis teams wanting a single SAP-native add-on covering patching, custom code and threat detection",Quote-based (checked Sep 2026),Not recorded,source-checked,2026-09-11,,https://securitybridge.com/,no
sap-s4hana-security-software,Soterion,https://soterion.com/,smb,Mid-sized SAP shops needing business-friendly access risk reporting alongside S/4 FUE license optimisation,Quote-based (checked Sep 2026),Not recorded,source-checked,2026-09-11,,https://soterion.com/,no
sap-s4hana-security-software,Xiting,https://xiting.com/en/products/xiting-security-platform/,specialist,SAP Gold Partner customers wanting consulting-backed authorization and licensing work paired with a hybrid security platform,Quote-based (checked Sep 2026),Not recorded,source-checked,2026-09-11,,https://xiting.com/en/products/xiting-security-platform/,no
sap-security-tools,bowbridge Anti-Virus for SAP,https://www.bowbridge.net/en/anti-virus-for-sap-solutions,specialist,Any SAP landscape with file uploads or downloads that standard antivirus tools miss,Quote-based (checked Sep 2026),Not recorded,source-checked,2026-09-11,,https://www.bowbridge.net/en/anti-virus-for-sap-solutions,no
sap-security-tools,IBM Security Guardium for SAP HANA,https://www.ibm.com/downloads/documents/us-en/107a02e94dc8f941,enterprise,Organizations already running Guardium elsewhere that want SAP HANA in the same program,Quote-based (checked Sep 2026),Not recorded,source-checked,2026-09-11,,https://www.ibm.com/docs/en/guardium/11.3?topic=datasource-sap-hana,no
sap-security-tools,Layer Seven Security (CXS),https://www.layersevensecurity.com/cybersecurity-extension-for-sap/,specialist,"Budget-conscious SAP teams wanting agentless vulnerability, threat and code security",Quote-based (checked Sep 2026),Not recorded,source-checked,2026-09-11,,https://www.layersevensecurity.com/cybersecurity-extension-for-sap/,no
sap-security-tools,Onapsis Platform,https://onapsis.com/platform/,enterprise,"Large SAP and Oracle estates needing vulnerability, threat and code security in one platform",Quote-based (checked Sep 2026),Not recorded,source-checked,2026-09-11,,https://onapsis.com/platform/,no
sap-security-tools,Pathlock SAP Threat Detection,https://pathlock.com/products/sap-threat-detection-tool-for-enterprise/,enterprise,Organizations evaluating Pathlock for access governance that also want real-time threat detection,"From $15,000/year for the Professional edition, which includes Threat Detection (checked Sep 2026)",Not recorded,source-checked,2026-09-11,https://pathlock.com/products/cybersecurity-application-controls/,https://pathlock.com/products/sap-threat-detection-tool-for-enterprise/,no
sap-security-tools,SAP Enterprise Threat Detection,https://www.sap.com/products/financial-management/enterprise-threat-detection.html,enterprise,"SAP-committed enterprises wanting SAP's own SIEM, including as a managed service",Quote-based (checked Sep 2026),Not recorded,source-checked,2026-09-11,,https://help.sap.com/crawler/PRODUCTION/SAP_ENTERPRISE_THREAT_DETECTION/2.6/en-US,no
sap-security-tools,SAP Focused Run (CSA),https://support.sap.com/en/alm/sap-focused-run/expert-portal/configuration-and-security-analytics.html,enterprise,Large landscapes already centralizing lifecycle management on SAP Focused Run,Quote-based (checked Sep 2026),Not recorded,source-checked,2026-09-11,,https://support.sap.com/en/alm/sap-focused-run/expert-portal/configuration-and-security-analytics.html,no
sap-security-tools,SecurityBridge Platform,https://securitybridge.com/products/platform-overview/,mid-market,"SAP teams wanting in-system detection, code scanning and patch management in one tool",No list price on reviewed page (checked Sep 2026),Not recorded,source-checked,2026-09-11,,https://securitybridge.com/products/platform-overview/,no
sap-security-tools,Xiting Security Platform,https://xiting.com/en/sap-vulnerability-compliance-monitoring-ics/,specialist,Mid-sized SAP shops wanting one vendor for authorization cleanup and compliance monitoring,Quote-based (checked Sep 2026),Not recorded,source-checked,2026-09-11,,https://xiting.com/en/xams/security-architect/,no
sap-segregation-of-duties-software,ControlPanelGRC,https://nttdata-solutions.com/us/products/controlpanelgrc/,specialist,"SAP customers wanting rapid ABAP-native SoD deployment measured in days, not months",Quote-based; no pricing page found on vendor site (checked Sep 2026),Not recorded,source-checked,2026-09-11,,https://nttdata-solutions.com/us/products/controlpanelgrc/,no
sap-segregation-of-duties-software,Fastpath,https://delinea.com/products/fastpath-access-governance,mid-market,Mid-market SAP shops wanting SoD alongside audit trail and firefighter access in one suite,Quote-based; no pricing page found on vendor site (checked Sep 2026),Not recorded,source-checked,2026-09-11,,https://delinea.com/products/fastpath-access-governance,no
sap-segregation-of-duties-software,MTC Skopos,https://mtcskopos.com/,smb,"Consultants and auditors needing a fast, portable SoD check without a GRC project","From EUR 5,736/yr base license, plus EUR 555 per additional seat (checked Sep 2026)",Not recorded,source-checked,2026-09-11,https://mtcskopos.com/,https://mtcskopos.com/,no
sap-segregation-of-duties-software,Pathlock,https://pathlock.com/products/sap-access-risk-analysis/,enterprise,"Enterprises needing cross-application SoD across SAP, Oracle and Workday in one platform","Quote-based for SoD and access governance; SAP Cybersecurity bundles published from $7,500/yr (checked Sep 2026)",Not recorded,source-checked,2026-09-11,https://pathlock.com/products/cybersecurity-application-controls/,https://pathlock.com/products/sap-access-risk-analysis/,no
sap-segregation-of-duties-software,SafePaaS,https://www.safepaas.com/sap/,mid-market,Regulated enterprises wanting policy-based SoD across SAP and other ERPs in one rulebook,Quote-based; no pricing page found on vendor site (checked Sep 2026),Not recorded,source-checked,2026-09-11,,https://www.safepaas.com/sap/,no
sap-segregation-of-duties-software,SailPoint Access Risk Management,https://www.sailpoint.com/products/access-risk-management,mid-market,SailPoint identity customers extending SoD monitoring to SAP without a separate GRC vendor,Quote-based; no pricing page found on vendor site (checked Sep 2026),Not recorded,source-checked,2026-09-11,,https://www.sailpoint.com/products/access-risk-management,no
sap-segregation-of-duties-software,SAP Access Control,https://www.sap.com/products/financial-management/access-control.html,enterprise,Organisations standardising on SAP-native GRC without a third-party layer,Quote-based; no pricing page found on vendor site (checked Sep 2026),Not recorded,source-checked,2026-09-11,,https://help.sap.com/docs/SAP_ACCESS_CONTROL/5cae1bc9a72348389e91183714220e30/4e56dbfdd48028d6e10000000a421bc1.html,no
sap-segregation-of-duties-software,Saviynt,https://saviynt.com/solution-guides/saviynt-application-grc-access-control-for-sap/,enterprise,Enterprises unifying SAP SoD with a broader identity governance programme,Quote-based; tiered plans (Essentials/Pro/Premium) with no published figures (checked Sep 2026),Not recorded,source-checked,2026-09-11,https://saviynt.com/pricing-packages,https://saviynt.com/solution-guides/saviynt-application-grc-access-control-for-sap/,no
sap-segregation-of-duties-software,Soterion,https://soterion.com/access-risk-manager/,specialist,SAP-only shops wanting a business-friendly GRC tool without a systems integrator relationship,Quote-based; no pricing page found on vendor site (checked Sep 2026),Not recorded,source-checked,2026-09-11,,https://soterion.com/access-risk-manager/,no
sap-segregation-of-duties-software,Xiting,https://xiting.com/en/xiting-authorizations-management-suite/,specialist,Organisations rebuilding SAP role concepts who need SoD checked during role design itself,Quote-based; no pricing page found on vendor site (checked Sep 2026),Not recorded,source-checked,2026-09-11,,https://xiting.com/en/xiting-authorizations-management-suite/,no
sap-self-service-password-reset-tools,Bravura Pass,https://www.bravurasecurity.com/products/bravura-pass,enterprise,"Large hybrid estates that need SAP resets, including SAP CUA landscapes, inside a wider password lifecycle and synchronization program",Quote-based; no list price on reviewed page (checked Sep 2026),Not recorded,source-checked,2026-09-18,,https://docs.bravurasecurity.com/connector-pack/en/253903-overview.html,no
sap-self-service-password-reset-tools,FastPass SSPR,https://www.fastpasscorp.com/products/self-service-password-reset/sap-portal-password-reset/,enterprise,Enterprises with many SAP instances that want either a direct SAP reset portal or Active Directory-to-SAP password synchronization from one product,"Quote-based; priced on user count, non-Windows password scope, functionality and cloud or on-premises deployment (checked Sep 2026)",Not recorded,source-checked,2026-09-18,https://www.fastpasscorp.com/pricing/,https://www.fastpasscorp.com/products/password-synchronization/password-sync-sap/,no
sap-self-service-password-reset-tools,ManageEngine ADSelfService Plus,https://www.manageengine.com/products/self-service-password/sap-self-service-password-reset-tool.html,mid-market,Active Directory-centered organizations that want SAP NetWeaver passwords to follow the user's domain password,"Annual subscription for 500 users: Standard US$595, Professional US$1,195; up to US$4,995 and US$6,995 for 5,000 users (checked Sep 2026)",Annual subscription,source-checked,2026-09-18,https://www.manageengine.com/products/self-service-password/pricing-details.html,https://www.manageengine.com/products/self-service-password/sap-self-service-password-reset-tool.html,no
sap-self-service-password-reset-tools,NTT DATA Password Management Simplified,https://nttdata-solutions.com/qa-en/products/password-management-simplified/,specialist,SAP ECC or S/4HANA customers that want a subscription reset service on SAP's cloud platform without installing transports,"GBP 2.99 per unit per month on the UK G-Cloud 14 listing; usage-based monthly subscription, free to install (checked Sep 2026)",Monthly subscription,source-checked,2026-09-18,https://www.applytosupply.digitalmarketplace.service.gov.uk/g-cloud/services/301641912624479,https://nttdata-solutions.com/qa-en/products/password-management-simplified/,no
sap-self-service-password-reset-tools,One Identity Password Manager,https://www.oneidentity.com/products/password-manager/,enterprise,Active Directory estates that need self-service reset to reach SAP and other non-Microsoft systems from one on-premises portal,"Quote-based; free trial offered, no list price on reviewed page (checked Sep 2026)",Not recorded,source-checked,2026-09-18,,https://support.oneidentity.com/password-manager/kb/4383341/password-manager-best-practices-and-troubleshooting-guide,no
sap-self-service-password-reset-tools,PIKON Password Self Service for SAP,https://www.pikon.com/en/services/sap-add-ons/add-on-pikon-password-self-service/,specialist,"SAP teams that want a small WebDynpro add-on installed by transport, with email-link reset and protection for technical users",Small one-time setup fee plus an annual fee based on the number of system landscapes; no figures published (checked Sep 2026),One-time fee plus annual fee,source-checked,2026-09-18,,https://www.pikon.com/en/services/sap-add-ons/add-on-pikon-password-self-service/,no
sap-self-service-password-reset-tools,valantic apm restarter,https://www.valantic.com/en/sap-services/sap-add-on-apm-restarter-password-self-service/,specialist,"SAP customers already using the valantic apm Suite for GRC and authorization management, or wanting a standalone reset add-on from the same vendor",Quote-based; no list price on reviewed page (checked Sep 2026),Not recorded,source-checked,2026-09-18,,https://www.valantic.com/en/sap-services/sap-add-on-apm-restarter-password-self-service/,no
sap-self-service-password-reset-tools,Xiting Central Workflows,https://xiting.com/en/identity-and-access-management/password-self-service-for-sap-abap-systems/,specialist,SAP ABAP landscapes that want password self-service bundled with user and role request workflows from an SAP security specialist,Quote-based; no list price on reviewed page (checked Sep 2026),Not recorded,source-checked,2026-09-18,,https://xiting.com/en/xiting-central-workflows/,no
sap-user-access-review-software,ControlPanelGRC,https://nttdata-solutions.com/us/products/controlpanelgrc/,mid-market,"SAP teams wanting a fast, ABAP-native implementation of periodic access review reporting",No list price on reviewed page (checked Sep 2026),Not recorded,source-checked,2026-09-11,,https://nttdata-solutions.com/us/products/controlpanelgrc/,no
sap-user-access-review-software,Fastpath Access Review,https://delinea.com/products/fastpath-access-review,mid-market,"Mid-market SAP and multi-ERP teams replacing a manual, spreadsheet-driven review cycle",Quote-based (checked Sep 2026),Not recorded,source-checked,2026-09-11,https://delinea.com/fastpath,https://delinea.com/products/fastpath-access-review,no
sap-user-access-review-software,Omada Identity,https://omadaidentity.com/products/functionality/identity-governance/,enterprise,European enterprises wanting business-friendly SAP review surveys inside a wider IGA rollout,No list price on reviewed page (checked Sep 2026),Not recorded,source-checked,2026-09-11,,https://omadaidentity.com/products/functionality/identity-governance/,no
sap-user-access-review-software,Pathlock,https://pathlock.com/products/user-access-review-software/,enterprise,"Organizations that want one review campaign to cover SAP alongside Oracle, Workday and Salesforce",No list price on reviewed page (checked Sep 2026),Not recorded,source-checked,2026-09-11,,https://pathlock.com/products/user-access-review-software/,no
sap-user-access-review-software,SailPoint Access Risk Management,https://www.sailpoint.com/products/access-risk-management,enterprise,SailPoint Identity Security Cloud customers extending certification into SAP-specific risk data,Quote-based (checked Sep 2026),Not recorded,source-checked,2026-09-11,https://www.sailpoint.com/products/navigators,https://www.sailpoint.com/products/access-risk-management,no
sap-user-access-review-software,SAP Access Control,https://www.sap.com/products/financial-management/access-control.html,enterprise,SAP shops that want recertification to run natively inside the GRC stack they already own,No list price on reviewed page (checked Sep 2026),Not recorded,source-checked,2026-09-11,,https://help.sap.com/docs/PRODUCT_ID/5cae1bc9a72348389e91183714220e30/086143a609f640c29d0a1c1d95ff411b.html?locale=en-US&state=PRODUCTION&version=12.0.01,no
sap-user-access-review-software,Saviynt Application Access Governance,https://saviynt.com/products/application-access-governance-solutions,enterprise,Enterprises wanting SAP recertification inside a broader identity security platform with AI risk scoring,Quote-based (checked Sep 2026),Not recorded,source-checked,2026-09-11,https://saviynt.com/pricing-packages,https://saviynt.com/products/application-access-governance-solutions,no
sap-user-access-review-software,SIVIS Enterprise Security,https://www.pointsharp.com/en/products/sivis-enterprise-security,specialist,"European SAP teams standardizing recertification validity rules across users, roles and audit conflicts",No list price on reviewed page (checked Sep 2026),Not recorded,source-checked,2026-09-11,,https://www.pointsharp.com/en/products/sivis-enterprise-security,no
sap-user-access-review-software,Soterion,https://soterion.com/periodic-review-manager/,specialist,SAP-only teams that want reviewers to see business context instead of raw role names,Quote-based (checked Sep 2026),Not recorded,source-checked,2026-09-11,,https://soterion.com/periodic-review-manager/,no
sap-user-access-review-software,Xiting Authorizations Management Suite,https://xiting.com/en/governance-risk-compliance/user-access-review-uar-recertification/,specialist,DACH-region SAP teams wanting UAR built on the same on-premise suite used for role design,Quote-based (checked Sep 2026),Not recorded,source-checked,2026-09-11,,https://xiting.com/en/governance-risk-compliance/user-access-review-uar-recertification/,no
self-service-password-reset-tools,Avatier Identity Anywhere Password Management,https://www.avatier.com/products/pm/,enterprise,"Enterprises that want the reset request to arrive through a chat, voice or mobile channel the workforce already uses rather than a separate portal",Quote-based; the pricing page is a 14-day cloud trial request form and publishes no rate (checked Sep 2026),Not recorded,source-checked,2026-09-20,https://www.avatier.com/pricing/,https://credentialgovernance.avatier.com/en/password-portal,no
self-service-password-reset-tools,BIO-key PortalGuard,https://www.bio-key.com/products/identity-access-management/iam-platform/,specialist,Regulated and public sector environments that want reset verified by identity-bound biometrics rather than a knowledge factor alone,Quote-based; the vendor describes simple per-user pricing in its trial material but publishes no rate on its own site (checked Sep 2026),Not recorded,source-checked,2026-09-20,https://info.bio-key.com/pg-free-trial,https://info.bio-key.com/centralized-self-service-password-reset-tech-brief,no
self-service-password-reset-tools,ManageEngine ADSelfService Plus,https://www.manageengine.com/products/self-service-password/,mid-market,"Active Directory estates that need reset coverage on Windows, macOS and Linux logon screens and password sync into non-Microsoft systems","Free edition for up to 50 domain users; Standard and Professional editions priced by domain user count in the online store, with over 5,000 users quoted by sales (checked Sep 2026)",Annual subscription,source-checked,2026-09-20,https://www.manageengine.com/products/self-service-password/store.html,https://www.manageengine.com/products/self-service-password/self-service-password-reset.html,no
self-service-password-reset-tools,Microsoft Entra ID self-service password reset,https://www.microsoft.com/en-us/security/business/identity-access/microsoft-entra-id,enterprise,"Organisations already licensed for Entra ID whose users are cloud-only, or synchronised from Active Directory with Entra Connect","Entra ID P1 from USD 7.00 per user per month and P2 from USD 10.00 per user per month, both on annual commitment; cloud-only reset is included from Microsoft 365 Business Standard upwards (checked Sep 2026)","Per user per month, paid yearly",source-checked,2026-09-20,https://www.microsoft.com/en-us/security/business/microsoft-entra-pricing,https://learn.microsoft.com/en-us/entra/identity/authentication/concept-sspr-licensing,no
self-service-password-reset-tools,Netwrix Directory Manager,https://netwrix.com/en/products/directory-manager/password-management/,mid-market,Hybrid AD and Entra ID estates that want resets routed through manager or help desk approval rather than granted on verification alone,"Quote-based; the Netwrix pricing page lists solution families and a request-a-quote route, with no figure published for Directory Management (checked Sep 2026)",Not recorded,source-checked,2026-09-20,https://netwrix.com/en/pricing/,https://docs.netwrix.com/docs/directorymanager,no
self-service-password-reset-tools,Okta self-service account recovery,https://www.okta.com/workforce-identity/,enterprise,Workforce estates that already use Okta as the identity provider and want recovery governed by the same policy engine as sign-in,"Workforce suites published at USD 6 per user per month for Starter, USD 14 for Core Essentials and USD 17 for Essentials; Professional and Enterprise are quote-based (checked Sep 2026)",Per user per month,source-checked,2026-09-20,https://www.okta.com/pricing/,https://help.okta.com/oie/en-us/content/topics/identity-engine/authenticators/configure-sspr.htm,no
self-service-password-reset-tools,One Identity Password Manager,https://www.oneidentity.com/products/password-manager/,enterprise,Multi-domain Windows estates that also need password self-service extended to UNIX and Linux accounts outside native AD control,"Quote-based; no rate is published on the product or purchase pages, and the vendor routes buyers to a free trial or a sales contact (checked Sep 2026)",Not recorded,source-checked,2026-09-20,https://www.oneidentity.com/buy/,https://www.oneidentity.com/products/password-manager/,no
self-service-password-reset-tools,Softerra Adaxes,https://www.adaxes.com/active-directory_self-service-password-reset.htm,mid-market,"Active Directory teams that want published, perpetual licence pricing and reset available from both Windows and macOS logon screens","Perpetual licence from USD 1,600 for up to 100 user accounts to USD 10,800 for up to 2,000, with annual maintenance and support from USD 480; larger bands quoted (checked Sep 2026)","Perpetual licence, plus optional annual maintenance and support",source-checked,2026-09-20,https://www.adaxes.com/purchase.htm,https://www.adaxes.com/info_features.htm,no
self-service-password-reset-tools,Specops Password Reset,https://specopssoft.com/product/specops-password-reset/,specialist,Active Directory shops that want reset configured through Group Policy with no extra database and a wide choice of third-party verification services,"Quote-based; volume-tiered on the number of Active Directory users in scope, with the annual subscription stated to include support, product upgrades, SMS authentication costs and administrator training (checked Sep 2026)","Annual subscription, or perpetual on-premises licence",source-checked,2026-09-20,https://specopssoft.com/pricing-request/,https://specopssoft.com/our-resources/specops-ureset-datasheet/,no
self-service-password-reset-tools,Tools4ever NIM Self-Service Password Reset,https://www.tools4ever.com/modules/self-service-password-reset,mid-market,Organisations consolidating reset into a provisioning platform so one password change reaches every connected system at once,Quote-based; no rate is published for the NIM module and the vendor publishes no pricing page (checked Sep 2026),Not recorded,source-checked,2026-09-20,https://www.tools4ever.com/modules/self-service-password-reset,https://www.tools4ever.com/software/self-service-reset-password-management,no
semantic-layer-platforms,AtScale,https://www.atscale.com/product/,enterprise,"Enterprises that need one governed model consumed by many existing tools at once, because the platform is documented as ingesting models from dbt, Power BI and LookML into a single layer","Consumption-based, priced on deployed semantic objects, the governed metrics, dimensions and models published for production use. The pricing page states there are no per-seat and no per-query fees and that volume discounts reduce the cost per object as the count grows, and offers Standard and Enterprise editions; no figure, rate or entry price is published (checked Sep 2026)","Consumption-based on deployed semantic objects, with volume discounts; no per-user or per-query charge, and no published rate",source-checked,2026-09-22,https://www.atscale.com/pricing/,https://www.atscale.com/product/universal-semantic-layer/,no
semantic-layer-platforms,Cube,https://cube.dev/product/semantic-layer,open-source,"Engineering teams that want the semantic layer to run as its own service with a published open-source licence, consumed over APIs by applications and agents rather than by one BI tool","Cube publishes a four-tier rate card: a Free forever tier, Starter at $40 per developer per month, Premium at $80 per developer per month and a custom-priced Enterprise tier. Self-serve subscriptions are billed monthly by card through Stripe, with active seats billed in advance and mid-period seat changes prorated in arrears; order-form customers are billed annually in advance on Net 30 terms (checked Sep 2026)","Per developer per month; self-serve billed monthly in advance by card, order-form customers billed annually upfront with Net 30 standard terms",source-checked,2026-09-22,https://cube.dev/pricing,https://cube.dev/docs/product/introduction,no
semantic-layer-platforms,Databricks Unity Catalog metric views,https://www.databricks.com/product/unity-catalog,enterprise,"Organisations already standardised on Databricks that want metric definitions governed by the same catalog that governs the underlying tables, models and agents","No separate rate is published for metric views; the documentation presents them as objects within Unity Catalog rather than as a priced product. The platform pricing page states a pay-as-you-go model with no up-front cost, billed per second for the products used, with committed use contracts offering discounts at higher usage levels (checked Sep 2026)","No standalone charge documented for metric views; platform billed pay-as-you-go per second, or under a committed use contract",source-checked,2026-09-22,https://www.databricks.com/product/pricing,https://docs.databricks.com/aws/en/metric-views/,no
semantic-layer-platforms,dbt Semantic Layer,https://www.getdbt.com/product/semantic-layer,open-source,Teams whose transformation logic already lives in a dbt project and who want metric definitions to sit in the same version-controlled repository as the models they sit on,"The Starter plan is published at $100 per user per month, covering five developer seats, 15,000 successful models built per month and 5,000 queried metrics per month, with dbt Semantic Layer basic included; Enterprise and Enterprise+ are custom-priced and raise the metric allowance to 20,000 queried metrics per month with dbt Semantic Layer advanced. The Developer plan is free for one seat and does not include the Semantic Layer (checked Sep 2026)","Per user per month on Starter; Enterprise and Enterprise+ quoted, each plan carrying a monthly ceiling on models built and metrics queried",source-checked,2026-09-22,https://www.getdbt.com/pricing,https://docs.getdbt.com/docs/use-dbt-semantic-layer/dbt-sl,no
semantic-layer-platforms,Dremio,https://www.dremio.com/,enterprise,"Lakehouse teams that want the semantic layer and the query engine in one product, so that governed views are the same objects the engine accelerates","Dremio Cloud, the fully managed offering on AWS, is published at $0.20 per Dremio Compute Unit, with a free trial of $400 in credit for 30 days. Dremio Enterprise, which is self-managed on Kubernetes, on-premises or in cloud, is quote-based; both are described as consumption-based pricing models (checked Sep 2026)",Consumption-based: $0.20 per Dremio Compute Unit on the managed cloud offering; Enterprise consumption pricing quoted,source-checked,2026-09-22,https://www.dremio.com/pricing/,https://docs.dremio.com/current/help-support/well-architected-framework/semantic,no
semantic-layer-platforms,Honeydew,https://honeydew.ai/,mid-market,"Snowflake-centred teams that want the semantic layer to compile and execute inside the warehouse rather than in a separate runtime, with a published per-user and per-object rate card","The Lite plan is $20 per user per month for up to 50 users, plus a platform fee from $500 per month covering 100, 250 or 500 active objects. The Standard plan is $30 per user per month, plus a platform fee from $2,000 per month covering 250, 750 or 1,500 active objects. Enterprise is custom-priced. A 14-day free trial is offered (checked Sep 2026)",Per user per month plus a monthly platform fee banded by active object count; Enterprise quoted,source-checked,2026-09-22,https://honeydew.ai/pricing/,,no
semantic-layer-platforms,Kyvos,https://www.kyvosinsights.com/,enterprise,"Buyers who need to model the cost of a semantic layer before procurement, because the vendor publishes per-core-hour rates and an annual subscription starting figure","Three deployment options carry published rates: via a cloud marketplace at $0.41 per core hour with no fixed monthly charge, billed through the cloud provider and counting toward a cloud commitment; as a managed service at $0.61 per core hour, stated as including licence, infrastructure and management; and in the customer's own environment, where an annual subscription starts at $48,000 or the same $0.41 per core hour applies. Discounts are offered for committed bulk usage (checked Sep 2026)","Per core hour, metered in seconds, with no minimum charge; or an annual subscription from $48,000 for customer-environment deployment",source-checked,2026-09-22,https://www.kyvosinsights.com/pricing/,,no
semantic-layer-platforms,Snowflake semantic views,https://www.snowflake.com/en/product/platform/,enterprise,"Snowflake accounts that want metric definitions to be database objects, created by SQL statement and shareable through the same listing mechanism as data","No separate charge is documented for semantic views, which the documentation classifies as metadata and as schema-level objects. Platform pricing is consumption-based across four editions, Standard, Enterprise, Business Critical and Virtual Private Snowflake, with storage billed monthly on average compressed volume and the service purchasable on demand or as pre-paid capacity (checked Sep 2026)","No standalone charge documented for semantic views; platform consumption billed on demand or against pre-paid capacity, by edition",source-checked,2026-09-22,https://www.snowflake.com/en/pricing-options/,https://docs.snowflake.com/en/user-guide/views-semantic/overview,no
semantic-layer-platforms,Timbr,https://timbr.ai/,specialist,"Teams modelling domains where the relationships matter as much as the metrics, because the semantic layer is expressed as an SQL-native ontology with inheritance and graph traversal","Three plans are published, Teams, Business and Enterprise, each available on Timbr Cloud or self-hosted, with a monthly and an annual billing toggle and a stated 20 per cent saving on annual billing; Enterprise is quote-based. Plan limits are published: Teams covers 10 users, 5 data models, 4 source connections and 5 concurrent queries; Business covers 20 users, 10 data models, 8 source connections and 10 concurrent queries. No monetary figure was rendered on the fetched pricing page (checked Sep 2026)","Monthly or annual subscription per plan, annual stated as 20 per cent cheaper; cloud marketplace ordering offered; Enterprise quoted",source-checked,2026-09-22,https://timbr.ai/pricing/,https://docs.timbr.ai/doc/docs/getting-started/intro-timbr/,no
seo-agencies,Directive,https://directiveconsulting.com/,mid-market,"B2B technology companies, including cybersecurity and cloud software, that want SEO content run alongside paid media and revenue operations",Quote-based; no rate published (checked Sep 2026),Not recorded,source-checked,2026-09-19,,https://directiveconsulting.com/services/seo/,no
seo-agencies,Embryo,https://www.embryo.com/,mid-market,"UK businesses, B2B or B2C and with or without ecommerce, that want SEO run alongside digital PR, PPC and content from a Manchester agency",Quote-based; no rate published (checked Sep 2026),Not recorded,source-checked,2026-09-19,,https://www.embryo.com/seo/,no
seo-agencies,Grow and Convert,https://www.growandconvert.com/,specialist,"B2B and SaaS companies that want a small volume of interview-based, bottom-of-funnel content judged by leads and signups rather than traffic","Base package US$10,000 per month, scaling with article volume; discounts for yearly contracts (checked Sep 2026)",Flat monthly rate; no 6 or 12 month contract required,source-checked,2026-09-19,https://www.growandconvert.com/content-marketing-service-agency/,https://www.growandconvert.com/seo-geo-service/,no
seo-agencies,Omniscient Digital,https://beomniscient.com/,specialist,"B2B software companies that want SEO, content, digital PR and AI search work run as one organic growth programme tied to pipeline","Full-service engagements start at US$10,000 per month (checked Sep 2026)",Monthly retainer; contract length not published,source-checked,2026-09-19,https://beomniscient.com/why-us/,https://beomniscient.com/why-us/,no
seo-agencies,Siege Media,https://www.siegemedia.com/,specialist,"Consumer, fintech, health and SaaS brands in competitive search markets that want design-heavy content, digital PR and SEO from one agency","Content marketing minimum US$8,000 per month; digital PR from about US$12,000 to US$15,000 per month (checked Sep 2026)",12-month contract with a 30-day out clause,source-checked,2026-09-19,https://www.siegemedia.com/services/content-marketing,https://www.siegemedia.com/services/seo,no
seo-agencies,Skale,https://skale.so/,specialist,"SaaS companies that want an agency working only with software brands to own the SEO channel against signups, SQLs and MRR targets",Quote-based; no rate published (checked Sep 2026),Not recorded,source-checked,2026-09-19,,https://skale.so/saas-seo-agency/,no
seo-agencies,StudioHawk,https://studiohawk.com.au/,specialist,"Australian and UK brands, from ecommerce retailers to local services, that want an SEO-only agency with direct specialist access and no lock-in contract",Quote-based; bespoke proposal by scope (checked Sep 2026),No lock-in contracts,source-checked,2026-09-19,,https://studiohawk.com.au/seo-services/,no
seo-agencies,Victorious,https://victorious.com/,specialist,"Mid-market and enterprise brands in ecommerce, finance, B2B and services that want an SEO-only agency on a 12-month programme","US$5,000 to US$20,000 per month for long-term SEO campaigns, per the agency's cost guide (checked Sep 2026)",Monthly retainer on a 12-month campaign cycle,source-checked,2026-09-19,https://victorious.com/blog/how-much-does-seo-cost/,https://victorious.com/case-studies/,no
seo-agencies,WebFX,https://www.webfx.com/,smb,"Small and mid-sized businesses, including local healthcare, dental and IT service firms, that want SEO bundled with lead and revenue tracking","Custom SEO plans from US$3,000 per month; published tiers run US$8,600 to US$21,400 for a two-month initial campaign, then US$2,800 to US$9,200 per month (checked Sep 2026)",Six-month commitment on published tiers,source-checked,2026-09-19,https://www.webfx.com/seo/services/monthly-seo/,https://www.webfx.com/seo/pricing/,no
session-replay-tools,Contentsquare (Hotjar),https://contentsquare.com/hotjar/,enterprise,"Marketing, product, UX and ecommerce teams that want session replay alongside heatmaps, surveys, funnels, error monitoring and AI summaries, from a free plan up to enterprise, as Contentsquare documents","Free plan with 200,000 monthly sessions and 10,000 replays. Growth starts at $49 per month for 7,000 sessions and 7,000 replays and rises in steps to $739 per month for 200,000 sessions and 30,000 replays. Annual payment set up in-app by card or PayPal takes 20 per cent off before VAT; invoice payment does not qualify. European customers are billed in euros. Pro and Enterprise start at 1 million monthly sessions and are quoted (checked Sep 2026)","Per month by session tier, billed monthly or annually; Pro and Enterprise quoted",source-checked,2026-09-25,https://contentsquare.com/pricing/,,no
session-replay-tools,Datadog,https://www.datadoghq.com/product/real-user-monitoring/session-replay/,enterprise,"Engineering and product teams that already use Datadog and want browser and mobile replay connected to RUM, product analytics and backend traces, as Datadog documents","Session Replay is an add-on to RUM or Product Analytics at $2.50 per 1,000 sessions per month billed annually, $3 billed month-to-month or $3.60 on-demand. RUM Measure costs $0.15, $0.18 or $0.22 per 1,000 sessions on full traffic, and RUM Investigate $3, $3.60 or $4.50 per 1,000 filtered sessions, on the same three billing terms. Multi-year and volume discounts are available (checked Sep 2026)","Per 1,000 sessions per month, billed annually, month-to-month or on-demand",source-checked,2026-09-25,https://www.datadoghq.com/pricing/list/,,no
session-replay-tools,Fullstory,https://www.fullstory.com/,enterprise,"Product, analytics and digital experience teams that want session replay tied to product analytics, funnels and warehouse data export, with privacy-first capture, as Fullstory documents","Three analytics plans, Business, Advanced and Enterprise, are priced through a demo request; no figures are published. Mobile, StoryAI, Guides and Surveys, Multi-Org Management and an Advantage support subscription are sold as add-ons (checked Sep 2026)",Quote-based,source-checked,2026-09-25,https://www.fullstory.com/pricing/,,no
session-replay-tools,Lucky Orange,https://www.luckyorange.com/,smb,"Small businesses, ecommerce stores and agencies that want recordings, dynamic heatmaps, conversion funnels, surveys and live chat in one tool with every feature on every plan, as Lucky Orange documents","Build costs $32 per month billed annually or $39 monthly for 3,500 monthly sessions. Grow costs $72 per month billed annually for 10,000 sessions. Expand costs $199 annually or $249 monthly from 50,000 sessions, and Scale $839 annually or $1,049 monthly from 300,000 sessions. Enterprise is custom from 700,000 sessions. Additional websites cost $5 per site. A 7-day free trial is offered (checked Sep 2026)","Per month by session tier, billed monthly or annually",source-checked,2026-09-25,https://www.luckyorange.com/pricing,,no
session-replay-tools,Microsoft Clarity,https://clarity.microsoft.com/,smb,"Website and app owners who want session recordings, heatmaps and AI summaries at no cost and without sampling, for audiences aged 18 and over, as Microsoft documents",Free. Microsoft describes Clarity as a free service forever with no traffic limits and no paid version to upgrade to (checked Sep 2026),Free,source-checked,2026-09-25,https://learn.microsoft.com/en-us/clarity/faq,https://learn.microsoft.com/en-us/clarity/faq,no
session-replay-tools,Mouseflow,https://mouseflow.com/,smb,"Marketing, ecommerce and UX teams that want session replays, heatmaps, friction detection, form analytics and feedback surveys, with unlimited users on every plan, as Mouseflow documents","Free plan with 500 monthly sessions. Essential costs €25 per month billed annually or €39 monthly for 5,000 sessions. Advanced costs €109 annually or €149 monthly for 25,000 sessions. Premium costs €319 annually or €399 monthly for 100,000 sessions. Enterprise is priced by sales. Prices appear without a currency symbol; the page's structured data lists EUR. A 14-day money-back guarantee applies (checked Sep 2026)","Per month by session tier, billed monthly or annually",source-checked,2026-09-25,https://mouseflow.com/pricing/,,no
session-replay-tools,OpenReplay,https://openreplay.com/,open-source,"Engineering, support and product teams that need session replay, product analytics and co-browsing on their own infrastructure or a dedicated managed instance for data control, as OpenReplay documents","Open-source edition is free to self-host. Dedicated, a managed instance on AWS, Google Cloud or Azure, starts at $199 per month, billed hourly at $0.276 per hour, with no limits on users, recordings or retention; Bring-Your-Own-Cloud is billed at a flat monthly rate. Enterprise is self-hosted at scale with volume pricing on a multi-year contract. A usage-based Serverless option is also described (checked Sep 2026)",Hourly for Dedicated; Enterprise on multi-year contract; open source free,source-checked,2026-09-25,https://openreplay.com/pricing,,no
session-replay-tools,PostHog,https://posthog.com/session-replay,specialist,"Product engineers, product managers and support teams that want session replay with console logs and network data inside a platform that also runs analytics, feature flags and error tracking, as PostHog documents","Free tier resets monthly and includes 5,000 web recordings and 2,500 mobile recordings. Above that, web recordings cost $0.0050 each for 5,000 to 15,000, then $0.0035, $0.0020 and $0.0017 in larger bands, and $0.0015 above 500,000. Mobile recordings cost $0.0100 each above the free tier, falling to $0.0030 above 500,000. A billing limit can be set per product (checked Sep 2026)","Usage-based per recording, billed monthly after the free tier",source-checked,2026-09-25,https://posthog.com/pricing,,no
session-replay-tools,Sentry,https://sentry.io/for/session-replay/,mid-market,"Engineering teams that want web and mobile session replays attached to error monitoring and tracing so a bug can be reproduced from the user's session, as Sentry documents","Developer is free for one user. Team costs $26 per month and Business $80 per month when billed annually with default prepaid data. Paid plans include 50 replays a month. Additional replays cost $0.00375 each pay-as-you-go or $0.0030 reserved up to 5,000, falling to $0.00245 and $0.00196 above 4.5 million. Enterprise is quoted (checked Sep 2026)","Base plan per month, billed monthly or annually, plus reserved or pay-as-you-go replay volume",source-checked,2026-09-25,https://sentry.io/pricing/,https://docs.sentry.io/pricing/,no
session-replay-tools,UXCam,https://uxcam.com/,mid-market,"Product teams at mobile app and web companies that want session replay, heatmaps, product analytics and crash and UI-freeze monitoring with an AI analyst, as UXCam documents","Free plan with 3,000 monthly sessions, limited filters and 6-month session retention. Starter covers up to 10,000 monthly sessions, Growth 10,000 and more, and Enterprise custom volumes; all three are priced on request. A 14-day trial includes Growth features and 100,000 sessions. Tara AI Pro is an add-on priced on request (checked Sep 2026)",Free plan; paid plans quote-based,source-checked,2026-09-25,https://uxcam.com/pricing,,no
shipment-tracking-software,AfterShip Tracking,https://www.aftership.com/tracking,mid-market,"Online stores and growing brands that want a branded tracking page, automatic carrier detection and email and SMS updates on a published, shipment-based plan","Essentials from US$29 per month and Premium from US$59 per month, each for 6,000 shipments per year, with overage of US$0.08 and US$0.12 per extra shipment; Enterprise custom; annual billing saves 18% (checked Sep 2026)",Monthly or annual; annual billing saves 18%,source-checked,2026-09-19,https://www.aftership.com/pricing/tracking,,no
shipment-tracking-software,CWILL Post-Purchase (formerly ParcelPanel),https://www.parcelpanel.com/,smb,"Shopify and WooCommerce stores, including dropshippers, that want a low-cost or free branded tracking page priced by order credits","Free plan with 20 credits per month; Essential US$11 per month for 200 credits; paid tiers at US$59 for 2,000 credits and US$479 for 25,000 credits; US$0.05 per additional credit; annual billing saves 20% (checked Sep 2026)",Monthly or annual; annual billing saves 20%,source-checked,2026-09-19,https://www.parcelpanel.com/pricing/,,no
shipment-tracking-software,Loop Tracking,https://www.loopreturns.com/tracking/,specialist,Shopify brands that use or are considering Loop for returns and want tracking pages and delivery estimates from the same vendor,"Tracking figures not published on the checked pricing page, which lists a Tracking tab and a 10% bundle discount; Loop returns plans from free to US$340 per month (checked Sep 2026)",Not recorded,source-checked,2026-09-19,https://www.loopreturns.com/pricing/,,no
shipment-tracking-software,Narvar,https://corp.narvar.com/,enterprise,"Large retailers and enterprise brands that want tracking, delivery promise, returns and delivery fraud tools on one platform with enterprise support","Quote-based; no public price list, with pricing through a sales demo (checked Sep 2026)",Not recorded,source-checked,2026-09-19,,https://corp.narvar.com/track,no
shipment-tracking-software,parcelLab,https://parcellab.com/,enterprise,Mid-size and enterprise retailers that want fully embedded tracking pages and branded notifications across many channels,Quote-based; no public price list; the Shopify app is free to install and requires a parcelLab subscription (checked Sep 2026),Not recorded,source-checked,2026-09-19,,https://parcellab.com/track-and-communicate/,no
shipment-tracking-software,Redo,https://www.getredo.com/,smb,"Shopify brands that already use or plan to use Redo for returns, claims or email and want order tracking billed per order on the same platform","Order tracking US$0.08 per tracked order; returns and claims portals free; email from US$2.00 per 1,000 sends and SMS from US$0.016 per send (checked Sep 2026)","Usage-based, per tracked order",source-checked,2026-09-19,https://www.getredo.com/pricing,,no
shipment-tracking-software,Route,https://route.com/,specialist,Shopify brands that want branded tracking bundled with consumer-funded package protection and returns at no monthly software fee,"Standard US$0 per month with consumer-funded pricing and no monthly fees; Custom plans with flat-fee, volume-based or consumer-funded options (checked Sep 2026)",Standard has no monthly fee; Custom billed on monthly cycles,source-checked,2026-09-19,https://route.com/pricing,https://merchants.help.route.com/hc/en-us/articles/33834036379799-Track-Tab-Overview,no
shipment-tracking-software,Shipup,https://www.shipup.co/en,mid-market,"Ecommerce brands that want branded tracking, multichannel delivery notifications and carrier incident handling under an annual contract","Essential €299, Advanced €599 and Premium €999 per month with a one-year commitment, plus a per-package usage fee; SMS and WhatsApp billed per message (checked Sep 2026)",Annual commitment of at least 12 months; 24- or 36-month terms available,source-checked,2026-09-19,https://www.shipup.co/en/pricing,,no
shipment-tracking-software,WeSupply Labs,https://wesupplylabs.com/,mid-market,"Retailers that combine online, in-store and curbside orders and want tracking, returns and pickup handled on one post-purchase platform","Growth US$50 per month and Advanced US$168 per month, each including 2,000 shipments and 100 returns per month, with overage of US$0.05 and US$0.07 per extra shipment; Enterprise by demo for 15,000+ shipments per month (checked Sep 2026)",Monthly; 14-day free trial with no credit card required,source-checked,2026-09-19,https://wesupplylabs.com/pricing/,,no
shipping-automation-software,NimbusPost,https://nimbuspost.com/,smb,"Indian direct-to-consumer sellers who want the shipping rate banded by monthly order count before signing up, as NimbusPost publishes three B2C tiers with their order ranges","B2C shipping is quoted per 500 grams by monthly order band. Essential starts at ₹25.50 per 500g for up to 300 orders a month, Elevate at ₹24 for 300 to 1,000 orders, and Elite at ₹19 above 1,000. B2B cargo starts at ₹140 per 10kg and warehousing and fulfilment at ₹16 an order. Every B2C tier includes multi-channel integration, automated order sync and call and email support; higher tiers add a cloud-based call centre, a dedicated account manager and custom reports (checked Sep 2026)","Freight charged per 500 grams by monthly order band, with add-ons priced separately",source-checked,2026-09-23,https://nimbuspost.com/pricing/,,no
shipping-automation-software,Ordoro,https://www.ordoro.com/,smb,"Sellers who need shipping automation now and inventory or dropship management later, because Ordoro sells the three as separate apps with their own published plans","Three apps priced separately. Shipping has three tiers: Essential is free for 100 labels a month with 1 sales channel, 1 ship-from location and 1 user. Advanced is $59 a month for 3,000 labels, 5 channels, 5 locations, unlimited users, automation rules and presets, advanced analytics, batch processing and returns management. Premium is $149 a month for unlimited labels, channels and locations, adding kitting, QuickBooks Online, branded tracking pages and API access. Inventory starts at $349 a month and Dropshipping at $299 a month. Bundled pricing across apps is quoted, and the trial runs 15 days without a card (checked Sep 2026)","Monthly subscription per app, with bundled pricing quoted on request",source-checked,2026-09-23,https://www.ordoro.com/pricing,,no
shipping-automation-software,Sendcloud,https://www.sendcloud.com/,mid-market,"European merchants who need a carrier network and a pick-up point selector in the checkout, since Sendcloud documents 170 carriers and 390,000 service points on its paid plans","A free plan ships up to 20 parcels a month with no subscription and no carrier contract, at €0.50 a label beyond the limit. Lite is €28 a month plus €0.10 a label, with 3 users, 3 integrations, 5 shipping rules and a cap of 4,800 labels a year. Growth is €87 plus €0.09 a label, 5 users and 12,000 labels a year. Premium is €175 plus €0.08 a label, 10 users and 120,000 labels a year. Pro is €639 plus €0.07 a label and 360,000 labels a year. Annual billing takes 20 percent off. Enterprise is quoted (checked Sep 2026)","Monthly or annual subscription plus a per-label fee, with an annual label cap on each plan",source-checked,2026-09-23,https://www.sendcloud.com/pricing/,,no
shipping-automation-software,Shiprocket,https://www.shiprocket.in/,mid-market,"Indian sellers who need courier selection, cash-on-delivery reconciliation and non-delivery report handling in one place, as Shiprocket documents across its plan tiers","Four tiers, quoted as an average shipment cost rather than a licence. The free plan suits up to 5 orders a month at about ₹45 an average shipment. The ₹199 a month plan covers 5 to 50 orders at about ₹41, the ₹499 plan 50 to 200 orders at about ₹39, and the ₹799 plan 3,000 to 10,000 orders at about ₹36. Each paid tier refunds the plan fee on reaching a named shipment count in any month: 100, 500 and 1,000 respectively (checked Sep 2026)",Monthly plan fee plus freight charged per 500 grams; plan fee refundable on hitting the stated shipment count,source-checked,2026-09-23,https://www.shiprocket.in/pricing/,,no
shipping-automation-software,ShipStation,https://www.shipstation.com/,mid-market,"Sellers who want the monthly cost readable at their own shipment volume before signing, because the pricing page publishes a figure for each of fifteen volume steps on each of three plans","Three plans, each priced by monthly shipment volume. Starter runs $14.99 a month at 50 shipments, $39.99 at 500, $79.99 at 1,000 and $174.99 at 5,000, with 3 users. Standard runs $29.99 at 50 shipments, $89.99 at 500, $149.99 at 1,000, $449.99 at 10,000 and $3,599.99 at 100,000, with 10 users. Premium starts at $349.99 for 50 shipments and reaches $7,499.99 at 100,000, with 15 users. Fulfillment, 3PL Manager and Dropship Manager are separate add-on fees on every tier (checked Sep 2026)","Monthly subscription by shipment volume band, plus a la carte add-on fees",source-checked,2026-09-23,https://www.shipstation.com/pricing/,,no
shipping-automation-software,Shiptheory,https://shiptheory.com/,specialist,"Businesses whose orders originate in NetSuite, Microsoft Dynamics 365 Business Central or a warehouse system, because Shiptheory sells a separate ERP and WMS plan alongside its ecommerce plans","Annual billing, with monthly billing about 20 percent higher. EARTH is £39 a month annually or £49 monthly, covering 1 user, 1 channel, 2 carriers and 1,500 shipments a month at £0.03 a shipment. SATURN is £99 annually or £119 monthly, for 3 users, 3 channels, 3 carriers and 3,000 shipments. JUPITER is £217 annually or £255 monthly, for 10 users, premium channels and carriers and 8,000 shipments at £0.02 a shipment. COSMOS, the ERP, API and WMS plan, is £433 annually or £590 monthly for unlimited channels and carriers and 20,000 shipments. Enterprise is bespoke above 20,000 shipments a month (checked Sep 2026)","Annual or monthly subscription by shipment band, plus a per-shipment fee of £0.02 or £0.03",source-checked,2026-09-23,https://shiptheory.com/pricing/,,no
shipping-automation-software,Sorted,https://sorted.com/,enterprise,"Large retailers carrying the maintenance cost of several direct carrier integrations, since Sorted documents a single on-platform carrier network that it maintains through carrier changes","No figure appears anywhere on the pricing page. Sorted charges by Action Transaction Unit, a consumption metric covering API calls, webhooks, tracking notifications and orchestration tasks, where each action consumes a defined number of units set by its computational cost. The company states that better-optimised integrations consume fewer units, so two customers shipping identical volumes can pay different amounts. Neither the unit rate nor the cost of any named action is published (checked Sep 2026)",Consumption billing by Action Transaction Unit at a stated fixed rate; the rate itself is not published,source-checked,2026-09-23,https://sorted.com/pricing,,no
shipping-automation-software,Starshipit,https://starshipit.com/,mid-market,"Retailers who already hold carrier accounts and do not want a platform margin on each label, because Starshipit states it charges no per-label fee on top of negotiated rates","AU pricing, charged in Australian dollars. Starter is A$45 a month for up to 100 labels and Starter Plus A$126 for up to 500. Professional is A$180 for up to 1,000 labels and Professional Plus A$270 for up to 5,000. Enterprise is A$495 for up to 10,000, and Enterprise Plus is custom above that. Annual payment takes 10 percent off, and overage is A$0.15 a label on Starter and A$0.10 on Professional. Add-ons are separate: pick and pack A$100 a month, warehouse management A$299, live rates at checkout A$30 and branded returns A$20 (checked Sep 2026)","Monthly or annual subscription by label band, plus per-label overage and separately priced add-ons",source-checked,2026-09-23,https://starshipit.com/pricing,,no
shipping-automation-software,Veeqo,https://www.veeqo.com/,smb,"Multichannel sellers already shipping on Amazon, UPS, USPS, FedEx, DHL or OnTrac rates who want automation without a licence fee, as Veeqo documents a free shipping plan funded by label commission","The Shipping plan is free with unlimited orders a month, unlimited users, products, SKUs, warehouses and locations. Veeqo states it earns a commission on labels purchased through the platform, which is how the free plan is funded. Inventory starts at $19 a month and is priced by monthly order volume, adding inventory management, automated multichannel sync, demand forecasting, digital picking, the Veeqo scanner, picking path optimisation and unlimited listings. High Volume starts at $350 a month, also by order volume, adding ERP and NetSuite integration, priority support, an account manager and API consulting. No enterprise figure is published above that (checked Sep 2026)","Shipping free, funded by label commission; Inventory and High Volume billed monthly by order volume",source-checked,2026-09-23,https://www.veeqo.com/pricing,,no
shipping-automation-software,Zenstores,https://www.zenstores.com/,smb,"UK brands selling across Shopify, eBay, Amazon, Etsy and TikTok that need carrier routing rules by weight, value or channel, as Zenstores documents in its automation builder","Founders is free plus £0.25 a shipment, covering one ecommerce integration, up to 100 orders a month and shipping with Evri and DPD only. Essential is £79 a month billed annually plus £0.07 a shipment, with two carrier integrations, two ecommerce integrations and two teammates. The Zenstores plan is £159 billed annually plus £0.04 a shipment, adding unlimited integrations and teammates, shipping rules, the automation builder, auto print, barcode scanning and checkout rules. Pro is £499 billed annually plus £0.03 a shipment, with bespoke integrations and high volume order queues. Monthly billing is about 20 percent higher (checked Sep 2026)",Annual or monthly subscription plus a per-shipment fee that falls from £0.25 to £0.03 as the plan rises,source-checked,2026-09-23,https://www.zenstores.com/pricing,,no
shipping-management-software,Descartes Pacejet,https://www.pacejet.com/,mid-market,"ERP-anchored distributors and manufacturers shipping parcel, less-than-truckload and wholesale freight from the same system as the order",No published rate card; the site routes buyers to a demo request and pricing is quoted per implementation (checked Sep 2026),Not recorded,source-checked,2026-09-20,,https://www.descartes.com/resources/knowledge-center/what-is-descartes-pacejet-shipping-software,no
shipping-management-software,Descartes XPS Ship,https://www.xpsship.com/,smb,"Small and mid-size shippers that need an end-of-day manifest, a rules engine and scale integration at a low published monthly price","Free up to 50 shipments a month; Startup $9.95 up to 100; Growth $29.95 up to 500; Warehouse $99.95 up to 1,000; Enterprise from $299.95 with unlimited shipments; own carrier accounts $20 a month; EEI filing $15 per filing (checked Sep 2026)","Monthly subscription by shipment band, with add-ons billed monthly or per transaction",source-checked,2026-09-20,https://www.xpsship.com/pricing,https://www.xpsship.com/features,no
shipping-management-software,Scurri,https://scurri.com/,enterprise,Enterprise retailers replacing one-off carrier integrations with a single API and a rules engine that allocates across a large carrier library,"No public rate card; Plus, Premium and Pro bundles are published as feature sets without prices and the site routes buyers to sales or a demo (checked Sep 2026)",Not recorded,source-checked,2026-09-20,https://scurri.com/pricing/,https://scurri.com/scurri-connect/,no
shipping-management-software,ShipHawk,https://www.shiphawk.com/,mid-market,"High-volume omnichannel shippers that want warehouse execution, parcel and freight rating and invoice audit under one contract",No published rate card; the pricing address opens a demo request form and the vendor also lists a phone number for direct contact (checked Sep 2026),Not recorded,source-checked,2026-09-20,https://www.shiphawk.com/pricing,https://www.shiphawk.com/shipping-software,no
shipping-management-software,Shipium,https://www.shipium.com/,enterprise,"Enterprise retailers and fulfilment networks that want carrier selection, delivery promise and zone skipping decided by models rather than static tables",No public rate card; the site routes buyers to a demo conversation and no pricing page was found at the checked address (checked Sep 2026),Not recorded,source-checked,2026-09-20,,https://www.shipium.com/platform,no
shipping-management-software,ShippingEasy,https://shippingeasy.com/,smb,Low-volume and brick-and-mortar merchants that want discounted USPS and UPS labels with automation rules before committing to a subscription,"Starter free for up to 25 shipments a month; Growth from $19.99 a month, set by typical shipment volume; 30-day free trial; connecting an external carrier account carries an extra monthly fee (checked Sep 2026)","Monthly subscription, selected by typical monthly shipment count, following a 30-day free trial",source-checked,2026-09-20,https://www.shippingeasy.com/pricing/,,no
shipping-management-software,Shippit,https://www.shippit.com/,mid-market,Australian and New Zealand retailers that want rules-driven carrier allocation across a large domestic carrier panel with published tier pricing,"Lite free for up to 1,000 bookings a month; Plus $499 a month; Pro $999 a month; prices exclude GST; managed SMS at $0.08 a message on Plus and $0.05 on Pro (checked Sep 2026)","Monthly subscription by tier, excluding GST, with SMS billed per message",source-checked,2026-09-20,https://www.shippit.com/pricing,https://www.shippit.com/multi-carrier-shipping,no
shipping-management-software,Shiptheory,https://shiptheory.com/,smb,United Kingdom and European retailers that need per-carrier shipping rules and printer automation with carrier integrations open on every plan,"Pluto GBP 19 a month billed annually for up to 250 shipments, then Earth GBP 39, Saturn GBP 99, Jupiter GBP 217 and Cosmos GBP 433 for up to 20,000; monthly billing costs 20 percent more; per-shipment fees of GBP 0.03 falling to GBP 0.02; above 20,000 by quote (checked Sep 2026)","Monthly or annual subscription by shipment band, with annual billing discounted 20 percent, plus a per-shipment fee",source-checked,2026-09-20,https://shiptheory.com/pricing,,no
shipping-management-software,Stamps.com,https://www.stamps.com/,smb,"Offices and small businesses whose sending mixes letters, Certified Mail and parcels rather than marketplace order flow alone",Basic $14.99 a month; Professional from $29.99 a month; Multi-Location from $49.99 a month; 30-day risk-free trial with free postage and supplies on signup (checked Sep 2026),"Monthly subscription per account, with Multi-Location priced per office location",source-checked,2026-09-20,https://www.stamps.com/pricing/,https://www.stamps.com/shipping/,no
shipping-management-software,Veeqo,https://www.veeqo.com/,smb,Marketplace and direct-to-consumer sellers that want rate shopping and label buying without a subscription line on the shipping side,"Shipping plan free with unlimited orders, shipments and users; Inventory from $19 a month by order volume; High Volume from $350 a month (checked Sep 2026)","Monthly subscription on the paid tiers, priced by monthly order volume; the shipping tier carries no subscription fee and labels are paid per shipment",source-checked,2026-09-20,https://www.veeqo.com/us/pricing,https://www.veeqo.com/us/shipping,no
shopify-fulfillment-services,Amazon Multichannel Fulfillment,https://supplychain.amazon.com/multi-channel-fulfillment,enterprise,"Merchants who already store inventory for Amazon sales, because MCF fulfills non-Amazon orders from the same pool and removes the need to split stock between an FBA account and a separate 3PL","Published. Fulfillment fees are per unit and depend on product size, shipping weight, units per order and delivery speed, with a downloadable rate card and a fee calculator. A 3.5 percent fuel and logistics surcharge applies to US MCF fulfillment fees. Holiday peak fees apply from 15 October 2026 to 14 January 2027. Fees rose by about $0.30 per unit on average in 2026 and are unchanged for orders of three or more units in the small and large standard size categories. Multi-unit orders carry discounts of up to 50 percent per unit. Monthly inventory storage is charged separately. Orders outside the 48 contiguous states and Washington DC carry a surcharge of 100 percent for standard size and 200 percent for oversize items (checked Sep 2026)","Per-unit fulfillment fee by size tier, weight and speed, plus monthly inventory storage and stated surcharges",source-checked,2026-09-23,https://supplychain.amazon.com/mcf/pricing,,no
shopify-fulfillment-services,Bigblue,https://www.bigblue.co/,mid-market,"European brands selling into France, Spain and the United Kingdom, because Bigblue documents multi-warehouse fulfilment across those countries and a pickup point map that can be added to a Shopify Plus checkout","Three published plans on top of fulfilment fees. Starter is £49 a month, or £40 on a three-year commitment, with two basic integrations and two users. The Bigblue plan is £149 a month, or £124 on a three-year commitment, with five users and one premium integration alongside two basic ones. Advanced is a custom offer, listed at £300 a month on a three-year commitment, with fifteen users, three basic and two premium integrations (checked Sep 2026)","Monthly platform subscription with a discounted three-year commitment rate, charged in addition to fulfilment fees",source-checked,2026-09-23,https://www.bigblue.co/pricing,,no
shopify-fulfillment-services,Cahoot,https://www.cahoot.ai/order-fulfillment-services/,specialist,"Merchants who need fast domestic delivery badges across the United States, because Cahoot documents over 100 certified facilities and support for Amazon Seller Fulfilled Prime service levels","Custom. Cahoot states that it analyses a merchant's historical shipping, inventory and demand data, sets a baseline and returns a proposal. It names three cost components: the software and platform, parcel shipping and freight, and the fulfillment services used. No rate card is published and the pricing page presents its savings table as illustrative structure only (checked Sep 2026)","Custom proposal covering platform, parcel and freight, and fulfillment components",source-checked,2026-09-23,https://cahoot.ai/pricing/,,no
shopify-fulfillment-services,DHL Fulfillment Network,https://www.dhl.com/us-en/home/supply-chain/solutions/dhl-fulfillment-network.html,enterprise,"Merchants past the early growth stage who want warehousing and final-mile delivery from the same group, since DHL documents an integrated transport partner network behind one order tracking system","Quoted. DHL describes the commercial model as pay-per-order with digital dashboards for cost visibility, and states free implementation at any of its sites. Shopify's partner listing records that DHL Fulfillment Network starts from 3,000 orders a month. No rate card is published (checked Sep 2026)","Pay-per-order pricing, quoted after a request; implementation stated as free",source-checked,2026-09-23,,https://www.dhl.com/us-en/microsites/supply-chain/fulfillment-network/how-it-works/getting-started/fulfillment-for-shopify.html,no
shopify-fulfillment-services,Flexport,https://www.flexport.com/products/ecommerce-fulfillment/,enterprise,"Merchants importing their own goods, because Flexport documents freight forwarding, customs brokerage, distribution and direct-to-consumer fulfillment as one contracted chain rather than as separate vendors","Not published. Flexport does not post a fulfillment rate card and routes merchants to a sales conversation. The Shopify Fulfillment Network app is the entry point for new Shopify merchants, and existing merchants on the older portal integration are told they need not change anything (checked Sep 2026)",Not recorded,source-checked,2026-09-23,,https://www.shopify.com/fulfillment,no
shopify-fulfillment-services,GoBolt,https://www.gobolt.com/,mid-market,"Brands selling across the United States and Canada, because GoBolt documents twelve North American warehouses and cross-border handling alongside its own delivery operation","Quoted. GoBolt publishes no rate card and states that it works with shippers sending over 3,000 monthly orders. The pricing page describes predictable costs and simple invoicing but gives no figure, and directs merchants to a quote request (checked Sep 2026)",Not recorded,source-checked,2026-09-23,https://www.gobolt.com/pricing,,no
shopify-fulfillment-services,Huboo,https://huboo.com/fulfilment/integrations/shopify-fulfilment/,mid-market,"UK and European merchants who cannot use Shopify Fulfillment Network, since Huboo states that network is available only to US sellers meeting specific criteria and positions itself as the alternative for those regions","From £1,500 per month, quoted. Huboo publishes the structure rather than the rates, naming five elements: fulfilment costs that depend on size and quantity and include courier shipping, packaging, storage, a subscription covering software and infrastructure, and extra services such as returns, kitting, express delivery and carrier emails (checked Sep 2026)","Monthly subscription plus fulfilment, packaging, storage and extra service charges, from £1,500 a month",source-checked,2026-09-23,https://huboo.com/fulfilment/fulfilment-costs/,,no
shopify-fulfillment-services,Mayple Global,https://maypleglobal.com/,specialist,"Brands whose international orders are being lost to shipping cost or customs friction, since Mayple documents a single duty-free hub, DDP with duties collected at checkout, and delivery to more than 80 countries","Quoted after a demo request. The site publishes a worked comparison rather than a rate card: one pound of skincare shipped to Sydney is shown at $36.67 on a legacy carrier, or 29 percent of the order total, against $13.50 through Mayple, or 13 percent, with duties included at checkout. Those figures illustrate one order and are not a published rate (checked Sep 2026)",Not recorded,source-checked,2026-09-23,,https://www.shopify.com/fulfillment,no
shopify-fulfillment-services,ShipBob,https://www.shipbob.com/,mid-market,"Merchants expanding into a second country, because ShipBob documents fulfillment centers in the United States, Canada, the United Kingdom, Australia and Europe under one account and one dashboard","Quoted per customer. ShipBob states that standard fees cover implementation, receiving inventory, warehousing and picking, packing and shipping each order, and that all quotes are customized. The dashboard software and turnkey integrations are stated as free to customers. Returns carry a flat fee applied when the return physically arrives. Kitting, EDI-compliant B2B and wholesale orders, and international shipping quotes are additional (checked Sep 2026)","Custom quote covering implementation, receiving, storage and per-order fulfillment, with named services billed separately",source-checked,2026-09-23,https://www.shipbob.com/pricing/,,no
shopify-fulfillment-services,Simpl Fulfillment,https://www.simplfulfillment.com/shopify-3pl,smb,"Smaller Shopify merchants who need a predictable per-order cost, because Simpl publishes one flat rate that it states applies whether a brand ships 50 orders a month or more than 5,000","Published. A flat rate per order based on weight, starting at $7. Simpl states that the rate covers up to three picks, postage through UPS, USPS or FedEx, pick and pack, and packaging, with no setup fee, onboarding fee or receiving fee. Storage is billed separately according to the space used, by small bin, large bin, shelf or pallet (checked Sep 2026)","Flat per-order fee set by weight, with storage billed separately by space used",source-checked,2026-09-23,https://www.simplfulfillment.com/pricing,,no
social-media-analytics-tools,AgencyAnalytics,https://agencyanalytics.com/,smb,"Marketing agencies that report social results to clients alongside SEO, paid media and web data, and want white-label client portals priced per client","$20 per client per month billed annually, with all features included; annual billing saves 20%. Enterprise plans for 25 or more clients are quoted. Add-ons include an AI Tracker at $20.83 per month per 250 credits and a Rank Tracker at $41.67 per month per 500 keywords, both billed annually (checked Sep 2026)",Per client per month; annual billing saves 20%,source-checked,2026-09-22,https://agencyanalytics.com/pricing,https://agencyanalytics.com/feature/social-media-reporting,no
social-media-analytics-tools,Dash Social,https://www.dashsocial.com/,mid-market,"Consumer and retail brands with visual-first social programmes that want content prediction, competitive benchmarks and owned, creator and paid performance in one view, with unlimited users","Engage at $999 per month and Advance at $1,999 per month, each with unlimited users and one social set per brand; Enterprise is custom (checked Sep 2026)",Per month per plan; unlimited users,source-checked,2026-09-22,https://www.dashsocial.com/pricing,,no
social-media-analytics-tools,DashThis,https://dashthis.com/,smb,"Agencies, freelancers and in-house marketers that want quick, templated client dashboards combining social metrics with other marketing channels, priced per dashboard","Individual at $44, Professional at $139, Business at $279 and Standard at $429 per month paid yearly, or $54, $164, $324 and $499 month to month, for 3, 10, 25 and 50 dashboards. Larger dashboard counts are selectable. AI Insights Pro is $19 per month or $15 billed yearly (checked Sep 2026)",Per month by dashboard count; monthly or yearly billing,source-checked,2026-09-22,https://dashthis.com/pricing/,,no
social-media-analytics-tools,Emplifi,https://emplifi.io/,enterprise,"Enterprise brands that want social analytics, AI-built reports and competitor insight inside a suite that also covers publishing, social care and social commerce","Social Marketing Essential starting at $1,249 per month and Advanced at $2,499 per month; Intelligent has no published price. The page states that pricing scales with business outcomes rather than seat count. Social Care and Convert packages are priced separately (checked Sep 2026)",Per month per package; not seat-based,source-checked,2026-09-22,https://emplifi.io/pricing/,,no
social-media-analytics-tools,Iconosquare,https://www.iconosquare.com/,smb,"Brands and small agencies that want analytics-led social media management, with custom dashboards and scheduled reports alongside a scheduler and inbox","Launch at €33, Scale at €69 and Excel at €116 per month billed yearly, each for five social profiles; the page shows yearly savings of €72, €168 and €276 against monthly billing. Custom plans start at 20 social profiles. A free plan covers two profiles and one user. 14-day trial (checked Sep 2026)",Per month billed yearly or monthly; custom plans quoted,source-checked,2026-09-22,https://www.iconosquare.com/pricing,,no
social-media-analytics-tools,Metricool,https://metricool.com/,smb,"Freelancers, small businesses and agencies managing many small brands that want low-cost analytics, automated reports and a Looker Studio connector per brand","Free plan for one brand with 30 days of analytics. Starter from $20 per month billed annually ($25 monthly) for up to five brands, $36 ($45) for up to 10. Advanced from $53 annually ($67 monthly) for up to 15 brands, up to $159 ($210) for 50. Custom quoted. Euro prices also listed (checked Sep 2026)",Per month by number of brands; annual (save up to 24%) or monthly billing,source-checked,2026-09-22,https://metricool.com/pricing/,,no
social-media-analytics-tools,Rival IQ,https://www.rivaliq.com/,specialist,"Social and brand teams that benchmark their own accounts against a defined set of competitors and want scheduled, branded exports of those comparisons","Three published tiers at $239, $349 and $559 per month, covering 10, 20 and 40 tracked companies. Monthly billing or annual billing at a 15% saving; the checked page did not state which term the displayed figures reflect. Enterprise and volume packages are quoted (checked Sep 2026)",Per month; monthly or annual billing (annual saves 15%),source-checked,2026-09-22,https://www.rivaliq.com/pricing/,,no
social-media-analytics-tools,Socialinsider,https://www.socialinsider.io/,specialist,Brands and agencies that need cross-network competitor benchmarking and automated performance reports across a portfolio of 20 to 40 social accounts,"Adapt displayed at $82, Optimize at $124 and Predict at $199 per month; Adapt is shown as billed $990 a year against $1,188, so the displayed figures reflect yearly billing. Enterprise is custom. Add-ons include API access and Looker Studio access at $100 per month each. 14-day trial without a card (checked Sep 2026)",Per month billed yearly (two months free) or monthly,source-checked,2026-09-22,https://www.socialinsider.io/pricing,,no
social-media-analytics-tools,Sprout Social,https://sproutsocial.com/,mid-market,"Mid-market and enterprise social teams that want native cross-network, paid, competitor and team performance reports inside the same platform used for publishing and engagement","Essentials at $79, Standard at $199, Professional at $299 and Advanced at $399 per seat per month on annual billing; Enterprise is custom. Premium Analytics and Listening are separate add-ons from Standard upward, with no published price. 30-day free trial (checked Sep 2026)",Per seat per month; annual billing,source-checked,2026-09-22,https://sproutsocial.com/pricing/,https://sproutsocial.com/features/social-media-analytics/,no
social-media-content-calendar-software,ContentStudio,https://contentstudio.io/,smb,"Solo creators, growing marketing teams and agencies that want AI text, image and video tools inside the content planner, as ContentStudio documents","Standard costs $19 per month billed annually ($228 a year) or $29 month to month, with 5 social accounts, 1 workspace and 1 user. Advanced costs $49 billed annually ($588) or $69 monthly, with 10 accounts, 2 workspaces and 2 users. Agency Unlimited costs $99 billed annually ($1,188) or $139 monthly, with 25 accounts to start and unlimited workspaces and users. Enterprise is custom and not offered month to month. A separate API plan starts at $15 per month. Prices exclude VAT and sales tax; a 7-day trial is offered (checked Sep 2026)","Per plan, billed annually or month to month; taxes excluded",source-checked,2026-09-22,https://contentstudio.io/pricing,,no
social-media-content-calendar-software,CoSchedule,https://coschedule.com/,smb,"Marketing teams and agencies that want social scheduling inside a wider marketing calendar, as CoSchedule documents","Starter costs $29 per month billed annually or $39 billed monthly, with 1 user and 3 social profiles. Professional costs $49 per month billed annually or $59 monthly, with 2 users, a limit of 3 users at $29 per month for the third, and 5 social profiles. Extra profiles cost $5 per month each. X profiles are billed separately on every plan. Suite, with unlimited users, is custom and starts at $69 per month. Every plan has a 14-day free trial (checked Sep 2026)","Per month, billed annually or monthly; extra profiles and X profiles billed separately",source-checked,2026-09-22,https://coschedule.com/pricing,,no
social-media-content-calendar-software,Kontentino,https://www.kontentino.com/,smb,"Social media agencies and brand teams that plan content for clients and need client approval before posts go live, as Kontentino documents","In US dollars, Starter costs $59 per month billed annually or $83 monthly, with 100 posts, 10 profiles and 3 users. Starter+ costs $95 annually or $119 monthly, with 200 posts, 10 profiles and 5 users. Standard costs $140 annually or $180 monthly, with unlimited posts, 40 profiles and 10 to 30 users. Unlimited is quoted by sales. Euro prices are also listed. Analytics and the Global Content Manager are add-ons. Yearly billing saves 25%; a 14-day trial is offered (checked Sep 2026)","Per month, billed annually or monthly; taxes may apply; add-ons extra",source-checked,2026-09-22,https://www.kontentino.com/pricing,,no
social-media-content-calendar-software,Loomly,https://www.loomly.com/,smb,"Marketing teams and agencies that organise posts across several brand calendars and route them through approvals, as Loomly documents","Starter costs $49 per month billed yearly or $65 billed monthly, with 12 social accounts, 3 users and unlimited calendars. Beyond costs $249 per month billed yearly or $332 monthly, with 60 social accounts and unlimited users. Enterprise, for 61 or more accounts, is priced on request. Yearly plans are charged upfront at a 25% discount and cannot be ended early. Sales tax may apply (checked Sep 2026)","Monthly, or yearly charged upfront with a 12-month commitment",source-checked,2026-09-22,https://www.loomly.com/pricing,,no
social-media-content-calendar-software,Planable,https://planable.io/,smb,"Agencies and brand teams where many people review and approve content, since Planable prices per workspace with unlimited users, as Planable documents","Basic costs $39 per workspace per month or $390 per workspace per year, with 60 posts a month, 4 social pages and 3 campaigns per workspace. Pro costs $59 per workspace per month or $590 per year, with 150 posts, 10 social pages and 10 campaigns per workspace, plus required approvals. Enterprise is custom and typically starts at about $2,500 a year. The analytics add-on costs $14 per workspace per month or $140 per year, and the engagement add-on $9 or $90. The first 50 posts are free with no time limit (checked Sep 2026)","Per workspace, monthly or annual; add-ons per workspace; taxes excluded",source-checked,2026-09-22,https://planable.io/pricing/,https://help.planable.io/hc/en-us/articles/21715370520092-Questions-on-pricing,no
social-media-content-calendar-software,Publer,https://publer.com/,smb,"Individuals, creators and small businesses that want to start free and pay only for the social accounts they connect, as Publer documents","The Free plan covers 1 user, 1 workspace and 3 social accounts, excluding X, with 10 scheduled posts per account. Professional starts at $5 per month for 1 social account; each extra account costs $4 and each extra member $2 per month. Business starts at $10 per month; each extra account costs $7 and each extra member $3. Every 10th account or member is free, and yearly billing saves up to 20%. Enterprise adds volume discounts and is quoted. VAT is not included (checked Sep 2026)","Per social account and member, monthly or yearly; VAT excluded",source-checked,2026-09-22,https://publer.com/plans,https://publer.com/help/en/article/what-are-publers-plans-and-pricing-15h4yqh/,no
social-media-content-calendar-software,Sked Social,https://skedsocial.com/,mid-market,"Brands, agencies and multi-location businesses that plan visual content on a calendar and need no-login client review, as Sked Social documents","Billed annually in US dollars, Basic costs $290 a year ($24 per month) for 1 user and 1 social set. Grow costs $690 a year ($58 per month) for 3 users and 6 profiles, with extra profiles at $80 a year. Accelerate costs $1,990 a year ($166 per month) for 6 users and 10 profiles, with extra profiles at $100 and extra users at $150 a year. Custom starts at $249 per month. On Grow, internal approvals add $500 a year and external approvals with a review portal $1,000. Annual billing saves 17% against monthly; a 14-day trial needs no card (checked Sep 2026)","Per year billed annually, or monthly at a higher rate; add-ons per year",source-checked,2026-09-22,https://skedsocial.com/pricing,,no
social-media-content-calendar-software,SocialBee,https://socialbee.com/,smb,"Solo marketers, small businesses and small agencies that organise their social calendar by content category, as SocialBee documents","Bootstrap costs $24 per month billed annually or $29 monthly, with 5 profiles, 1 user, 1 workspace and 10 content categories. Accelerate costs $40 billed annually or $49 monthly, with 10 profiles, 50 categories, advanced analytics, bulk editing and post approval. Pro costs $82 billed annually or $99 monthly, with 25 profiles, 5 workspaces, 3 users per workspace and unlimited categories. SocialBee lists a 14-day free trial, no contracts and a 30-day money-back guarantee (checked Sep 2026)","Per month, billed annually or monthly; no contracts",source-checked,2026-09-22,https://socialbee.com/pricing/,,no
social-media-content-calendar-software,SocialPilot,https://www.socialpilot.co/,smb,"Social media agencies and small business teams that schedule large volumes of posts and bring clients into approvals, as SocialPilot documents","Essentials costs $30 per month billed monthly or $25.50 billed annually, with 7 social accounts and 1 team member. Standard costs $50 monthly or $42.50 annually, with 15 accounts and 3 members. Premium costs $100 monthly or $85 annually, with 25 accounts, 6 members and unlimited client seats. Ultimate costs $200 monthly or $170 annually, with 50 accounts and unlimited members. Extra accounts cost $4 per month and extra users $5 per month. Prices are also listed in euros, pounds and Australian dollars (checked Sep 2026)","Per month, billed monthly or annually at 15% less; extra accounts and users per month",source-checked,2026-09-22,https://www.socialpilot.co/plans,,no
social-media-content-calendar-software,Vista Social,https://vistasocial.com/,mid-market,"Marketing teams, multi-location businesses and agencies that want a content planner alongside reviews, inbox and reporting, as Vista Social documents","Professional costs $79 per month or $758 per year, with 15 profiles and 2 users. Advanced costs $149 per month or $1,430 per year, with 30 profiles and 4 users. Scale costs $349 per month or $3,638 per year, with 70 profiles and 8 users. Enterprise is custom. X costs $29 per month on every plan. Listening across social, web and news starts at $75 per month, and employee advocacy at $199 per month for 25 employees. Annual billing is paid upfront; a 14-day trial needs no card (checked Sep 2026)","Monthly, or annual paid upfront at about 20% less; add-ons monthly",source-checked,2026-09-22,https://vistasocial.com/pricing/,,no
social-media-management-tools-for-agencies,Agorapulse,https://www.agorapulse.com/,mid-market,"Small agency pods with a stable headcount that need ad-comment moderation and a shared inbox, since the seat rate is fixed and the per-extra-profile rate is published","Standard is USD 79 per user a month billed annually, or USD 99 monthly. Professional is USD 119 or USD 149 and adds ad-comment monitoring and replies, post and inbox assignments and team performance reports. Advanced is USD 149 or USD 199. Custom is tailored and adds unlimited profiles, single sign-on, custom roles and multi-step approvals. Standard, Professional and Advanced each include ten social profiles, with extras at USD 10 a month each annually or USD 15 monthly. The trial is 30 days with no card (checked Sep 2026)","Per user per month, billed monthly or annually, with a 10-profile allowance and a published per-profile overage",source-checked,2026-09-23,https://www.agorapulse.com/pricing/,,no
social-media-management-tools-for-agencies,Cloud Campaign,https://www.cloudcampaign.com/,mid-market,"Agencies that resell social management under their own brand, since standard white labeling is part of the Team plan rather than an add-on, and advanced white labeling is part of Agency","Freelancer is USD 49 a month, or USD 41 billed annually at a stated 17 percent saving, with unlimited users and seven social accounts per client; extra brand workspaces are USD 49 a month or USD 41 annually. Team is USD 199 or USD 165, with five or more workspaces, unlimited social accounts and standard white labeling; extra workspaces are USD 29 or USD 24. Agency is USD 299 or USD 249 and adds advanced white labeling, paid social reporting, client migration and single sign-on; extra workspaces are USD 35 or USD 29. CloudStudio is a per-workspace add-on from USD 99 a month and requires an active plan (checked Sep 2026)","Per month, billed monthly or annually, by brand workspace with a published per-extra-workspace rate for each tier",source-checked,2026-09-23,https://www.cloudcampaign.com/pricing,,no
social-media-management-tools-for-agencies,HeyOrca,https://www.heyorca.com/,mid-market,"Agencies whose cost centre is the client calendar rather than the seat, because HeyOrca prices per calendar and allows different plans on different clients in one account","Free is USD 0 per calendar a month with one user, 15 scheduled posts a month and two social profiles, starting with a 14-day Pro trial. Basic is USD 59 per workspace a month with ten social profiles. Pro is USD 149 per workspace a month, adding social listening, SMS media upload in Canada and the United States and custom branding. Custom is quoted for large agencies. All paid plans carry unlimited users, posts, approvals and media storage. Annual billing is stated at 15 percent lower, a multi-calendar discount applies as calendars are added, and rosters above ten calendars are quoted. Social Reports is a paid add-on on Basic (checked Sep 2026)","Per calendar or workspace per month, billed monthly or annually, with a stated multi-calendar discount and unlimited users",source-checked,2026-09-23,https://www.heyorca.com/pricing,,no
social-media-management-tools-for-agencies,Hootsuite,https://www.hootsuite.com/,enterprise,"Agencies managing large channel counts for a small number of operators, since social accounts stop being metered at Professional while the bill tracks seats","The plans page states that displayed prices are per user per month based on annual billing and do not include applicable taxes. Its FAQ states that paid plans start at USD 99 for Standard and USD 199 for Professional, and range up to USD 399 for Advanced, with Enterprise quoted. Standard covers up to ten social accounts. Professional adds unlimited social accounts, inbox and workflow automation and custom reports. Advanced adds review and approval and message assignment. Enterprise adds advanced analytics and listening, single sign-on and custom compliance. The 14-day trial caps posting at 10 to 20 posts per organization a day and excludes bulk scheduling (checked Sep 2026)","Per user per month on annual billing as stated on the plans page, excluding applicable taxes",source-checked,2026-09-23,https://www.hootsuite.com/plans,,no
social-media-management-tools-for-agencies,Metricool,https://metricool.com/,smb,"Agencies billing per client that want the platform cost to move with the client count, since Metricool prices in brand bands rather than seats or profiles","Free is EUR 0 a month for one brand with 30 days of analytics. Starter is from EUR 16 a month billed annually for up to five brands, or EUR 29 for up to ten, against monthly rates of EUR 20 and EUR 37. Advanced is from EUR 43 a month annually for up to fifteen brands, or EUR 69 for up to twenty-five, against monthly rates of EUR 54 and EUR 87, and adds the Looker Studio connector and the API. Custom covers up to fifty brands with white label. Annual billing is stated at up to 24 percent off, and the page also prices in dollars, where Starter runs from USD 20 annually or USD 25 monthly. Add-ons are an X connection at USD 10 a month per account and hashtag tracking at USD 25 a day (checked Sep 2026)","Per month, billed monthly or annually, in brand bands of five, ten, fifteen, twenty-five and fifty",source-checked,2026-09-23,https://metricool.com/pricing/,,no
social-media-management-tools-for-agencies,NapoleonCat,https://napoleoncat.com/,mid-market,"Agencies whose workload is comment and message moderation rather than publishing, since Pro and Expert price explicitly on inbox message capacity","Three licences are each sold in five sizes. Standard covers posting, analytics and reporting, from five profiles and two users at USD 89 a month or USD 79 billed yearly to sixty profiles and twenty users at USD 499 or USD 419. Pro adds moderation and states inbox capacity, from a 10,000-message inbox at USD 109 or USD 89 to a 250,000-message inbox at USD 619 or USD 509. Expert adds automation across the same five sizes, from USD 139 or USD 119 to USD 799 or USD 659. Enterprise is quoted. VAT of 23 percent is added for European Union companies without a valid tax number, for all Polish companies and for private individuals (checked Sep 2026)","Per month, billed monthly or yearly, by licence and size, with 23 percent VAT added in the stated European cases",source-checked,2026-09-23,https://napoleoncat.com/pricing/,,no
social-media-management-tools-for-agencies,Sendible,https://www.sendible.com/,mid-market,"Agencies that put account managers, freelancers, reviewers and clients inside the platform, because Sendible states unlimited users on every tier and scales price on workspaces instead","Core is USD 35 a month, or USD 31 billed yearly, with one workspace. Plus is USD 99 or USD 86 with three, Premium USD 199 or USD 170 with seven, Elite USD 299 or USD 255 with fifteen, and Enterprise USD 750 or USD 638 with fifty. Every workspace includes six social profiles, and every plan carries unlimited users, scheduling and AI credits. Yearly billing is stated at 15 percent below monthly. The trial is 14 days with no card and no contract (checked Sep 2026)","Per month, billed monthly or yearly, priced by workspace count with unlimited users on every tier",source-checked,2026-09-23,https://www.sendible.com/pricing,,no
social-media-management-tools-for-agencies,Social Champ,https://www.socialchamp.com/,smb,"Agencies that need unlimited client workspaces and unlimited seats without moving into enterprise contracting, since the Agency plan states both at a published monthly figure","Standard is USD 29 a month, or USD 23.20 billed yearly saving USD 69.60 a year, with six social accounts, two users and one workspace. Professional is USD 59 or USD 47.20 with twelve accounts, five users and three workspaces, adding advanced analytics, multi-layer approvals, client management and competitor analysis. Agency is USD 149 or USD 119.20 with thirty accounts, unlimited users and unlimited workspaces, adding white label reports, REST API access and social listening. Enterprise is quoted. Extra accounts are USD 5, USD 4 and USD 3 per profile a month by tier, extra users USD 8 a month on Professional, and AI credit packs USD 9 per 100 (checked Sep 2026)","Per month, billed monthly or yearly, by social account count with published per-profile and per-user add-on rates",source-checked,2026-09-23,https://www.socialchamp.com/pricing/,,no
social-media-management-tools-for-agencies,SocialBee,https://socialbee.com/,smb,"Agencies with large profile counts across many clients, since the Pro50, Pro100 and Pro150 plans price directly on 50, 100 and 150 connected profiles","The standard plans are Bootstrap at USD 29 a month or USD 24 annually for five profiles, Accelerate at USD 49 or USD 40.80 for ten, and Pro at USD 99 or USD 82.50 for twenty-five profiles and five workspaces. The agency range is Pro50 at USD 179 a month or USD 149.20 annually for fifty profiles and ten workspaces, Pro100 at USD 329 or USD 274.20 for a hundred profiles and twenty workspaces, and Pro150 at USD 449 or USD 374.20 for a hundred and fifty profiles and thirty workspaces, each with five users per workspace. Yearly billing on the agency range is stated at 16 percent lower. Add-ons are a user or a workspace at USD 10 a month or USD 100 a year, and five profiles at USD 15 a month or USD 150 a year (checked Sep 2026)","Per month, billed monthly or annually, by social profile count with published per-user, per-workspace and per-five-profile add-ons",source-checked,2026-09-23,https://socialbee.com/pricing/,,no
social-media-management-tools-for-agencies,Vista Social,https://vistasocial.com/,mid-market,Agencies that need 15 to 70 connected profiles on a published plan and want the cost of listening and advocacy modelled before purchase,"Professional is USD 79 a month or USD 758 a year for fifteen social profiles, two users and 10,000 DM contacts. Advanced is USD 149 or USD 1,430 for thirty profiles, four users and 25,000 DM contacts, adding advanced workflows and reporting, Zapier, Make and MCP integrations and AI training. Scale is USD 349 or USD 3,638 for seventy profiles, eight users and 100,000 DM contacts. Enterprise is customizable and quoted. Yearly billing is stated at 20 percent off. Listening on your own profiles is free, and listening across social, web and news starts at USD 75 a month. Employee advocacy is USD 199 a month for twenty-five employees. The X integration is USD 29 a month on every tier (checked Sep 2026)","Per month or per year, by profile and user allowance, with separately priced listening, advocacy and X add-ons",source-checked,2026-09-23,https://vistasocial.com/pricing/,,no
social-media-management-tools,Agorapulse,https://www.agorapulse.com/,mid-market,"Social media managers and growing teams that want unlimited scheduling, one inbox for messages and comments, and reporting priced per user","Standard US$79, Professional US$119 and Advanced US$149 per user per month billed annually (US$99, US$149 and US$199 billed monthly); 10 social profiles per plan; Custom tailored; 30-day free trial (checked Sep 2026)",Monthly or annual; annual billing saves up to 20%,source-checked,2026-09-19,https://www.agorapulse.com/pricing/,,no
social-media-management-tools,Buffer,https://buffer.com/,smb,"Creators, small businesses and agencies that want low-cost scheduling priced per connected channel, with a free plan to start",Free plan with 10 scheduled posts per channel; Essentials US$5 per channel per month (US$60 per channel billed yearly); Team US$10 per channel per month (US$120 per channel billed yearly) (checked Sep 2026),Monthly or yearly; yearly billing shown as saving two months,source-checked,2026-09-19,https://buffer.com/pricing,,no
social-media-management-tools,Hootsuite,https://www.hootsuite.com/,mid-market,"Marketing teams that want scheduling, a shared inbox, approvals and reporting in one per-seat suite, with an enterprise tier for governance and listening","Standard from US$99, Professional from US$199 and Advanced up to US$399 per month, sold per user; Enterprise custom; grid prices based on annual billing; 14-day free trial (checked Sep 2026)",Monthly or annual; annual billing gives a lower per-user rate,source-checked,2026-09-19,https://www.hootsuite.com/plans,,no
social-media-management-tools,Later,https://later.com/,smb,"Brands and social media managers focused on Instagram, TikTok and other visual channels that want planning, link in bio and analytics priced by social set","Starter US$18.75, Growth US$37.50 and Scale US$82.50 per month when billed yearly; extra users US$5 each on paid plans; 14-day free trial (checked Sep 2026)",Monthly or yearly; yearly billing shown as 25% off,source-checked,2026-09-19,https://later.com/pricing/,,no
social-media-management-tools,Loomly,https://www.loomly.com/,smb,"Marketing teams and agencies that want content calendars with approval workflows and roles, priced by bundles of social accounts and users",Starter US$65 per month billed monthly or US$49 billed yearly for 12 accounts and 3 users; Beyond US$332 monthly or US$249 yearly for 60 accounts and unlimited users; Enterprise custom (checked Sep 2026),Monthly or yearly; yearly paid upfront at 25% off with no early termination,source-checked,2026-09-19,https://www.loomly.com/pricing,,no
social-media-management-tools,Planable,https://planable.io/,smb,"Agencies and brand teams that want collaborative review and approval of social content, priced per workspace with unlimited users",Basic US$33 and Pro US$49 per workspace per month; analytics add-on US$12 to US$14 and social inbox add-on US$7.50 to US$9 per workspace per month as shown on the page; Enterprise custom; first 50 posts free (checked Sep 2026),Monthly or annual billing; add-ons priced per workspace,source-checked,2026-09-19,https://planable.io/pricing/,,no
social-media-management-tools,Sendible,https://www.sendible.com/,smb,"Agencies, franchises and multi-location businesses that want unlimited users and pricing by workspace, with white-label options on higher tiers","Core from US$35 per month for one workspace of six profiles; Plus, Premium, Elite and Enterprise add workspaces; Elite from US$349 and Enterprise from US$800 per month; yearly billing 15% lower; 14-day free trial (checked Sep 2026)",Monthly or yearly; yearly billing 15% lower; no contract stated,source-checked,2026-09-19,https://www.sendible.com/pricing,,no
social-media-management-tools,SocialPilot,https://www.socialpilot.co/,smb,"Small businesses and agencies that want low flat monthly plans with bulk scheduling, client seats and approval workflows","Essentials US$30, Standard US$50, Premium US$100 and Ultimate US$200 per month billed monthly (US$25.50, US$42.50, US$85 and US$170 billed annually); extra accounts US$4 and extra users US$5 per month (checked Sep 2026)",Monthly or annual; annual billing saves 15%; no contracts,source-checked,2026-09-19,https://www.socialpilot.co/plans,,no
social-media-management-tools,Sprout Social,https://sproutsocial.com/,mid-market,"Mid-sized and larger teams that want a consolidated inbox, publishing and reporting per seat, with optional listening, advocacy and influencer add-ons","Essentials US$79, Standard US$199, Professional US$299 and Advanced US$399 per seat per month on annual billing; Enterprise custom; 30-day free trial (checked Sep 2026)",Annual billing shown on the pricing page; priced per seat,source-checked,2026-09-19,https://sproutsocial.com/pricing/,,no
spend-management-software,Brex,https://www.brex.com/,mid-market,"Startups and growing companies that want global corporate cards, expense management, bill pay, business accounts and travel, with multi-entity support on a per-user plan",Essentials US$0 per user per month; Premium US$12 per user per month; Enterprise custom pricing; business account and bill pay fees on a separate fee schedule (checked Sep 2026),Per user per month; Enterprise by quote,source-checked,2026-09-19,https://www.brex.com/pricing,,no
spend-management-software,Coupa,https://www.coupa.com/,enterprise,"Large enterprises that want procure-to-pay, AP automation, virtual cards and expense management on one platform covering direct and indirect spend",Not published; the site offers demos and a sales contact (checked Sep 2026),Not recorded,source-checked,2026-09-19,,https://www.coupa.com/products/procure-to-pay/,no
spend-management-software,Emburse,https://www.emburse.com/,mid-market,"Organisations that want expense management with policy compliance checks and the option to keep an existing corporate card program, from SMB to enterprise",Not published on the product pages reviewed; buyers request pricing from sales (checked Sep 2026),Not recorded,source-checked,2026-09-19,,https://www.emburse.com/products/spend,no
spend-management-software,Navan,https://navan.com/,mid-market,"Companies with up to 300 employees that want travel booking and expense management together, free for travel and for the first five expensing users","Navan Business free for companies up to 300 employees; Navan Expense free for the first 5 monthly expensing users, then US$15 per user per month; Navan Enterprise by quote (checked Sep 2026)",Per active expensing user per month above the first 5; Enterprise by quote,source-checked,2026-09-19,https://navan.com/pricing,,no
spend-management-software,Payhawk,https://payhawk.com/,mid-market,"Multi-entity mid-sized and larger companies that want to buy card and expense, accounts payable, procurement and travel as separate modules on one platform","Cards & Expenses from US$449 per month; Accounts Payable from US$349 per month; Procurement from US$499 per month; Travel from US$299 per month; final price depends on modules, add-ons, admin seats, cards and transaction volume; no implementation fee (checked Sep 2026)","Monthly module pricing; quote varies by add-ons, seats and volume",source-checked,2026-09-19,https://payhawk.com/pricing,,no
spend-management-software,Pleo,https://www.pleo.io/,smb,"Small and mid-sized UK and European businesses that want company cards, receipt capture and accounts payable on a published monthly plan with a small included user count","Starter £9.50 per month on annual billing, maximum 3 users; Essential £45 monthly or £39 per month yearly; Advanced £109 monthly or £99 yearly; Beyond £219 monthly or £199 yearly; each includes 3 users, with additional users from £11 to £18 per month (checked Sep 2026)",Monthly or yearly; additional users charged per month,source-checked,2026-09-19,https://www.pleo.io/en/pricing,,no
spend-management-software,Ramp,https://ramp.com/,mid-market,"US companies that want corporate cards, expense management, bill pay and travel on one platform, starting on a free plan and adding AI automation and procurement later","Free plan at US$0 per user per month; Plus US$15 per user per month plus a platform fee based on team size, with 20% off on annual billing; Enterprise custom with annual billing; Procurement is an add-on to Plus or Enterprise (checked Sep 2026)",Monthly or annual on Plus; annual on Enterprise,source-checked,2026-09-19,https://ramp.com/pricing,,no
spend-management-software,Soldo,https://www.soldo.com/,smb,"UK and European businesses that want prepaid company cards and ring-fenced wallets for team budgets, with receipt capture and accounting export on a low monthly plan","Standard £27 per month plus VAT with 1 wallet, 3 users and 3 cards; Plus £39 per month plus VAT with 3 wallets, 3 users and 3 cards; Unlimited by quote; card issuance, cash withdrawals and other financial services fees charged separately (checked Sep 2026)",Monthly plus VAT; Unlimited by quote,source-checked,2026-09-19,https://www.soldo.com/en-gb/pricing/,,no
spend-management-software,Spendesk,https://www.spendesk.com/,mid-market,"European mid-sized companies that want unlimited cards and users, receipt automation and multi-entity budgets, with procurement and accounts payable as add-ons","Quote-based; a fixed monthly platform fee plus variable fees based on transactions (card purchases, invoice payments and expense claims); no active-user fees and no card fees (checked Sep 2026)",Fixed monthly subscription plus transaction-based variable fees,source-checked,2026-09-19,https://www.spendesk.com/en/pricing/,,no
spend-management-software,Zip,https://zip.com/,enterprise,"Mid-market and enterprise procurement, finance and IT teams that want a single intake point for purchase requests, routed through approvals, purchase orders, invoices and payments",Not published; the site offers demos and an ROI calculator (checked Sep 2026),Not recorded,source-checked,2026-09-19,,https://zip.com/solutions/intake-to-pay,no
supply-chain-management-software,Anaplan Supply Chain Planning,https://www.anaplan.com/solutions/supply-chain/,mid-market,"Companies whose supply chain decisions are argued in financial terms, because Anaplan documents supply chain planning on the same modelling platform as financial, sales and workforce planning","Quote-based: the vendor's own pricing URL resolves to a page of office addresses and phone numbers rather than a rate card, and no entry tier or unit price appears on the supply chain solution page (checked Sep 2026)",Not recorded,source-checked,2026-09-23,https://www.anaplan.com/pricing/,https://www.anaplan.com/solutions/supply-chain/,no
supply-chain-management-software,Blue Yonder Platform,https://blueyonder.com/solutions,enterprise,"Retailers and consumer goods companies whose planning question includes assortment and merchandising, because Blue Yonder documents retail planning, category management, merchandise operations and returns on the same platform as supply chain planning","Quote-based: no rate card, entry tier or unit price appears on the Blue Yonder solutions or supply chain planning pages, which route enquiries to contact and a global phone number (checked Sep 2026)",Not recorded,source-checked,2026-09-23,,https://blueyonder.com/solutions/supply-chain-planning,no
supply-chain-management-software,Coupa Supply Chain Design & Planning,https://www.coupa.com/products/supply-chain-design/,enterprise,"Supply chain teams deciding where facilities, suppliers and stock should sit, because Coupa documents network, transportation and inventory optimisation and demand modelling over a digital twin","Usage-based. Coupa states on the product page that it prices on platform usage rather than seat count, in a single package that includes unlimited users with no per-seat fees. No figure, tier or unit rate is published, so the amount still requires a quote (checked Sep 2026)","Single package, usage-based, unlimited users, no per-seat fee, as stated on the product page",source-checked,2026-09-23,https://www.coupa.com/products/supply-chain-design/,https://www.coupa.com/products/supply-chain-design/inventory-optimization/,no
supply-chain-management-software,E2open,https://www.e2open.com/,enterprise,"Brands whose supply chain runs through contract manufacturers, multi-tier suppliers and customs borders, because E2open documents Supply, Global Trade, Logistics, Planning and Channel on one platform","Quote-based: no rate card, entry tier or unit price appears on the E2open platform pages, which route enquiries to solution and contact forms (checked Sep 2026)",Not recorded,source-checked,2026-09-23,,https://www.e2open.com/,no
supply-chain-management-software,Infor Supply Chain Management,https://www.infor.com/solutions/scm,enterprise,"Companies whose delay comes from suppliers, carriers and banks rather than the forecast, because Infor documents Nexus as a shared network covering visibility, global transport management, supplier management and payments","Quote-based: no rate card, entry tier or unit price appears on the Infor supply chain management solutions page, which routes enquiries to contact and demo forms (checked Sep 2026)",Not recorded,source-checked,2026-09-23,,https://www.infor.com/solutions/scm,no
supply-chain-management-software,Kinaxis Maestro,https://www.kinaxis.com/en/solutions/platform,enterprise,"Companies running more than one ERP whose planning cycle is slowed by sequential batch runs, because Maestro documents one operational data foundation built on concurrency","Quote-based: no rate card or entry tier appears on the Maestro platform page, and the vendor pricing paths return 404; enquiries route to a demo request (checked Sep 2026)",Not recorded,source-checked,2026-09-23,,https://www.kinaxis.com/en/solutions/supply-chain-orchestration,no
supply-chain-management-software,Logility (Aptean),https://www.logility.com/,mid-market,"Mid-market manufacturers and distributors that want a planning suite from a vendor whose wider portfolio is industry-specific ERP and logistics software, as the Aptean and Logility sites document","Quote-based: no rate card, entry tier or unit price appears on the Logility site, which routes enquiries to a demo request (checked Sep 2026)",Not recorded,source-checked,2026-09-23,,https://www.logility.com/solutions/,no
supply-chain-management-software,o9 Digital Brain,https://o9solutions.com/platform/,enterprise,"Large enterprises whose planning processes run in isolation, because o9 documents demand, supply, revenue, product and financial planning connected across horizons on one platform","Quote-based: no rate card, entry tier or unit price appears on the o9 Digital Brain platform page, which routes enquiries to a live demo with an o9 expert (checked Sep 2026)",Not recorded,source-checked,2026-09-23,,https://o9solutions.com/platform/,no
supply-chain-management-software,Oracle Fusion Cloud Supply Chain & Manufacturing,https://www.oracle.com/scm/,enterprise,"Companies replacing several supply chain systems at once, because the suite documents planning, materials and cost management, manufacturing execution, maintenance, order management, transportation, global trade and warehouse management in one product family","Quote-based, but Oracle is the only vendor here publishing a list price document: the Oracle Fusion Cloud Service Global Price List carries a list monthly subscription price, a pricing metric such as hosted named user and a minimum quantity against each part number. There is no self-service checkout, and the list is a starting point rather than a quote (checked Sep 2026)",List document prices are stated as monthly subscription prices with minimum quantities per part number,source-checked,2026-09-23,https://www.oracle.com/a/ocom/docs/corporate/pricing/oracle-fusion-cloud-global-price-list.pdf,https://www.oracle.com/scm/,no
supply-chain-management-software,SAP Integrated Business Planning for Supply Chain,https://www.sap.com/products/scm/integrated-business-planning.html,enterprise,"Organisations running SAP whose planning problem is process coverage, because the product page documents sales and operations planning, demand, response and supply, demand-driven replenishment and inventory planning as named modules","Quote-based: no rate card, entry tier or unit price appears on the SAP Integrated Business Planning product page, which routes product enquiries to SAP contact and demo forms (checked Sep 2026)",Not recorded,source-checked,2026-09-23,,https://www.sap.com/products/scm.html,no
supply-chain-visibility-software,Decklar (formerly Roambee),https://www.roambee.com/,enterprise,"Global 2000 manufacturers in pharmaceuticals, consumer goods, chemicals and electronics that want shipment and asset signals to drive planning decisions, because Decklar documents visibility as the input to a decision layer","Quote-based: no rate card was found on the vendor site, which routes enquiries to a get-started request (checked Sep 2026)",Not recorded,source-checked,2026-09-22,,https://www.prnewswire.com/news-releases/roambee-rebrands-as-decklar-launching-the-worlds-only-real-time-decision-ai-platform-for-supply-chains-302551980.html,no
supply-chain-visibility-software,Descartes MacroPoint,https://macropoint.com/,mid-market,"Freight brokers, third-party logistics providers and shippers moving North American truckload freight, because MacroPoint documents a carrier network built around that segment","Quote-based: no rate card was found on the product site, which routes enquiries to a demo request (checked Sep 2026)",Not recorded,source-checked,2026-09-22,,https://macropoint.com/solutions/shippers/,no
supply-chain-visibility-software,FourKites Intelligent Control Tower,https://www.fourkites.com/platform/,enterprise,"Large shippers that want tracking, digital twins and automated follow-up in one control tower, because the vendor documents all three as a single system rather than separate modules","Quote-based: no rate card or entry tier was found on the vendor's platform pages, which route enquiries to a demo request (checked Sep 2026)",Not recorded,source-checked,2026-09-22,,https://www.fourkites.com/platform/,no
supply-chain-visibility-software,GoComet GoTrack,https://www.gocomet.com/products/container-tracking-software,mid-market,"Importers and exporters tracking ocean containers across many carriers, because GoTrack documents more than 500 carrier integrations with free-time and demurrage alerts","Online container tracking is free for up to six containerised shipments a month. The full GoTrack product is quote-based, with no published rate card (checked Sep 2026)",Free tier by monthly shipment count; paid tiers quoted,source-checked,2026-09-22,https://www.gocomet.com/online-container-tracking,https://www.gocomet.com/products,no
supply-chain-visibility-software,Overhaul,https://www.over-haul.com/,specialist,"Shippers of high-value or temperature-sensitive goods whose main visibility problem is theft, tampering or cold chain loss, because Overhaul pairs tracking with a staffed security operations centre","Quote-based: no rate card was found on the vendor site, which routes enquiries to a demo request (checked Sep 2026)",Not recorded,source-checked,2026-09-22,,https://www.over-haul.com/,no
supply-chain-visibility-software,project44 Movement,https://www.project44.com/platform/,enterprise,"Shippers that want visibility and transport execution from one vendor, because Movement documents tracking, exception management and a transportation management system in the same platform","Quote-based: no rate card or entry tier was found on the platform pages, and product enquiries route to a demo request (checked Sep 2026)",Not recorded,source-checked,2026-09-22,,https://www.project44.com/platform/,no
supply-chain-visibility-software,Shippeo,https://www.shippeo.com/,enterprise,"European shippers whose visibility problem is carrier adoption, because Shippeo documents supported carrier onboarding and guarantees on tracking completeness","Quote-based: no rate card was found on the vendor site, which routes enquiries to a demo request (checked Sep 2026)",Not recorded,source-checked,2026-09-22,,https://www.shippeo.com/,no
supply-chain-visibility-software,Tive,https://www.tive.com/platform,specialist,"Shippers that need condition data such as temperature, shock and light from inside the load, because Tive sells its own cellular trackers with the platform","Quote-based: the platform is sold in Essential, Plus and Premium tiers with trackers, and the vendor publishes the tier feature split but no prices (checked Sep 2026)","Platform subscription by tier, with trackers ordered separately",source-checked,2026-09-22,,https://support.tive.com/en-us/tive-software-tiers,no
supply-chain-visibility-software,Trimble Freight Visibility (Transporeon),https://www.transporeon.com/en_US/platform/transport-execution-visibility-hub/visibility/shipper,enterprise,"Shippers already on the Transporeon or Trimble transport platform, because visibility is documented as connecting to Trimble TMS, time slot booking and yard management","Quote-based: no rate card was found on the Transporeon visibility pages, which route enquiries to contact and demo requests (checked Sep 2026)",Not recorded,source-checked,2026-09-22,,https://www.transporeon.com/en/platform/transport-execution-visibility-hub/visibility/carrier,no
talent-acquisition-platforms,Ashby,https://www.ashbyhq.com/,mid-market,"Recruiting teams that want sourcing, scheduling and analytics in the same system as the ATS, because Ashby sells them as one all-in-one product","Priced on company size, usage and commitment, in bands for up to 100 employees, 100+ employees and Enterprise. 10% discount for annual commitments; emerging-market pricing available. Ashby Analytics for an existing ATS is usage-based. Advanced Scheduling and AI Notetaker are add-ons. No list price is published (checked Sep 2026)",Quote-based; 10% discount for annual commitment,source-checked,2026-09-22,https://www.ashbyhq.com/pricing,,no
talent-acquisition-platforms,Avature,https://www.avature.net/,enterprise,"Global enterprises and regulated organisations that need recruiting workflows configured by region and business unit, because Avature documents configurable workflows, compliance programs and FedRAMP authorization","No public pricing. The ATS, CRM, onboarding and other suite modules are sold through enterprise sales, alone or as the full suite (checked Sep 2026)",Quote-based; terms not published,source-checked,2026-09-22,,https://www.avature.net/applicant-tracking-system/,no
talent-acquisition-platforms,Greenhouse,https://www.greenhouse.com/,mid-market,"Companies that want a consistent, structured hiring process with interview kits and scorecards, because Greenhouse puts them in its entry Core plan","Three plans, Core, Plus and Pro, each sold through a demo and quote. Core includes sourcing and CRM, structured interview kits and scorecards, AI Notetaker, scheduling, reporting, SSO and Talent Matching. Plus adds texting, sourcing automation, a BI connector and fraud and spam detection. Pro adds audit log, developer sandbox and enterprise data controls. No list price is published (checked Sep 2026)",Quote-based; terms not published,source-checked,2026-09-22,https://www.greenhouse.com/pricing,,no
talent-acquisition-platforms,iCIMS,https://www.icims.com/,enterprise,"Large employers with high-volume or specialised hiring that must connect recruiting to an existing HCM or payroll system, because iCIMS documents two-way integration with major HCM vendors","No public pricing. iCIMS sells its ATS, CRM, career sites, text recruiting, onboarding and high-volume hiring through sales. Buyers should request a quote that names each module (checked Sep 2026)",Quote-based; terms not published,source-checked,2026-09-22,,https://www.icims.com/products/hiring-software/enterprise-applicant-tracking-system/,no
talent-acquisition-platforms,JazzHR,https://www.jazzhr.com/,smb,"Small businesses that hire regularly without a dedicated recruiter, because JazzHR publishes low annual prices and positions its ATS for small teams","Hero $1,000 a year billed annually, with job postings starting at 3 a month, the ATS, email templates, LinkedIn Recruiter integration and premium job listings. Plus $3,480 a year, with up to 200 active jobs, AI candidate matching, structured interviews and assessments, task automation and standard reporting. Pro $5,508 a year, adding offers and eSignatures and custom reports. Paying yearly saves up to 24% against monthly (checked Sep 2026)",Annual or monthly; annual saves up to 24%,source-checked,2026-09-22,https://www.jazzhr.com/pricing/,,no
talent-acquisition-platforms,Lever,https://www.lever.co/,mid-market,"Recruiting teams that source and nurture candidates in the same place they track applicants, because Lever combines CRM and ATS in its core platform","Custom quote only, scaled to team size and hiring needs. The core platform includes ATS and CRM, reporting, AI-powered screening, unlimited AI interview transcripts and summaries and AI fraud prevention signals. Candidate Insights, AI Screening by VONQ and Onboarding are add-ons with separate quotes (checked Sep 2026)",Quote-based; terms not published,source-checked,2026-09-22,https://www.lever.co/pricing/,,no
talent-acquisition-platforms,SmartRecruiters,https://www.smartrecruiters.com/,enterprise,"Employers hiring at volume in retail, hospitality, healthcare or seasonal work, because SmartRecruiters sells a High Volume plan built for those sectors","Essential starting at $14,995, with ATS, CRM, onboarding, SMS messaging, job distribution and dynamic scheduling. Professional adds an AI hiring agent and AI talent matching. High Volume adds AI candidate screening, conversational AI chat and more SMS and job distribution volume. Complete adds advanced analytics and an advanced sandbox. Upper tiers by quote; the page does not state the billing period (checked Sep 2026)",Starting price published for Essential; billing period not stated,source-checked,2026-09-22,https://www.smartrecruiters.com/pricing/,,no
talent-acquisition-platforms,Workable,https://www.workable.com/,smb,"Smaller companies that want sourcing, applicant tracking and basic HR in one bill at a published price, because Workable lists its plans by employee band","For the 1-20 employee band the pricing page shows Standard at $299 a month ($3,588 a year), Premier at $599 a month ($7,188 a year, annual only) and Enterprise at $719 a month ($8,628 a year, annual only). The view shows Recruiting and HR packages together; price changes with company size and package choice. Standard add-ons: texting $89, video interviews $109, assessments $59 a month. The Workable Agent runs on AI credits, with 3,000 free (checked Sep 2026)",Standard monthly or annual; Premier and Enterprise annual; annual is 20% off and cannot be cancelled mid-term,source-checked,2026-09-22,https://www.workable.com/pricing,https://help.workable.com/hc/en-us/articles/4418591102743-Purchasing-a-Workable-plan,no
talent-acquisition-platforms,Zoho Recruit,https://www.zoho.com/recruit/,smb,"Corporate HR teams that want a free starting point and per-recruiter pricing, because Zoho Recruit offers a Forever Free plan and licenses by recruiter","Forever Free with 1 active job per recruiter license. Standard with 10 active jobs per license adds sourcing, resume management, premium job boards, a branded careers site, referrals and assessments. Enterprise with 20 active jobs per license adds AI candidate matching, portals, Blueprint and automation. Per-license USD rates load dynamically and could not be read. 15-day trial, 45-day money-back guarantee, no forced contracts (checked Sep 2026)","Per recruiter license, monthly or yearly; employee licenses sold in packs of 10",source-checked,2026-09-22,,https://www.zoho.com/recruit/corporate-pricing.html,no
tax-software,Bloomberg Tax Provision & Fixed Assets,https://pro.bloombergtax.com/products/provision/,specialist,Corporate tax teams needing ASC 740 provision tied to depreciation and fixed-asset data,Quote-based (checked Sep 2026),Not recorded,source-checked,2026-09-11,https://pro.bloombergtax.com/products/provision/,https://pro.bloombergtax.com/products/provision/,no
tax-software,CCH ProSystem fx Tax,https://www.wolterskluwer.com/en/solutions/cch-prosystem-fx/tax,mid-market,Large firms wanting deep tax-only functionality without the full Axcess workflow suite,Quote-based (checked Sep 2026),Not recorded,source-checked,2026-09-11,,https://www.wolterskluwer.com/en/solutions/cch-prosystem-fx/tax,no
tax-software,Drake Tax,https://www.drakesoftware.com/,smb,Small and mid-sized firms wanting published pricing without CCH or Thomson Reuters' workflow suite,"Drake Tax Online from $299.99 + $49.99/return; desktop tiers $2,375-$3,145 (checked Sep 2026)",Not recorded,source-checked,2026-09-11,https://www.drakesoftware.com/pricing/,https://www.drakesoftware.com/,no
tax-software,Intuit Lacerte Tax,https://accountants.intuit.com/tax-software/lacerte/,mid-market,Mid-sized firms preparing complex individual and business returns at volume,"PPR license from $599/yr; $105/return individual, $148/return business (checked Sep 2026)",Not recorded,source-checked,2026-09-11,https://accountants.intuit.com/tax-software/lacerte/pricing/,https://accountants.intuit.com/tax-software/lacerte/,no
tax-software,Intuit ProConnect Tax,https://accountants.intuit.com/tax-software/tax-online/,smb,Firms wanting browser-based tax prep with published pay-as-you-go or bundle pricing,"Individual returns from $82.46/return pay-as-you-go, plus $210/user (checked Sep 2026)",Not recorded,source-checked,2026-09-11,https://accountants.intuit.com/tax-software/tax-online/pricing/,https://accountants.intuit.com/tax-software/tax-online/,no
tax-software,Longview Tax,https://insightsoftware.com/longview/longview-tax/,specialist,Corporate tax teams that want provision built into the same platform as financial close,Quote-based (checked Sep 2026),Not recorded,source-checked,2026-09-11,,https://insightsoftware.com/solutions/beps-pillar-2/,no
tax-software,Sovos,https://sovos.com/,enterprise,"Multinational finance teams consolidating indirect tax, e-invoicing and information reporting",Quote-based (checked Sep 2026),Not recorded,source-checked,2026-09-11,,https://sovos.com/,no
tax-software,Thomson Reuters ONESOURCE,https://tax.thomsonreuters.com/en/onesource,enterprise,"Corporate tax departments running income tax, provision and indirect tax together",Quote-based (checked Sep 2026),Not recorded,source-checked,2026-09-11,,https://tax.thomsonreuters.com/en/onesource,no
tax-software,Thomson Reuters UltraTax CS,https://tax.thomsonreuters.com/en/products/ultratax-cs,mid-market,"CPA firms preparing individual, business and fiduciary returns across the CS Professional Suite",Quote-based (checked Sep 2026),Not recorded,source-checked,2026-09-11,,https://tax.thomsonreuters.com/en/products/ultratax-cs,no
tax-software,Wolters Kluwer CCH Axcess Tax,https://www.wolterskluwer.com/en/solutions/cch-axcess/tax,enterprise,Accounting firms wanting cloud tax preparation tied to a firm-wide workflow platform,"Quote-based; Essentials packages for firms with four or fewer users are sold online, no price shown on reviewed pages (checked Sep 2026)",Not recorded,source-checked,2026-09-11,https://www.wolterskluwer.com/en/solutions/cch-axcess/tax/packages,https://www.wolterskluwer.com/en/solutions/cch-axcess/tax,no
test-automation-tools,Applitools,https://applitools.com/pricing/,specialist,Teams needing AI-powered visual regression testing on top of functional suites,"Starter from $667/mo billed annually (100,000 component checkpoints or 1,000 page checkpoints); Professional and Enterprise quote-based (checked Sep 2026)",billed annually,source-checked,2026-09-08,https://applitools.com/pricing/,,no
test-automation-tools,BrowserStack,https://www.browserstack.com/pricing?product=automate,enterprise,Teams needing the broadest real-device and browser coverage for CI automation,"Automate Chrome plan from $59/mo billed annually, up to $225/mo for Desktop & Mobile Pro (checked Sep 2026)",billed annually; month-to-month available at a higher rate,source-checked,2026-09-08,https://www.browserstack.com/pricing?product=automate,,no
test-automation-tools,Cypress,https://www.cypress.io/pricing,open-source,JavaScript and TypeScript teams wanting fast in-browser debugging and an integrated cloud,Free open-source app; Cloud Team from $67/mo billed annually ($799/yr) (checked Sep 2026),billed annually or monthly; annual saves 11%,source-checked,2026-09-08,https://www.cypress.io/pricing,,no
test-automation-tools,Katalon,https://katalon.com/pricing,mid-market,"Teams wanting one platform for low-code web, mobile, API and desktop testing","Katalon Studio from $84/seat/mo billed annually (first 3 seats), $150/seat/mo thereafter; True Automation from $167/seat/mo billed annually (checked Sep 2026)","billed annually or monthly (Studio list price $180/seat/mo monthly, True Automation $200/seat/mo monthly)",source-checked,2026-09-08,https://katalon.com/pricing,,no
test-automation-tools,Playwright,https://playwright.dev/,open-source,"Engineering teams standardising on a free, multi-language cross-browser framework","Free / open source, Apache License 2.0 (checked Sep 2026)",Not applicable — no licence fee,source-checked,2026-09-08,,https://playwright.dev/docs/intro,no
test-automation-tools,Sauce Labs,https://saucelabs.com/pricing,enterprise,Teams wanting unlimited testing minutes across virtual and real device clouds,"Live Testing from $39/mo; Virtual Device Cloud from $149/mo; Real Device Cloud from $199/mo, all billed annually (checked Sep 2026)","billed annually, or month-to-month at $49/$199/$249 respectively",source-checked,2026-09-08,https://saucelabs.com/pricing,,no
test-automation-tools,Selenium,https://www.selenium.dev/,open-source,"Teams needing a vendor-neutral, language-agnostic WebDriver standard","Free / open source, Apache License 2.0 (checked Sep 2026)",Not applicable — no licence fee,source-checked,2026-09-08,,https://www.selenium.dev/documentation/,no
test-automation-tools,TestMu AI (formerly LambdaTest),https://www.testmuai.com/pricing/,mid-market,"Teams wanting per-parallel-session pricing across Selenium, Playwright and Appium","Automation Linux Only from $29/mo billed annually, up to $199/mo for Real Device Plus (checked Sep 2026)",billed annually; save up to 20% vs monthly,source-checked,2026-09-08,https://www.testmuai.com/pricing/,,no
test-automation-tools,testRigor,https://testrigor.com/,specialist,Teams wanting plain-English test authoring accessible to manual testers,Free Public tier; Private Linux Chrome from $300/mo; Private Complete and Enterprise quote-based (checked Sep 2026),"Monthly for Linux Chrome tier (14-day trial); Complete and Enterprise negotiated by parallel execution count, contract length and OS coverage",source-checked,2026-09-08,https://testrigor.com/sign-up/,,no
test-automation-tools,Tricentis Tosca,https://www.tricentis.com/products/automate-continuous-testing-tosca,enterprise,"Enterprises automating SAP, Salesforce and legacy application testing without code",Quote-based (checked Sep 2026),"Not published; no rate card exists on the vendor site, only Contact Us / Get a Demo CTAs",source-checked,2026-09-08,,https://docs.tricentis.com,no
text-to-speech-apis,Amazon Polly,https://aws.amazon.com/polly/,enterprise,"AWS customers that need regulated-workload speech synthesis, Speech Marks for lip sync or text highlighting, and free caching of generated audio","Standard US$4, Neural US$16, Generative US$30 and Long-Form US$100 per 1M characters; free tier includes 5M Standard characters a month (checked Sep 2026)","Pay as you go, billed monthly on characters processed",source-checked,2026-09-18,https://aws.amazon.com/polly/pricing/,https://docs.aws.amazon.com/polly/latest/dg/what-is.html,no
text-to-speech-apis,Azure AI Speech,https://azure.microsoft.com/en-us/products/ai-services/ai-speech,enterprise,"Microsoft-centric enterprises that need neural voices in 100+ languages, custom brand voices and commitment-tier pricing at very high volume","Neural US$15, Neural HD US$22 and long audio US$100 per 1M characters pay as you go (Microsoft retail price list, East US); 0.5M characters free monthly (checked Sep 2026)","Pay as you go per character, or monthly commitment tiers",source-checked,2026-09-18,https://azure.microsoft.com/en-us/pricing/details/cognitive-services/speech-services/,https://learn.microsoft.com/en-us/azure/ai-services/speech-service/text-to-speech,no
text-to-speech-apis,Cartesia Sonic,https://cartesia.ai/,specialist,"Developers of voice agents and interactive apps that need very low latency speech, instant voice cloning and predictable monthly credit plans","Free with 20K credits per month; Pro US$5, Startup US$49 and Scale US$299 per month with 100K, 1.25M and 8M credits; Enterprise custom (checked Sep 2026)",Monthly subscription with credits; Enterprise on custom terms,source-checked,2026-09-18,https://cartesia.ai/pricing,https://docs.cartesia.ai/build-with-cartesia/tts-models/latest,no
text-to-speech-apis,Deepgram Aura,https://deepgram.com/,specialist,Engineering teams building real-time voice applications that want text to speech and speech recognition from one low-latency API provider,"Aura-2 US$0.030 and Aura-1 US$0.015 per 1,000 characters pay as you go; Flux TTS US$0.045; lower Growth rates with US$4,000+ annual prepay (checked Sep 2026)",Pay as you go with US$200 free credit; Growth plan uses pre-paid annual credits,source-checked,2026-09-18,https://deepgram.com/pricing,https://developers.deepgram.com/docs/tts-models,no
text-to-speech-apis,ElevenLabs API,https://elevenlabs.io/,specialist,"Developers who need expressive, multilingual voices for narration, content and real-time apps, with a large voice library and voice cloning","Flash/Turbo US$0.05 and Multilingual v2/v3 US$0.10 per 1,000 characters; plans from free to Business at US$990 per month, plus Enterprise (checked Sep 2026)",Monthly subscription or pay as you go; Enterprise on custom terms,source-checked,2026-09-18,https://elevenlabs.io/pricing/api,https://elevenlabs.io/docs/overview/models,no
text-to-speech-apis,Google Cloud Text-to-Speech,https://cloud.google.com/text-to-speech,enterprise,"Teams on Google Cloud that want a wide range of voice tiers, from low-cost standard voices to Chirp 3 HD and Gemini-TTS, under one billing account","Standard and WaveNet US$4, Neural2 US$16, Chirp 3 HD US$30 and Studio US$160 per 1M characters after free tiers; Gemini-TTS billed per token (checked Sep 2026)","Pay as you go, billed monthly on characters or tokens",source-checked,2026-09-18,https://cloud.google.com/text-to-speech/pricing,https://cloud.google.com/text-to-speech/docs,no
text-to-speech-apis,Hume Octave,https://hume.ai/,specialist,"Developers producing narration, audiobooks, podcasts and character voices where emotional delivery and voice design from text prompts matter","Free with 10,000 characters; Starter US$3, Creator US$14, Pro US$70, Scale US$200 and Business US$500 per month; overage US$0.15 to US$0.05 per 1,000 characters (checked Sep 2026)",Monthly subscription with usage-based overage; Enterprise on custom terms,source-checked,2026-09-18,https://hume.ai/pricing,https://docs.hume.ai/docs/text-to-speech-tts/overview,no
text-to-speech-apis,Inworld TTS,https://inworld.ai/,specialist,"Developers of games, companions and conversational apps who want low-cost realtime speech across many languages with voice cloning and timestamp data","On-demand TTS-2 US$25 and TTS-2 Flash US$15 per 1M characters; plans from US$25 to US$1,500 per month lower rates to US$12.50 and US$7 (checked Sep 2026)",On-demand usage or monthly plans with included credits; yearly billing offers two months free; Enterprise on custom terms,source-checked,2026-09-18,https://inworld.ai/pricing,https://docs.inworld.ai/docs/tts/tts,no
text-to-speech-apis,Murf API,https://murf.ai/api,specialist,"Teams running high-volume voice agents or IVR that want a low flat per-character rate, regional endpoints and data residency options","Falcon US$0.01 and Gen 2 US$0.03 per 1,000 characters on pay as you go; free trial with US$10 in monthly credit; Enterprise custom (checked Sep 2026)",Pay as you go credits that do not expire; Enterprise on custom terms,source-checked,2026-09-18,https://murf.ai/pricing?product=api,https://murf.ai/api/docs/text-to-speech-models/falcon-2,no
text-to-speech-apis,OpenAI Text to Speech,https://platform.openai.com/docs/guides/text-to-speech,mid-market,Developers already building on the OpenAI API who want prompt-steerable speech output from the same account and SDK,gpt-4o-mini-tts US$0.60 per 1M text input tokens and US$12 per 1M audio output tokens; tts-1 US$15 and tts-1-hd US$30 per 1M characters (checked Sep 2026),Usage-based API billing,source-checked,2026-09-18,https://platform.openai.com/docs/pricing,https://platform.openai.com/docs/guides/text-to-speech,no
transportation-management-systems,Alpega TMS,https://www.alpega.com/tms,mid-market,"Shippers moving freight by road, rail, sea and air that want a cloud TMS with native SAP S/4HANA integration and a large verified carrier network",No price published on the TMS page (checked Sep 2026),Not recorded,source-checked,2026-09-19,,https://www.alpega.com/tms,no
transportation-management-systems,Blue Yonder Transportation Management,https://blueyonder.com/solutions/transportation-management,enterprise,"Enterprise shippers with complex global multimodal networks that want transportation modelling, carrier procurement, optimisation, 3D load building and execution on one supply chain platform",No price published on the product page (checked Sep 2026),Not recorded,source-checked,2026-09-19,,https://blueyonder.com/solutions/transportation-management,no
transportation-management-systems,Descartes,https://www.descartes.com/solutions/transportation-management,mid-market,"Shippers, 3PLs and freight brokers that want a modular multimodal TMS, including Descartes 3G TMS, combined with visibility, dock scheduling and carrier connectivity from one vendor",No price published; buyers schedule a meeting with the sales team (checked Sep 2026),Not recorded,source-checked,2026-09-19,,https://www.3gtms.com/,no
transportation-management-systems,GoComet,https://www.gocomet.com/products,enterprise,"Enterprise importers and exporters managing cross-border ocean, air and road freight that want procurement, tracking, shipment execution and freight invoice audit in one configurable workflow",No price published on the products page (checked Sep 2026),Not recorded,source-checked,2026-09-19,,https://www.gocomet.com/products,no
transportation-management-systems,Kuebix by FreightWise,https://www.kuebix.com/,smb,"Small and mid-market shippers moving LTL, parcel and truckload freight that want to rate shop, book and track in one screen, with an entry plan at a published monthly price",OnKue by Kuebix Basic $69/month for up to 100 quotes monthly; full Kuebix licence price not published (checked Sep 2026),Monthly (OnKue Basic),source-checked,2026-09-19,https://www.freightwisellc.com/transportation-management-system-tms-provider-kuebix-freightwise/,https://www.freightwisellc.com/transportation-management-system-tms-provider-kuebix-freightwise/,no
transportation-management-systems,Manhattan Active Transportation Management,https://www.manh.com/solutions/supply-chain-management-software/transportation-management,enterprise,"Retail, grocery and distribution shippers that want continuous shipment optimisation across inbound, outbound, interfacility and backhaul moves, often alongside a Manhattan WMS","No price published; sold in Essentials, Enterprise and Enterprise Premier editions (checked Sep 2026)",Not recorded,source-checked,2026-09-19,,https://www.manh.com/solutions/supply-chain-management-software/transportation-management,no
transportation-management-systems,Oracle Transportation Management,https://www.oracle.com/scm/logistics/transportation-management/,enterprise,"Global shippers running complex multimodal, multileg and cross-dock networks that want transportation planning, freight settlement and private fleet management inside Oracle Fusion Cloud SCM",No price published on the product page; free demo and product tour offered (checked Sep 2026),Not recorded,source-checked,2026-09-19,,https://www.oracle.com/scm/logistics/transportation-management/,no
transportation-management-systems,SAP Transportation Management,https://www.sap.com/products/scm/transportation-logistics.html,enterprise,"Shippers on SAP ERP or SAP S/4HANA that want transportation planning, freight tendering and freight settlement integrated with SAP order management and the SAP Business Network",No price published on the product page (checked Sep 2026),Not recorded,source-checked,2026-09-19,,https://www.sap.com/products/scm/transportation-logistics.html,no
transportation-management-systems,Trimble TMS for Shippers,https://transportation.trimble.com/en/solutions/transportation-management/shipper-tms,mid-market,"Shippers that want a modular, cloud-native TMS they can adopt application by application, with AI tools for spot capacity and carrier collaboration","No list price published; the vendor describes a flexible, usage-based pricing model (checked Sep 2026)",Usage-based (no rates published),source-checked,2026-09-19,,https://transportation.trimble.com/en/solutions/transportation-management/shipper-tms,no
transportation-management-systems,Uber Freight TMS,https://www.uberfreight.com/tms/,enterprise,"Shippers that want a multimodal TMS with procurement, execution, visibility, payments and insights, plus optional direct access to Uber Freight's carrier marketplace",No price published; free demo on request (checked Sep 2026),Not recorded,source-checked,2026-09-19,,https://www.uberfreight.com/tms/,no
user-story-mapping-software,Agile User Story Map PRO (Bauer),https://www.bauer-information-technology.com/jira-agile-user-story-map/,specialist,"Jira teams with large backlogs that want to map hundreds of stories by customer journey, with product backlog, sprint backlog and taskboard linked, as Bauer documents","Jira Cloud on the Atlassian Marketplace: $8 a month or $80 a year for up to 10 users, $750 a year for 25 users and $1,500 for 50 users. 30-day free trial; free for non-profit and open source licences; academic discounts on request (checked Sep 2026)",Atlassian Marketplace user tiers; monthly or annual on Cloud,source-checked,2026-09-25,https://marketplace.atlassian.com/apps/1211098/agile-user-story-map-pro-for-jira?tab=pricing,,no
user-story-mapping-software,Avion,https://www.avion.io/,specialist,"Product teams that want release plans framed by user journeys and personas, shared with any number of stakeholders at a flat price, as Avion documents","Starter $83 a month paid yearly or $99 paid monthly, 2 story maps. Business $166 a month paid yearly or $199 monthly, 5 story maps and tracker integrations. Enterprise is custom priced. A roadmaps add-on costs $83 a month yearly or $99 monthly. All plans include unlimited users; yearly payment gives two months free (checked Sep 2026)",Flat monthly or yearly fee per plan; unlimited users,source-checked,2026-09-25,https://www.avion.io/pricing/,,no
user-story-mapping-software,CardBoard,https://www.cardboardit.com/,smb,"Product managers, business analysts and delivery teams who want a whiteboard built around story maps, with release slices and user journeys, that syncs to their backlog tool, as CardBoard documents","Starter $9 a month or $99 a year for 1 collaborator. Team $29 a month or $299 a year with 3 collaborators, $12 a month per additional collaborator. Business $99 a month or $998 a year with 10 collaborators, $15 a month per additional collaborator. Enterprise includes 30 collaborators and is quoted. 14-day free trial (checked Sep 2026)",Monthly or yearly per plan; per-collaborator add-ons,source-checked,2026-09-25,https://www.cardboardit.com/pricing/,,no
user-story-mapping-software,Easy Agile TeamRhythm,https://www.easyagile.com/products/teamrhythm,mid-market,"Scrum and Kanban teams working in Jira that want the story map alongside estimation, dependency views and retrospectives in the same app, as Easy Agile documents for TeamRhythm","Jira Cloud pricing on the Atlassian Marketplace: free for up to 10 users; annual subscriptions of $420 for 15 users, $700 for 25 users and $1,400 for 50 users, rising by user tier. Data Center is priced separately. 30-day free trial (checked Sep 2026)",Atlassian Marketplace user tiers; monthly or annual on Cloud,source-checked,2026-09-25,https://marketplace.atlassian.com/apps/1212078/easy-agile-teamrhythm-story-map-insights-retrospectives?tab=pricing,,no
user-story-mapping-software,FeatureMap,https://www.featuremap.co/,specialist,"Organisations coordinating several teams or clients that want a straightforward story mapping tool hosted in France at one flat price, as FeatureMap documents","One plan at €99 a month excluding VAT, with unlimited users, unlimited backlogs and maps, isolated workspaces and 1 GB of storage per workspace. Non-profit associations can receive access free under the Synergy 1-1-1 programme (checked Sep 2026)",€99 per month excluding VAT,source-checked,2026-09-25,https://www.featuremap.co/,,no
user-story-mapping-software,Miro,https://miro.com/,enterprise,"Cross-functional teams that run story mapping workshops on a general visual collaboration board, using Miro's own and community templates, as Miro documents",Free plan with 3 editable boards and unlimited members. Starter $8 per member per month billed annually or $10 billed monthly. Business $20 per member per month. Enterprise is custom priced from 30 members (checked Sep 2026),Per member per month; Starter annual or monthly,source-checked,2026-09-25,https://miro.com/pricing/,,no
user-story-mapping-software,Mural,https://www.mural.co/,enterprise,"Teams that run facilitated story mapping sessions, with anonymous voting and timeboxing, on a visual collaboration board, as Mural documents in its story map template","Free plan with 3 editable murals. Team+ $9.99 per member per month billed annually or $12 billed monthly. Business $17.99 per member per month billed annually, with unlimited guests and SSO. Enterprise is quoted (checked Sep 2026)","Per member per month; Team+ annual or monthly, Business annual",source-checked,2026-09-25,https://www.mural.co/pricing,,no
user-story-mapping-software,ProductGo,https://userstorymap.io/,specialist,"Jira teams that want a story map with a goal level above epics, user personas and roadmaps inside Jira, as DevSamurai documents for ProductGo","Jira Cloud free for up to 10 users, then $1.50 per user per month for 11–100 users, $1.00 for 101–250 and lower rates at higher tiers. Data Center annual licences from $500 for up to 50 users and $800 for up to 100. 30-day free trial (checked Sep 2026)",Cloud monthly or yearly per user tier; Data Center yearly only,source-checked,2026-09-25,https://userstorymap.io/pricing/,,no
user-story-mapping-software,StoriesOnBoard,https://storiesonboard.com/,smb,"Agile product teams that want story maps as a collaborative backlog, with AI help writing stories and acceptance criteria and two-way sync to their tracker, as StoriesOnBoard documents","Story Mapping Tool plans billed annually: Basic $9, Standard $12 and Pro $15 per user per month, with up to 20% saved on annual billing and unlimited free guests. A separate Product Management Platform adds roadmaps and idea management: Personal $16 a month, Plus $29 and Premium $55 per user per month. 14-day free trial (checked Sep 2026)",Per user per month; annual billing saves up to 20%,source-checked,2026-09-25,https://storiesonboard.com/pricing.html,,no
user-story-mapping-software,Story Maps for Jira (Realigned),https://storymapping.app/,specialist,"Jira Software teams that want a story map with sprint and release swimlanes at no cost, and larger programmes that need custom iterations and goals, as Realigned documents for its two editions","Story Maps for Jira is free on the Atlassian Marketplace. Advanced Story Maps for Jira Cloud is free for up to 10 users, then $175 a year for 25 users, $350 for 50 users and $700 for 100 users (checked Sep 2026)",Atlassian Marketplace user tiers; core edition free,source-checked,2026-09-25,https://marketplace.atlassian.com/apps/1224417/advanced-story-maps-for-jira?tab=pricing,,no
vendor-risk-management-platforms,Bitsight Third-Party Risk Management,https://www.bitsight.com/third-party-risk-management,enterprise,"Security teams that assess many vendors against frameworks such as SIG Lite, NIST CSF 2.0 and ISO 27001, because Bitsight maps AI-automated assessments to those standards",Quote-based: the TPRM page publishes no price and offers a demo or a vendor risk report (checked Sep 2026),Not recorded,source-checked,2026-09-22,,https://www.bitsight.com/third-party-risk-management,no
vendor-risk-management-platforms,LogicGate Risk Cloud,https://www.logicgate.com/solutions/third-party-risk-management/,mid-market,"Risk teams that want vendor risk in the same platform as their wider GRC work, because LogicGate sells TPRM as one of 30+ Applications in Risk Cloud",Custom quote: buyers purchase the Applications they need and Power User licences for the people who build and run them; features and services are add-ons (checked Sep 2026),Not recorded,source-checked,2026-09-22,https://www.logicgate.com/pricing/,,no
vendor-risk-management-platforms,Mitratech Prevalent,https://www.mitratech.com/products/prevalent/,enterprise,"Risk teams that want software and outsourced help in one contract, because Mitratech documents managed services and vendor intelligence networks with Prevalent",Quote-based: the product page publishes no price and routes buyers to a demo request (checked Sep 2026),Not recorded,source-checked,2026-09-22,,https://www.mitratech.com/products/prevalent/,no
vendor-risk-management-platforms,OneTrust Third-Party Management,https://www.onetrust.com/solutions/third-party-management/,enterprise,"Large organisations that assess third parties for privacy, ethics and compliance as well as security, because OneTrust documents multi-domain assessments next to its privacy products",Quote-based: the third-party management page publishes no price and routes buyers to a demo request (checked Sep 2026),Not recorded,source-checked,2026-09-22,,https://www.onetrust.com/solutions/third-party-management/,no
vendor-risk-management-platforms,Panorays,https://panorays.com/,mid-market,"Security teams that want to tier vendors by risk and set assessment depth per vendor, because Panorays sells mix-and-match evaluation bundles","Custom plan: pricing depends on the buyer's risk strategy and assessment types, built from Inventory, Assessment and Monitoring bundles. No list price is published (checked Sep 2026)",Not recorded,source-checked,2026-09-22,https://panorays.com/pricing/,,no
vendor-risk-management-platforms,ProcessUnity,https://www.processunity.com/,enterprise,"Enterprise third-party risk teams that run onboarding, due diligence, monitoring, service reviews and offboarding as one program, because the vendor documents a single platform for every lifecycle stage",Quote-based: the vendor site publishes no price list and routes buyers to a demo request (checked Sep 2026),Not recorded,source-checked,2026-09-22,,https://www.processunity.com/,no
vendor-risk-management-platforms,SecurityScorecard,https://securityscorecard.com/,enterprise,"Security teams that want to rate vendors by external security posture and start free, because SecurityScorecard offers a no-cost account for the buyer's own domain","Free Forever account covers the buyer's own domain. Paid monitoring of third parties is sold through sales, with a free trial of the premium package (checked Sep 2026)",Not recorded,source-checked,2026-09-22,https://securityscorecard.com/pricing/,,no
vendor-risk-management-platforms,UpGuard Vendor Risk,https://www.upguard.com/,mid-market,"Security and risk teams that want to monitor vendors through security ratings and run assessments with a price known up front, because UpGuard publishes its Standard tier","Standard $1,750 per month, billed annually, monitors 50 vendors, with additional vendors at $79 per month. Professional (150 vendors), Corporate (500), Enterprise and Enterprise+ (unlimited) are contact-sales (checked Sep 2026)",Billed annually,source-checked,2026-09-22,https://www.upguard.com/pricing,,no
vendor-risk-management-platforms,Venminder,https://www.venminder.com/,mid-market,"Regulated organisations with small risk teams that want to outsource part of vendor due diligence, because Venminder sells assessments completed by its own experts next to the software",Quote-based: the vendor site publishes no price list and routes buyers to a demo request (checked Sep 2026),Not recorded,source-checked,2026-09-22,,https://www.venminder.com/,no
vendor-risk-management-platforms,Whistic,https://www.whistic.com/,mid-market,"Security teams that assess vendors and also answer their own customers' questionnaires, because Whistic packages assessment and Trust Center response tools together","Custom package: Whistic Core lists unlimited vendors and users, 25 assessments, 5 Smart Responses and 1 Trust Center. Assess+ and Trust+ add capacity. No list price is published (checked Sep 2026)",Not recorded,source-checked,2026-09-22,https://www.whistic.com/pricing,,no
voice-of-customer-analytics-platforms,Chattermill,https://chattermill.com/,mid-market,"CX, insights and product teams that want to unify feedback from several sources and share analysis across the business without seat limits, as Chattermill documents","Three plans, all quoted. Pro includes 2 data source integrations and 10,000 data credits a month. Team includes 3 integrations, 30,000 credits a month and historical data analysis. Enterprise includes 5 integrations, 100,000 credits a month, custom roles and credit roll-over. No list prices (checked Sep 2026)",Custom quote based on data sources and feedback volume,source-checked,2026-09-22,https://chattermill.com/pricing,,no
voice-of-customer-analytics-platforms,Enterpret,https://www.enterpret.com/,mid-market,"Product and CX teams at software companies that want feedback tied to customer segments, product areas and outcomes such as churn and adoption, as Enterpret documents","No pricing page on the vendor site. The AWS Marketplace listing shows a 12-month contract at $120,000 for up to 300,000 feedback records a year, with overage at $0.48 per record. A 24-month contract saves up to 15%. Price is set by feedback records, not seats or connectors. Custom and private offers are quoted (checked Sep 2026)","Annual or 24-month contract by feedback-record volume, with usage-based overage",source-checked,2026-09-22,https://aws.amazon.com/marketplace/pp/prodview-qyqphrdnaafd6,,no
voice-of-customer-analytics-platforms,InMoment,https://www.inmoment.com/,enterprise,"Brands that collect feedback across surveys, calls, chats, reviews and social media and want AI analysis plus a services team to run the CX program, as InMoment describes",No public pricing. InMoment sells its experience platform and program services through sales. Buyers should request a quote (checked Sep 2026),Quote-based; terms not published,source-checked,2026-09-22,,https://www.inmoment.com/,no
voice-of-customer-analytics-platforms,Kapiche,https://www.kapiche.com/,smb,"CX teams that want to find themes and drivers in customer feedback and need a published entry price, as Kapiche documents","Bronze costs $1,060 per month and includes 50,000 rows per project, 10 fields, a CX integration, 2 creator seats, 5 explorer seats and unlimited viewers. Silver (100,000 rows), Gold (250,000 rows) and Custom are quoted by sales (checked Sep 2026)",Monthly price shown for Bronze; higher tiers quoted,source-checked,2026-09-22,https://www.kapiche.com/pricing,,no
voice-of-customer-analytics-platforms,Medallia Experience Cloud,https://www.medallia.com/,enterprise,"Large customer and employee experience programs that collect surveys, speech, social and digital feedback and want analytics and case management without per-user fees, as Medallia documents","Priced by Experience Data Record (EDR), defined as all data from one interaction between an end customer or employee and the company. EDR pricing is sold in annual tiers and includes analytics, workflows, unlimited users, security and self-service features. No list prices are published (checked Sep 2026)",Annual tiers based on Experience Data Records,source-checked,2026-09-22,https://www.medallia.com/pricing/,,no
voice-of-customer-analytics-platforms,Qualtrics,https://www.qualtrics.com/,enterprise,"Enterprises that collect feedback through surveys, chat, email and digital behaviour and want AI analysis, customer profiles and action workflows in one platform, as Qualtrics documents","No public pricing on the Qualtrics customer experience pages. The CX platform is sold through sales with modules for voice of customer, omnichannel experience management, location experience, digital experience analytics, contact center experience analytics and experience agents. Buyers should request a quote that names each module (checked Sep 2026)",Quote-based; terms not published,source-checked,2026-09-22,,https://www.qualtrics.com/customer-experience/,no
voice-of-customer-analytics-platforms,SentiSum,https://www.sentisum.com/,enterprise,"Large support and CX organisations that want tickets, calls, chats, surveys and reviews categorised by root cause and routed to the owning team, as SentiSum documents","Annual partnership from $100,000 per year, banded by volume, per the pricing page body (the page title reads from $60,000 per year). Includes the Insights Agent, Early Warning Agent, unlimited users, SSO, API access and all integrations. Quality Agent, Automation Agent and MCP server are priced separately (checked Sep 2026)","Annual partnership, volume-banded",source-checked,2026-09-22,https://www.sentisum.com/pricing,,no
voice-of-customer-analytics-platforms,Thematic,https://getthematic.com/,mid-market,"CX, research and insights teams that already collect feedback in survey and support tools and want a separate analysis layer, as Thematic documents","Foundation starts at $25,000 per year and includes up to 25,000 comments and up to 3 datasets. Enterprise has custom comment volume and datasets, volume discounts and country-specific rates. One-click integrations and CSV uploads carry no extra cost (checked Sep 2026)","Annual contract based on comment volume, datasets and support level",source-checked,2026-09-22,https://getthematic.com/product/plan-and-pricing,,no
voice-of-customer-analytics-platforms,Unwrap,https://www.unwrap.ai/,mid-market,"Product and CX teams that want AI grouping of feedback, real-time alerts and access for anyone in the organisation, as Unwrap documents","Flexible plans starting at $24,000 per year. Packages depend on monthly feedback volume and the integrations connected. Unwrap states that it never charges by seat. A 30-day trial on the buyer's data is available (checked Sep 2026)","Annual, based on monthly feedback volume and integrations",source-checked,2026-09-22,https://www.unwrap.ai/pricing,,no
voice-of-customer-analytics-platforms,Zonka Feedback,https://www.zonkafeedback.com/,smb,"Teams that want to collect NPS, CSAT and CES feedback across email, SMS, WhatsApp, web and in-app channels and add AI analysis of open text, as Zonka Feedback documents","Custom pricing based on feedback volume, scale and CX goals. Feedback Management covers surveys, reports, case management and 20+ integrations. AI Feedback Intelligence, which analyses open-text feedback for sentiment and themes, is an add-on. No list prices (checked Sep 2026)",Custom quote based on feedback volume and scale,source-checked,2026-09-22,https://www.zonkafeedback.com/pricing,,no
vulnerability-management-software,Action1,https://www.action1.com/vulnerability-management/,smb,"IT teams managing Windows, macOS and Linux endpoints, often remote, that want vulnerability detection, patching and compensating controls in one cloud console, as Action1 documents","Free for the first 200 endpoints, described as not a trial, with no feature limits and no expiry, and community support on Discord. More than 200 endpoints requires a quote (checked Sep 2026)",Free up to 200 endpoints; quoted above,source-checked,2026-09-25,https://www.action1.com/pricing/,,no
vulnerability-management-software,Brinqa,https://www.brinqa.com/,specialist,"Enterprise vulnerability and exposure management teams that need findings from many security, IT, cloud and application tools deduplicated, attributed to owners and orchestrated into remediation, as Brinqa documents for its platform",No published price. brinqa.com/pricing/ redirects to a demo request form (checked Sep 2026),Not recorded,source-checked,2026-09-25,,https://www.brinqa.com/platform/,no
vulnerability-management-software,CrowdStrike Falcon Exposure Management,https://www.crowdstrike.com/en-us/platform/exposure-management/,enterprise,"Organisations that want vulnerability, misconfiguration and attack path findings across endpoints, cloud, network, OT and external assets prioritised by adversary intelligence, as CrowdStrike documents for Falcon Exposure Management",No published price. Falcon Exposure Management does not appear in the priced bundles on CrowdStrike's pricing page and is sold after a demo request (checked Sep 2026),Not recorded,source-checked,2026-09-25,https://www.crowdstrike.com/en-us/pricing/,,no
vulnerability-management-software,Greenbone OPENVAS,https://www.greenbone.net/en/products/,open-source,"Organisations that prefer an open-source or on-premises scanner, including those that avoid cloud-based tools, from a free community edition up to hardware or virtual appliances, as Greenbone documents for its OPENVAS products","OPENVAS BASIC, the entry-level product for small businesses, is €2,524 per year with a 14-day free trial. OPENVAS SCAN hardware and virtual appliances are quoted. The OPENVAS community edition and community feed are free (checked Sep 2026)",Per year for OPENVAS BASIC; appliances quoted,source-checked,2026-09-25,https://www.greenbone.net/en/openvas-basic/,,no
vulnerability-management-software,ManageEngine Vulnerability Manager Plus,https://www.manageengine.com/vulnerability-management/,mid-market,"IT teams that want vulnerability scanning, prioritisation, CIS compliance audits and patch deployment across Windows, macOS and Linux from one console, on-premises or in the cloud, as ManageEngine documents for Vulnerability Manager Plus","Professional starts at $695 a year on-premises for 100 computers with one technician ($2,085 perpetual), or $90 a month or $895 a year in the cloud. Enterprise starts at $1,195 a year on-premises for 100 computers ($3,585 perpetual), or $155 a month or $1,545 a year in the cloud. Servers and extra technicians are priced separately (checked Sep 2026)","Per year, perpetual or per month by computer band; servers and technicians extra",source-checked,2026-09-25,https://www.manageengine.com/vulnerability-management/pricing.html,,no
vulnerability-management-software,Microsoft Defender Vulnerability Management,https://www.microsoft.com/en-us/security/business/threat-protection/microsoft-defender-vulnerability-management,enterprise,"Organisations already running Microsoft Defender for Endpoint Plan 2 or Microsoft 365 E5 that want continuous vulnerability assessment, prioritisation and remediation tracking without another agent, as Microsoft documents","The Defender Vulnerability Management Add-on is $2.00 per user per month. It requires Microsoft Defender for Endpoint P2 or a plan that includes it, such as Microsoft 365 E5. A one-month free trial converts into a 12-month paid subscription. A standalone offer is also referenced without a listed price (checked Sep 2026)",Per user per month; 12-month subscription after trial,source-checked,2026-09-25,https://www.microsoft.com/en-us/security/business/threat-protection/microsoft-defender-vulnerability-management,https://learn.microsoft.com/en-us/defender-vulnerability-management/defender-vulnerability-management,no
vulnerability-management-software,Nucleus Security,https://nucleussec.com/,specialist,"Large organisations and public-sector agencies that need findings from many scanners and security tools unified, deduplicated, prioritised and assigned to owners, as Nucleus documents for its vulnerability and exposure management platform","No published price. Nucleus Security sells after a demo request, and nucleussec.com/pricing/ returns a 404 (checked Sep 2026)",Not recorded,source-checked,2026-09-25,,https://nucleussec.com/platform/,no
vulnerability-management-software,Qualys VMDR,https://www.qualys.com/apps/vulnerability-management-detection-response/,enterprise,"Security and IT teams that want asset inventory, vulnerability and misconfiguration detection, TruRisk prioritisation and patch deployment in one cloud platform, as Qualys documents for VMDR","Qualys lists small and mid-sized business packages starting at $2,195 for VMDR TruRisk, $2,995 for VMDR TruRisk FixIT with patch management and $4,645 for VMDR TruRisk ProtectIT with endpoint protection. The page does not state the billing unit; Qualys describes VMDR as priced per asset. Larger deployments are quoted, and a 7-day trial is offered (checked Sep 2026)",Per asset; package billing unit not stated on the page,source-checked,2026-09-25,https://www.qualys.com/forms/vmdr-trurisk/,,no
vulnerability-management-software,Rapid7 InsightVM,https://www.rapid7.com/products/insightvm/,enterprise,"Organisations that want an established network and agent scanner, including on-premises deployment, combined with external attack surface and cloud context, as Rapid7 documents for InsightVM within Exposure Command","No published price. Rapid7's InsightVM pricing path now describes InsightVM as part of Exposure Command Essentials and Ultimate, available through a guided demo, with a standalone InsightVM trial still offered (checked Sep 2026)",Not recorded,source-checked,2026-09-25,,https://www.rapid7.com/products/insightvm/pricing/,no
vulnerability-management-software,Tenable One Vulnerability Management,https://www.tenable.com/products/vulnerability-management,enterprise,"Security teams that want continuous asset discovery, Nessus-based scanning and risk-based prioritisation in a cloud console, with a path to wider exposure management, as Tenable documents for Tenable One Vulnerability Management","$3,700 for a one-year subscription covering 100 assets on Tenable's buy page, with two-year ($6,825) and three-year ($9,975) terms shown. Online purchase covers up to 250 assets; larger estates contact sales. Nessus Professional is $4,790 for a one-year licence (checked Sep 2026)",Per year by asset count; multi-year terms available,source-checked,2026-09-25,https://www.tenable.com/buy,,no
warehouse-management-systems,Blue Yonder,https://blueyonder.com/,enterprise,"Enterprise distribution operations that want warehouse management connected to labour forecasting, robotics orchestration, slotting, load building and yard management on one supply chain platform",No public price list; demo and quote on request (checked Sep 2026),Not recorded,source-checked,2026-09-19,,https://blueyonder.com/solutions/warehouse-management,no
warehouse-management-systems,Deposco,https://deposco.com/,mid-market,"Fast-growing ecommerce, DTC and omnichannel brands, and 3PLs serving them, that want WMS and order management on one platform with a client portal and planning tools",No public price list; demo and quote on request (checked Sep 2026),Not recorded,source-checked,2026-09-19,,https://pages.deposco.com/warehouse-management-software-wms-with-deposco,no
warehouse-management-systems,Extensiv 3PL Warehouse Manager,https://www.extensiv.com/,mid-market,"Third-party logistics providers that need a cloud WMS built for multi-client warehousing, with billing automation, EDI, compliance labelling and a customer portal",No public price list; demo and quote on request (checked Sep 2026),Not recorded,source-checked,2026-09-19,,https://www.extensiv.com/3pl/products/3pl-warehouse-manager,no
warehouse-management-systems,Fishbowl Advanced Warehouse,https://www.fishbowlinventory.com/,smb,"Small and mid-sized distributors on QuickBooks that run multiple warehouses, 3PL relationships or EDI-driven fulfilment and want cloud or on-premise deployment","Advanced Warehouse from $595/mo, quoted by users and deployment (checked Sep 2026)",Per month,source-checked,2026-09-19,https://www.fishbowlinventory.com/pricing,,no
warehouse-management-systems,IFS Softeon,https://www.softeon.com/,enterprise,"Operations in retail, 3PL, food and beverage, pharmaceuticals and manufacturing that want a WMS combined with a warehouse execution system and distributed order management from one vendor",No public price list; quote on request (checked Sep 2026),Not recorded,source-checked,2026-09-19,,https://www.softeon.com/solutions/wms-enablement-tools/,no
warehouse-management-systems,InfoPlus,https://www.infopluscommerce.com/,smb,"Small and mid-sized warehouses, ecommerce sellers and 3PLs that want a configurable cloud WMS with EDI, 3PL billing and an open API, and optional enterprise add-ons","No public price list; demo and quote on request, with some enterprise features billed as monthly add-ons (checked Sep 2026)",Not recorded,source-checked,2026-09-19,,https://www.infopluscommerce.com/enterprise-features,no
warehouse-management-systems,Logiwa,https://www.logiwa.com/,mid-market,"High-volume 3PLs and ecommerce brands that want a cloud WMS priced on fulfilment volume rather than seats, with unlimited users and client access","No public price list; custom quote based on fulfilment volume and complexity, with unlimited users (checked Sep 2026)",Not recorded,source-checked,2026-09-19,https://www.logiwa.com/pricing,,no
warehouse-management-systems,Manhattan Associates,https://www.manh.com/,enterprise,"Large retailers, brands and logistics providers running high-volume distribution centres with robotics, labour management and yard operations that want a cloud-native WMS on a versionless update cycle","No public price list; sold in Essentials, Enterprise and Enterprise Premier editions, by quote (checked Sep 2026)",Not recorded,source-checked,2026-09-19,,https://www.manh.com/solutions/supply-chain-management-software/warehouse-management,no
warehouse-management-systems,Packiyo,https://www.packiyo.com/,smb,"Growing 3PLs and ecommerce brands that want a multi-client WMS with native 3PL billing, branded client dashboards and a published monthly price","3PL plan $949/mo including 5 users and up to 5,000 shipments a month; Starter and Enterprise quoted (checked Sep 2026)",Per month,source-checked,2026-09-19,https://www.packiyo.com/pricing,,no
warehouse-management-systems,ShipHero,https://www.shiphero.com/,mid-market,"Ecommerce brands running their own warehouse and ecommerce-focused 3PLs that want published monthly pricing, mobile picking and built-in rate shopping","Standard WMS for Brands from $1,995/mo; WMS for 3PLs from $2,145/mo; Enterprise quoted (checked Sep 2026)",Per month,source-checked,2026-09-19,https://get.shiphero.com/ecommerce-wms/,,no
website-builders,Carrd,https://carrd.co/,smb,"Individuals and small teams that need simple one-page sites, such as landing pages, profiles or launch pages, at a very low annual cost","Building is free. Pro Lite is $9 per year for 3 sites on Carrd URLs. Pro Standard is $19 per year for 10 sites with custom domains, rising in tiers to $599 per year for 1,000 sites. Pro Plus is $49 per year for 25 sites, up to $999 per year for 1,000. Payment is by PayPal or card, renewed yearly or paid as you go (checked Sep 2026)","Per year, auto-renewing or pay as you go; priced by number of sites",source-checked,2026-09-22,https://carrd.co/pro,https://carrd.co/docs,no
website-builders,Duda,https://www.duda.co/,specialist,"Agencies, hosting companies and SaaS platforms that build and manage many client sites and need white labelling, team seats and APIs","Per account: Basic $25 per month billed monthly or $19 billed annually; Team $39 or $29; Agency $69 or $52; White Label $199 or $149; Custom by conversation. Extra published projects cost $19 per month on Basic and $17 on other plans. Annual plans are charged upfront, and a 14-day free trial is offered (checked Sep 2026)","Per account, billed monthly or annually upfront; additional published projects priced per month or per year",source-checked,2026-09-22,https://www.duda.co/pricing,,no
website-builders,Framer,https://www.framer.com/,smb,"Startups, agencies and designers who build marketing sites visually and want staging, branching and A/B testing on the same platform","Free for non-commercial use on a Framer domain. Basic is $10 per month and Pro $30 per month on yearly billing; Enterprise is custom. Additional editors are $20 per month, content editors $10, translation locales $20 each, and the Convert add-on for A/B testing is $50 per 500,000 events (checked Sep 2026)",Monthly price billed on the cycle chosen at checkout; seats and add-ons billed per month,source-checked,2026-09-22,https://www.framer.com/pricing,,no
website-builders,Hostinger Website Builder,https://www.hostinger.com/website-builder,smb,"Budget-conscious individuals and small businesses willing to prepay a multi-year term for a low monthly rate that bundles hosting, domain and email","Premium is $2.99 per month on a 48-month term ($143.52 upfront), renewing at $10.99 per month. Unlimited is $3.99 per month ($191.52 for 48 months), renewing at $16.99. Cloud Startup is $7.99 per month ($383.52), renewing at $25.99. All plans are paid upfront with a 30-day money-back guarantee (checked Sep 2026)","Paid upfront for the full term; introductory rate, then renewal at a higher published monthly rate",source-checked,2026-09-22,https://www.hostinger.com/website-builder,,no
website-builders,HubSpot Content Hub,https://www.hubspot.com/products/content,mid-market,"B2B marketing teams already using HubSpot CRM who want website pages, blogs and landing pages managed in the same system as their contacts","Free at $0. Starter starts at $20 per month per seat. Professional starts at $500 per month with three core seats included, and extra seats are $50 per month. Enterprise starts at $1,500 per month with five core seats, billed annually, and extra seats are $75 per month (checked Sep 2026)",Per seat on Starter; base price with included seats on Professional and Enterprise; Enterprise billed annually,source-checked,2026-09-22,https://www.hubspot.com/pricing/content,https://legal.hubspot.com/hubspot-product-and-services-catalog,no
website-builders,Squarespace,https://www.squarespace.com/,smb,"Creators and service businesses that want template-led design, built-in marketing tools and a single monthly price that includes hosting and bandwidth","Basic is $25 per month billed monthly or $19 per month billed annually; Core $39 or $29; Plus $65 or $49; Advanced $139 or $99. Each site starts with a 14-day free trial, and annual payment is stated to save up to 36% (checked Sep 2026)","Per site, billed monthly or annually; annual plans include one year of domain registration",source-checked,2026-09-22,https://www.squarespace.com/pricing,,no
website-builders,Webflow,https://webflow.com/,mid-market,Marketing and design teams that want visual control over layout and a structured CMS without handing every page change to a developer,"Starter is free on a webflow.io domain. Site plans are Basic at $15 per month and Premium at $25 per month, both billed yearly, per site, in USD plus tax. The Team platform plan is $2,500 per month on an annual contract, and Enterprise is quoted. Yearly billing is stated to save up to 40% (checked Sep 2026)","Per site per month, billed yearly or monthly; Team on an annual contract; Enterprise quoted",source-checked,2026-09-22,https://webflow.com/pricing,,no
website-builders,Wix,https://www.wix.com/,smb,"Small businesses that want a site plus scheduling, lead capture, events or payments from one vendor, starting from an AI-generated draft","Plans are Free, Light, Core, Business and Business Elite. The plans page states that prices and currency vary by location, that USD prices are shown for reference only, and that displayed prices are yearly subscriptions paid in full; the fetched page did not render a reliable USD figure, so none is quoted here. A 14-day money-back guarantee applies (checked Sep 2026)",Yearly subscriptions paid in full at purchase; other periods available; location-dependent pricing,source-checked,2026-09-22,https://www.wix.com/plans,,no
website-builders,WordPress.com,https://wordpress.com/,smb,"Publishers and small businesses that want hosted WordPress with access to the plugin and theme ecosystem, without running their own server","Free, then Personal at $9 per month monthly or $4 per month billed annually; Premium $18 or $8; Business $40 or $25; Commerce $70 or $45. Two- and three-year terms cost less per month. An agency tier starts at $54 per site per month, and Enterprise is by inquiry (checked Sep 2026)","Monthly, or billed every 12, 24 or 36 months; Enterprise by inquiry",source-checked,2026-09-22,https://wordpress.com/pricing/,,no
whatsapp-business-api-platforms,360dialog,https://www.360dialog.com/,specialist,"Developers, agencies and software platforms that want direct WhatsApp API access per number, or a multi-client partner setup with no message markup","WhatsApp API from €49 per number per month (Regular), €99 (Premium) and €249 (Advanced), plus Meta messaging fees; partner plans from €250 per month plus per-channel fees (checked Sep 2026)",Monthly per number; partner plans month-to-month,source-checked,2026-09-18,https://www.360dialog.com/pricing,,no
whatsapp-business-api-platforms,AiSensy,https://aisensy.com/,smb,"Indian businesses that want a free WhatsApp API connection to start, then broadcast, retargeting and click-to-WhatsApp ads tools on prepaid plans","Free Forever plan; Basic ₹1,500, Pro ₹3,200 and Premium ₹9,100 per month; Enterprise ₹45,000 per month via sales; WhatsApp message credits charged separately (checked Sep 2026)","Prepaid; monthly, quarterly (5% saving) or yearly (10% saving)",source-checked,2026-09-18,https://aisensy.com/pricing,,no
whatsapp-business-api-platforms,Bird,https://bird.com/products/whatsapp,enterprise,"Developers and operations teams that prefer one all-in per-message rate, with Meta's fee included, and no platform or seat fee","Per message delivered, Meta's fee included; to US numbers: marketing US$0.030, utility and authentication US$0.0084, service US$0.0050; no platform or seat fee (checked Sep 2026)","Usage-based, no annual commitment",source-checked,2026-09-18,https://bird.com/pricing,https://bird.com/pricing/whatsapp.md,no
whatsapp-business-api-platforms,DoubleTick,https://doubletick.io/,mid-market,"Sales-led and multi-branch businesses that need to run many WhatsApp numbers from one dashboard, with SLA tracking, governance and broadcasts","Starter, Pro and Enterprise plans billed yearly, with the displayed price set by region; the page's default plan data lists ₹3,000 and ₹4,200 per month for Starter and Pro; Enterprise custom; WhatsApp conversation charges extra (checked Sep 2026)",Billed yearly,source-checked,2026-09-18,https://doubletick.io/pricing,https://doubletick.io/conversation-cost,no
whatsapp-business-api-platforms,Gupshup,https://www.gupshup.ai/,enterprise,"High-volume senders and software vendors that want low per-message API pricing with no subscription, backed by large-scale messaging infrastructure","Self-serve API: US$0.001 Gupshup fee per template or session message, with WhatsApp fees billed at actuals; no subscription or volume commitment (checked Sep 2026)",Pay per message,source-checked,2026-09-18,https://www.gupshup.ai/isv-partners/whatsapp-api/pricing,https://www.gupshup.io/channels/self-serve/whatsapp,no
whatsapp-business-api-platforms,Interakt,https://www.interakt.shop/,smb,"Indian small businesses and D2C brands that want WhatsApp campaigns, a team inbox, catalog selling and a WhatsApp-first sales CRM with unlimited agents",Growth US$55 and Advanced US$69 per month plus taxes; Enterprise on request; per-template message charges extra (checked Sep 2026),"Monthly, quarterly (8% saving) or yearly (20% saving)",source-checked,2026-09-18,https://www.interakt.shop/pricing/,https://www.interakt.shop/whatsapp-conversation-pricing/,no
whatsapp-business-api-platforms,Respond.io,https://respond.io/,mid-market,"Sales and support teams that want an AI-assisted omnichannel inbox on the WhatsApp API, with pricing tied to the contacts they actually talk to","Starter US$99, Growth US$199 and Advanced US$349 per month billed monthly, or US$948, US$1,908 and US$3,348 per year; Enterprise custom; WhatsApp fees billed separately by Meta (checked Sep 2026)","Monthly, or yearly with a discount of up to 20%",source-checked,2026-09-18,https://respond.io/pricing,https://respond.io/whatsapp-api,no
whatsapp-business-api-platforms,Twilio,https://www.twilio.com/en-us/whatsapp,enterprise,Engineering teams that want to send and receive WhatsApp messages through the same programmable messaging APIs used for SMS and other channels,"US$0.005 Twilio fee per message, inbound or outbound, plus Meta's per-template fees passed through; US$0.001 per failed message; no subscription (checked Sep 2026)",Pay as you go,source-checked,2026-09-18,https://www.twilio.com/en-us/whatsapp/pricing,,no
whatsapp-business-api-platforms,WATI,https://www.wati.io/,smb,"Small and mid-sized businesses that want a no-code WhatsApp team inbox, broadcast campaigns and click-to-WhatsApp ads tooling on published plans","US pricing: Growth US$69, Pro US$149 and Business US$349 per month billed monthly, or US$708, US$1,428 and US$3,348 per year; message charges extra per the WATI rate card (checked Sep 2026)","Monthly, quarterly or annual subscription; prices vary by region",source-checked,2026-09-18,https://www.wati.io/pricing/,https://live-mt-server.wati.io/wati/api/v1/pricing/getPlansByGeo?countryCode=US,no
whatsapp-business-api-platforms,Zoko,https://www.zoko.io/,specialist,"Shopify brands that want WhatsApp broadcasts, catalog selling and prebuilt ecommerce automations such as COD confirmation and abandoned checkout recovery","Starter US$49.99, Plus US$79.99, Elite US$139.99 and Max US$499.99 per month; WhatsApp messages billed at the rate card, with a Zoko markup only on Starter (checked Sep 2026)","Monthly, prepaid; no contracts, cancel anytime",source-checked,2026-09-18,https://www.zoko.io/pricing,,no
whatsapp-chatbot-platforms,AiSensy,https://aisensy.com/,smb,"Indian businesses that want a drag-and-drop WhatsApp chatbot at a published rupee price, with the AI agent bought only when conversational automation is actually needed","The drag-and-drop chatbot builder is INR 2,500 per month, or INR 2,250 billed annually, and covers five chatbots, keyword, template, QR and Meta ad triggers, WhatsApp cart management, catalogue sharing and a Shopify integration. The WhatsApp AI agent builder is INR 3,500 per month, or INR 3,150 billed annually, and includes 3,500 AI messages, knowledge base question answering, long-term user memory, tool calling and API integrations. All billing is pre-paid. Conversation credits are recharged separately at INR 1.09 for marketing and INR 0.145 for utility and authentication messages to Indian users, with service conversations free. An Indian virtual number add-on is INR 2,000 plus GST per year (checked Sep 2026)","Pre-paid per month or per year for the builder, with WhatsApp conversation credits recharged separately per message",source-checked,2026-09-23,https://aisensy.com/pricing/,,no
whatsapp-chatbot-platforms,BotPenguin,https://botpenguin.com/,smb,"Small teams and agencies that need several WhatsApp chatbots at once, since the USD 99 tier removes the chatbot count limit entirely rather than metering per bot","The free forever plan covers 1,000 messages across any platform, one chatbot, large language model integration with a knowledge base, configurable bot personality and training on a website, PDFs and FAQs, with 1,000 AI-answered messages sharing the same limit. The next tier is USD 29 a month for 3,000 messages, five chatbots and five team members. The following tier is USD 99 a month for 12,000 messages, unlimited chatbots, unlimited AI agents, unlimited AI voice agents and ten team members, adding Microsoft Teams, WhatsApp flows and retraining on chat transcripts. The page states that Meta charges are passed through without markup (checked Sep 2026)",Per month against a message allowance shared between standard and AI-answered messages,source-checked,2026-09-23,https://botpenguin.com/pricing,,no
whatsapp-chatbot-platforms,Chatfuel,https://chatfuel.com/,smb,Small direct-to-consumer teams running WhatsApp alongside Instagram and Messenger that want one price for AI automation rather than a per-seat or per-contact meter,"Chatfuel Light is free and covers Instagram, Facebook and WhatsApp automations, a shared inbox, automated replies, the flow builder, contact management and templates, with no card required. AI PRO is USD 49 a month, with yearly billing stated at 29 percent below the monthly rate, adding the AI sales manager, AI knowledge base, AI-powered automations, broadcasts and re-engagement, lead qualification funnels and advanced contact tools. The page states that usage limits apply per plan and that larger limits are arranged by contacting the company (checked Sep 2026)","Per month, billed monthly or yearly, with stated per-plan usage limits",source-checked,2026-09-23,https://chatfuel.com/pricing,,no
whatsapp-chatbot-platforms,Gupshup,https://www.gupshup.io/,specialist,"Businesses sending at volume that want the platform cost to scale strictly with traffic, and that already have the engineering capacity to build against a messaging API","The self-serve plan carries no monthly subscription. Gupshup charges a standard fee of USD 0.001 per template message for outgoing text and USD 0.001 per session message for outgoing and incoming text. Media above 64 kilobytes carries no additional Gupshup fee. Voice for user-initiated and business-initiated calls is USD 0.0001 per second. WhatsApp's own fee is charged separately by message category, covering marketing, utility, authentication and international authentication, and is billed at actuals. Service conversations and inbound voice calls are free, as are conversations starting from click-to-WhatsApp Meta ads for the first 72 hours. Rates vary by country and region code (checked Sep 2026)","Per message, with no subscription on the self-serve plan and WhatsApp fees passed through at actuals",source-checked,2026-09-23,https://www.gupshup.io/pricing,,no
whatsapp-chatbot-platforms,Jio Haptik,https://www.haptik.ai/,enterprise,"Large enterprises that need one agent platform spanning WhatsApp, web chat and voice in many languages, and that have the procurement capacity to negotiate an unpublished contract","Jio Haptik publishes no pricing. The pricing URL resolves to the product page, and every commercial route on the site is a demo or contact request. The company states more than 500 enterprise customers and describes deployment across web, chat and voice with support for more than 100 languages, but attaches no figure, tier structure or billing unit to any of it (checked Sep 2026)",Not recorded. No billing unit is published,source-checked,2026-09-23,,https://www.haptik.ai/pricing,no
whatsapp-chatbot-platforms,Kommunicate,https://www.kommunicate.io/,mid-market,"Support organisations that measure workload in resolved conversations rather than messages, and that need WhatsApp alongside web, mobile app, Telegram and Instagram in the same agent","Starter is USD 40 a month billed monthly, or USD 34 billed yearly, and includes one AI agent, one team member, 250 conversations a month described as roughly 10,000 messages, web, mobile app, WhatsApp, Telegram and Instagram channels and three months of chat history, with additional conversations at USD 15 per thousand and extra agents or seats at USD 20 a month each. Professional is USD 200 a month and includes two AI agents, three team members, 2,000 conversations described as roughly 80,000 messages, Zendesk, Freshdesk and Google Analytics integrations, phone call AI, a year of chat history, auto-resolve and API access, with additional conversations at USD 10 per thousand. Enterprise is quoted (checked Sep 2026)","Per month or per year against a conversation allowance, with published per-thousand overage and per-seat add-on rates",source-checked,2026-09-23,https://www.kommunicate.io/pricing,,no
whatsapp-chatbot-platforms,Landbot,https://landbot.io/,smb,"Marketing and lifecycle teams that need the twelve-month cost of a WhatsApp flow modelled in advance, because Landbot publishes the base price, the included chat volume, the AI-chat allowance and the overage rate for every tier","Free is EUR 0 forever with one seat, 100 chats a month, no AI chats and a shared WhatsApp test number. Starter is EUR 40 a month or EUR 32 billed annually, with two seats, 500 chats and 100 AI chats. Professional is EUR 100 a month or EUR 80 billed annually, with three seats, 2,500 chats, 300 AI chats, no Landbot branding and the use of your own WhatsApp number. Business is quoted by contract. Extra chats are EUR 0.05 and extra AI chats EUR 0.10 (checked Sep 2026)","Per month, billed monthly or annually, against an included chat allowance with published per-chat overage",source-checked,2026-09-23,https://landbot.io/pricing,,no
whatsapp-chatbot-platforms,Rasayel,https://rasayel.io/,mid-market,"Sales teams running WhatsApp as a primary selling channel, where the number of representatives is the natural unit and conversation volume per representative is high","Start is USD 30 per user per month with a minimum of five team members and covers the core team inbox, the chatbot builder, API and webhooks, and Pipedrive and Zapier integrations. Grow is USD 40 per user per month with a minimum of ten team members and adds advanced automations, advanced reporting and insights, HubSpot and Salesforce integrations, and full onboarding. Enterprise is quoted and the page states it starts at USD 2,000 per month on annual terms. Annual billing is stated at 10 percent below monthly. All plans include a seven-day free trial, and the page states that WhatsApp messaging fees are paid directly to Meta (checked Sep 2026)","Per user per month, billed monthly or annually, with a stated seat minimum on each published tier",source-checked,2026-09-23,https://rasayel.io/pricing/,,no
whatsapp-chatbot-platforms,Respond.io,https://respond.io/,mid-market,"Teams whose WhatsApp traffic concentrates in repeat conversations with a known contact base, because the meter counts the contacts talked to each month rather than the messages exchanged","Starter is USD 79 a month, or USD 948 a year against a USD 1,188 list, and includes five users, 5,000 AI credits, team and custom inboxes, the mobile app, AI Prompt, AI Assist and basic reports, with extra users at USD 12 a month. Growth is USD 159 a month, or USD 1,908 a year against USD 2,388, and adds broadcasts, workflow automation, AI Agents, advanced reports, Zapier and Make integrations and the developer API, with ten users included and extras at USD 20. Advanced is USD 279 a month, or USD 3,348 a year, and adds multiple workspaces, webhooks, single sign-on and custom channels. Enterprise is quoted (checked Sep 2026)","Per month or per year by monthly active contact band, with published per-additional-user rates",source-checked,2026-09-23,https://respond.io/pricing,,no
whatsapp-chatbot-platforms,Sinch Engage,https://engage.sinch.com/,mid-market,Organisations running messaging across several locations or brands that need subaccount separation and single sign-on without moving to a negotiated enterprise contract,"Five tiers are published on the US plan view. Basics is USD 49 a month with three automations, one user and 1,000 SMS included. Conversations is USD 99 with 30 automations, two users, 3,000 SMS, access controls and shared contacts and inbox. Pro is USD 249 with unlimited automations, three users, 10,000 SMS and one subaccount. Pro Plus is USD 450 with two subaccounts, 20,000 SMS and single sign-on. Advanced is USD 799 with three subaccounts and 40,000 SMS. Annual billing is stated at 16 percent below monthly, a 14-day free trial is offered, and the page carries a country selector that changes the plan view (checked Sep 2026)","Per month or per year against a stated per-plan message allowance and user count, with message rate discounts rising by tier",source-checked,2026-09-23,https://engage.sinch.com/pricing/,,no
wholesale-ecommerce-platforms,Brandboom,https://www.brandboom.com/,smb,"Apparel, accessory and consumer brands whose wholesale selling starts from a linesheet or a seasonal presentation rather than a permanent catalogue, as the plan table documents","Basic at $50 a month billed annually covers a single brand, 25 active products and 50 active SKUs with orders, invoices, Stripe, PayPal and Shopify sync. Startup at $83 a month billed annually raises this to 150 active products and unlimited SKUs and adds external reps, buyer activity tracking, volume discounts and the mobile ordering app. Business and Enterprise are quoted, and add unlimited brands and products, API and ERP file-drop integration, future ship windows and private invite emails (checked Sep 2026)",Published monthly figures are stated as billed annually,source-checked,2026-09-23,https://www.brandboom.com/pricing,,no
wholesale-ecommerce-platforms,Elastic Suite,https://www.elasticsuite.com/,mid-market,"Brands selling through dealers and retailers where the assortment is built for each account, because the platform documents an assortment builder, custom collections with account-specific pricing and a drag-and-drop merchandising whiteboard","Quote-based: no rate card, entry tier or unit price appears on the Elastic Suite site, which routes enquiries to a demo request. No pricing page is published (checked Sep 2026)",Not recorded,source-checked,2026-09-23,,https://www.elasticsuite.com/,no
wholesale-ecommerce-platforms,JOOR,https://www.joor.com/,enterprise,"Fashion, accessory and lifestyle brands whose growth depends on reaching new retailers, because JOOR pairs wholesale order management with a searchable retailer directory and digital trade shows","Quote-based. The pricing page presents three plans, Starter for brands under $1 million in annual wholesale revenue, Pro with a dedicated client success manager, and Enterprise for additional capacity, and compares them feature by feature without publishing a figure at any tier. JOOR Pay invoicing and payment processing are listed as carrying a transaction fee, with the rate not stated. Banner advertising, studio photography services and integration work are listed as premium add-ons (checked Sep 2026)",Not recorded; the pricing page states a transaction fee on JOOR Pay without giving a rate,source-checked,2026-09-23,https://www.joor.com/pricing,,no
wholesale-ecommerce-platforms,Now Commerce,https://www.nowcommerce.com/,smb,"Small and mid-sized wholesalers running QuickBooks Desktop or Online whose order entry is manual, as the vendor's pricing page documents the integration as the basis of each module","Three modules with published standalone prices: B2B Customer Portal at $280 a month, Sales Rep Portal on tiered pricing starting at $150 a month, and Shipments Manager at $200 a month. Bundling the customer portal with the rep portal takes $100 a month off, and the same $100 discount is stated against Shipments Manager. Unlimited customers are included on the customer portal, and guided setup with a dedicated account manager plus phone and email support are stated as included (checked Sep 2026)","Stated as per month per module, with a stated $100 per month bundling discount",source-checked,2026-09-23,https://www.nowcommerce.com/pricing,,no
wholesale-ecommerce-platforms,NuORDER by Lightspeed,https://www.nuorder.com/,enterprise,"Brands selling into department stores and specialty retail whose buyers plan assortments before ordering, as the platform documents duplicate-buy detection, visual roll-ups and localised size curves on the buying side","Quote-based: no rate card, entry tier or unit price appears on the NuORDER site, which routes enquiries to a demo request. The product is sold under Lightspeed, and pricing is not published at the brand, retailer or marketplace level (checked Sep 2026)",Not recorded,source-checked,2026-09-23,,https://www.nuorder.com/,no
wholesale-ecommerce-platforms,OroCommerce,https://oroinc.com/b2b-ecommerce/,open-source,"Manufacturers, distributors and multi-brand groups that need several storefronts, complex account hierarchies and a choice of hosting, as the editions page documents a single licence across sites and channels","Two editions. Community Edition is free and downloadable. Enterprise is quoted: the vendor states the licence is aligned to gross merchandise value bands, that 25 internal admin users are included and further admin users are chargeable, and that buyer accounts, storefronts, portals, catalogue size, API calls, sales channels and transactions are not charged for. Hosting cost depends on whether OroCloud, a private cloud or on-premise is chosen. OroPay carries a transaction fee stated as within common industry ranges (checked Sep 2026)",Enterprise licence stated as scaling with GMV bands and internal admin users; hosting priced separately,source-checked,2026-09-23,https://oroinc.com/b2b-ecommerce/editions/,,no
wholesale-ecommerce-platforms,Pepperi,https://www.pepperi.com/,mid-market,"Consumer goods brands and distributors whose reps visit accounts, because Pepperi documents route planning, in-store activity tracking and offline mobile ordering beside the B2B storefront","Quote-based. The pepperi.com/pricing/ URL returns 404 and no rate card, entry tier or unit price appears elsewhere on the site, so the tier structure is not publicly checkable. Enquiries route to a pricing request (checked Sep 2026)",Not recorded,source-checked,2026-09-23,,https://www.pepperi.com/,no
wholesale-ecommerce-platforms,SparkLayer,https://www.sparklayer.io/,smb,"Brands already running a Shopify storefront that want wholesale ordering, buyer-specific price lists and sales agent ordering on the same store, as the SparkLayer pricing page documents","Published plan ladder: Basic free at 5 B2B orders a month, Starter $49 a month at 50 orders, Growth $149 a month at 100 orders, Pro $299 a month, and Enterprise from $499 a month. Every paid plan carries a 14-day free trial. The meter is B2B orders processed through SparkLayer per month, not revenue (checked Sep 2026)","Stated as per month, with a 14-day free trial on every paid plan",source-checked,2026-09-23,https://www.sparklayer.io/pricing/,,no
wholesale-ecommerce-platforms,Turis,https://turis.app/,smb,"Brands whose orders arrive through more than one route, because Turis prices and sells the branded portal, the emailed-order reader and the EDI connection as three independent channels","Three published ladders. B2B Storefront runs from EUR 299 a month up to EUR 1,499 a month by monthly order value through the storefront, with above EUR 1 million quoted. Vision, which reads emailed orders, runs from EUR 199 a month for up to 100 orders at EUR 1.99 each down to EUR 0.75 each at 2,000 orders. Turnkey EDI is from EUR 200 a month per retail partner plus a one-off EUR 200 per partner for registration and the chain's test cycle. The vendor states no setup fee, no sales commission, no per-user charge and a 12 month term (checked Sep 2026)","Stated as per month on a 12 month term, with a 14-day trial covering everything except turnkey EDI",source-checked,2026-09-23,https://turis.app/pricing/,,no
wholesale-ecommerce-platforms,Zoey,https://www.zoey.com/,mid-market,"Wholesale sellers whose reps take orders in person as well as online, because Zoey's plan table documents a storefront and a native mobile app with the higher tiers including both","Published starting figures: Starter from $600 a month and Pro from $2,200 a month, with a Plus tier between them and Enterprise on contact. The pricing page states no revenue-based fees and no payment processing fees on sales orders, and a 6 percent saving for prepaying an annual contract. Plans differ by staff licences, included accounts and whether the storefront, the mobile app or both are included; extra licences are listed at $75 or $50 each depending on tier (checked Sep 2026)","Stated as per month, with a 6 percent saving on annual contract prepayment",source-checked,2026-09-23,https://www.zoey.com/pricing/,,no
yard-management-software,C3 Solutions,https://www.c3solutions.com/,mid-market,"Large retail, parcel and distribution yards running several shunters and high trailer counts, where the problem is automated task assignment rather than visibility alone","No rate card published; C3 Yard is quoted after a demo or expert consultation, and the vendor publishes a return-on-investment calculator in place of a rate card (checked Sep 2026)",Not recorded,source-checked,2026-09-20,,https://www.c3solutions.com/yard-management/,no
yard-management-software,Conduit,https://www.helloconduit.com/,mid-market,"Shippers and 3PLs that want dock scheduling, driver check-in and yard management bought as separate modules on a single login","Quote-based: the vendor publishes no rate card and no pricing page, and describes the commercial model as modular, each module bought as it is needed (checked Sep 2026)",Not recorded,source-checked,2026-09-20,,https://www.helloconduit.com/yard-management,no
yard-management-software,FourKites,https://www.fourkites.com/platform/yard-management/,enterprise,Large shippers already using real-time transportation visibility that want trailer ETAs and network data driving yard prioritisation rather than a standalone yard record,"No rate card published; the vendor's help centre documents Dynamic Yard as a paid product arranged through a customer success manager, quoted per deployment (checked Sep 2026)",Not recorded,source-checked,2026-09-20,,https://www.fourkites.com/platform/yardworks/,no
yard-management-software,Goramp,https://www.goramp.com/,mid-market,Mid-size European shippers and manufacturers that want dock scheduling and yard management on one subscription and need a published entry price,"Goramp's own site publishes a starting figure of $175 a month with a free trial, states that price scales with docks, facilities and modules, and states that the full yard suite sits at a higher, unpublished tier (checked Sep 2026)","Subscription scaling with docks, facilities and modules; entry figure published as a monthly rate with a free trial",source-checked,2026-09-20,https://www.goramp.com/blog/best-dock-scheduling-software,,no
yard-management-software,Opendock,https://www.opendock.com/,mid-market,North American distribution centres whose carrier base already books through Opendock and that want gate and yard control added to that scheduling platform,"No rate card published; the site routes warehouse buyers to a demo request form, and carrier, broker and dispatcher portal access is marketed as free (checked Sep 2026)",Not recorded,source-checked,2026-09-20,,https://www.opendock.com/en/,no
yard-management-software,SAP Yard Logistics,https://www.sap.com/products/scm/yard-logistics.html,enterprise,"SAP S/4HANA operators running truck, container and rail yards that need yard execution and internal billing inside the existing ERP rather than a third-party system","Price upon request; the published model bills by document per year in blocks of 5,000, counting every check-in and check-out posting per transportation unit, minimum three blocks, contract 3 to 60 months (checked Sep 2026)","Billed by document per year in blocks of 5,000 documents, minimum three blocks; contract duration between 3 and 60 months with auto-renewal and stated prerequisites",source-checked,2026-09-20,https://www.sap.com/products/scm/yard-logistics.html,,no
yard-management-software,Terminal Industries,https://terminal-industries.com/,specialist,"Operators whose main yard cost is gate labour and check-in time, and who want computer vision applied to one process before committing to a full yard system","No rate card published; the platform is quoted after a demo request, with the vendor stating a buyer can start with a single application at low cost and expand (checked Sep 2026)",Not recorded,source-checked,2026-09-20,,https://terminal-industries.com/what-is-terminal-yos,no
yard-management-software,Vector,https://www.withvector.com/,mid-market,High-volume distribution centres where paperwork is the bottleneck and the yard system must carry electronic bills of lading as well as trailer positions,No rate card published; the platform is quoted after a demo request (checked Sep 2026),Not recorded,source-checked,2026-09-20,,https://www.withvector.com/yard-management,no
yard-management-software,Yard Management Solutions,https://yardmanagementsoftware.com/,mid-market,"Multi-site operators in cold chain, manufacturing and 3PL that want a purpose-built yard system with short training time and no adjacent transport modules","No rate card published; the product is quoted after a demo request, and the vendor publishes customer-attributed savings figures in place of a price (checked Sep 2026)",Not recorded,source-checked,2026-09-20,,https://yardmanagementsoftware.com/,no
yard-management-software,YardView,https://www.yardview.com/,mid-market,"Logistics teams that want a long-established cloud yard system covering yard, dock scheduling and compliance records without buying a wider supply chain suite",No rate card published; the platform is quoted after a personalised demo request (checked Sep 2026),Not recorded,source-checked,2026-09-20,,https://www.yardview.com/,no
